ISO-10303-21;
HEADER;
FILE_DESCRIPTION(('KiCad electronic assembly'),'2;1');
FILE_NAME('winder_led.step','2025-10-26T21:55:15',('Pcbnew'),('Kicad'),
  'Open CASCADE STEP processor 7.8','KiCad to STEP converter','Unknown'
  );
FILE_SCHEMA(('AUTOMOTIVE_DESIGN { 1 0 10303 214 1 1 1 1 }'));
ENDSEC;
DATA;
#1 = APPLICATION_PROTOCOL_DEFINITION('international standard',
  'automotive_design',2000,#2);
#2 = APPLICATION_CONTEXT(
  'core data for automotive mechanical design processes');
#3 = SHAPE_DEFINITION_REPRESENTATION(#4,#10);
#4 = PRODUCT_DEFINITION_SHAPE('','',#5);
#5 = PRODUCT_DEFINITION('design','',#6,#9);
#6 = PRODUCT_DEFINITION_FORMATION('','',#7);
#7 = PRODUCT('winder_led 1','winder_led 1','',(#8));
#8 = PRODUCT_CONTEXT('',#2,'mechanical');
#9 = PRODUCT_DEFINITION_CONTEXT('part definition',#2,'design');
#10 = SHAPE_REPRESENTATION('',(#11,#15,#19,#23,#27,#31,#35,#39,#43,#47,
    #51,#55),#59);
#11 = AXIS2_PLACEMENT_3D('',#12,#13,#14);
#12 = CARTESIAN_POINT('',(0.,0.,0.));
#13 = DIRECTION('',(0.,0.,1.));
#14 = DIRECTION('',(1.,0.,-0.));
#15 = AXIS2_PLACEMENT_3D('',#16,#17,#18);
#16 = CARTESIAN_POINT('',(120.,-67.25,1.595));
#17 = DIRECTION('',(0.,0.,1.));
#18 = DIRECTION('',(1.,0.,0.));
#19 = AXIS2_PLACEMENT_3D('',#20,#21,#22);
#20 = CARTESIAN_POINT('',(103.75,-71.75,1.595));
#21 = DIRECTION('',(0.,0.,1.));
#22 = DIRECTION('',(1.,0.,0.));
#23 = AXIS2_PLACEMENT_3D('',#24,#25,#26);
#24 = CARTESIAN_POINT('',(110.,-67.25,1.595));
#25 = DIRECTION('',(0.,0.,1.));
#26 = DIRECTION('',(-1.,1.224646799147E-16,0.));
#27 = AXIS2_PLACEMENT_3D('',#28,#29,#30);
#28 = CARTESIAN_POINT('',(126.25,-71.75,1.595));
#29 = DIRECTION('',(0.,0.,1.));
#30 = DIRECTION('',(-1.,1.224646799147E-16,0.));
#31 = AXIS2_PLACEMENT_3D('',#32,#33,#34);
#32 = CARTESIAN_POINT('',(118.,-62.,-8.5E-02));
#33 = DIRECTION('',(1.224646799147E-16,-1.359631073447E-32,-1.));
#34 = DIRECTION('',(1.110223024625E-16,1.,0.));
#35 = AXIS2_PLACEMENT_3D('',#36,#37,#38);
#36 = CARTESIAN_POINT('',(0.,0.,0.));
#37 = DIRECTION('',(0.,0.,1.));
#38 = DIRECTION('',(1.,0.,-0.));
#39 = AXIS2_PLACEMENT_3D('',#40,#41,#42);
#40 = CARTESIAN_POINT('',(0.,0.,0.));
#41 = DIRECTION('',(0.,0.,1.));
#42 = DIRECTION('',(1.,0.,-0.));
#43 = AXIS2_PLACEMENT_3D('',#44,#45,#46);
#44 = CARTESIAN_POINT('',(0.,0.,0.));
#45 = DIRECTION('',(0.,0.,1.));
#46 = DIRECTION('',(1.,0.,-0.));
#47 = AXIS2_PLACEMENT_3D('',#48,#49,#50);
#48 = CARTESIAN_POINT('',(0.,0.,0.));
#49 = DIRECTION('',(0.,0.,1.));
#50 = DIRECTION('',(1.,0.,-0.));
#51 = AXIS2_PLACEMENT_3D('',#52,#53,#54);
#52 = CARTESIAN_POINT('',(0.,0.,0.));
#53 = DIRECTION('',(0.,0.,1.));
#54 = DIRECTION('',(1.,0.,-0.));
#55 = AXIS2_PLACEMENT_3D('',#56,#57,#58);
#56 = CARTESIAN_POINT('',(0.,0.,0.));
#57 = DIRECTION('',(0.,0.,1.));
#58 = DIRECTION('',(1.,0.,-0.));
#59 = ( GEOMETRIC_REPRESENTATION_CONTEXT(3) 
GLOBAL_UNCERTAINTY_ASSIGNED_CONTEXT((#63)) GLOBAL_UNIT_ASSIGNED_CONTEXT(
(#60,#61,#62)) REPRESENTATION_CONTEXT('Context #1',
  '3D Context with UNIT and UNCERTAINTY') );
#60 = ( LENGTH_UNIT() NAMED_UNIT(*) SI_UNIT(.MILLI.,.METRE.) );
#61 = ( NAMED_UNIT(*) PLANE_ANGLE_UNIT() SI_UNIT($,.RADIAN.) );
#62 = ( NAMED_UNIT(*) SI_UNIT($,.STERADIAN.) SOLID_ANGLE_UNIT() );
#63 = UNCERTAINTY_MEASURE_WITH_UNIT(LENGTH_MEASURE(1.E-07),#60,
  'distance_accuracy_value','confusion accuracy');
#64 = PRODUCT_RELATED_PRODUCT_CATEGORY('part',$,(#7));
#65 = SHAPE_DEFINITION_REPRESENTATION(#66,#72);
#66 = PRODUCT_DEFINITION_SHAPE('','',#67);
#67 = PRODUCT_DEFINITION('design','',#68,#71);
#68 = PRODUCT_DEFINITION_FORMATION('','',#69);
#69 = PRODUCT('R_2010_5025Metric','R_2010_5025Metric','',(#70));
#70 = PRODUCT_CONTEXT('',#2,'mechanical');
#71 = PRODUCT_DEFINITION_CONTEXT('part definition',#2,'design');
#72 = ADVANCED_BREP_SHAPE_REPRESENTATION('',(#11,#73),#863);
#73 = MANIFOLD_SOLID_BREP('',#74);
#74 = CLOSED_SHELL('',(#75,#115,#198,#223,#248,#315,#332,#349,#398,#415,
    #432,#481,#498,#567,#598,#622,#691,#715,#732,#749,#766,#783,#800,
    #817,#834,#851));
#75 = ADVANCED_FACE('',(#76),#110,.F.);
#76 = FACE_BOUND('',#77,.F.);
#77 = EDGE_LOOP('',(#78,#88,#96,#104));
#78 = ORIENTED_EDGE('',*,*,#79,.F.);
#79 = EDGE_CURVE('',#80,#82,#84,.T.);
#80 = VERTEX_POINT('',#81);
#81 = CARTESIAN_POINT('',(-2.5,-1.25,6.E-02));
#82 = VERTEX_POINT('',#83);
#83 = CARTESIAN_POINT('',(-2.5,-1.25,0.54));
#84 = LINE('',#85,#86);
#85 = CARTESIAN_POINT('',(-2.5,-1.25,0.));
#86 = VECTOR('',#87,1.);
#87 = DIRECTION('',(0.,0.,1.));
#88 = ORIENTED_EDGE('',*,*,#89,.T.);
#89 = EDGE_CURVE('',#80,#90,#92,.T.);
#90 = VERTEX_POINT('',#91);
#91 = CARTESIAN_POINT('',(-2.5,1.25,6.E-02));
#92 = LINE('',#93,#94);
#93 = CARTESIAN_POINT('',(-2.5,-1.25,6.E-02));
#94 = VECTOR('',#95,1.);
#95 = DIRECTION('',(0.,1.,0.));
#96 = ORIENTED_EDGE('',*,*,#97,.T.);
#97 = EDGE_CURVE('',#90,#98,#100,.T.);
#98 = VERTEX_POINT('',#99);
#99 = CARTESIAN_POINT('',(-2.5,1.25,0.54));
#100 = LINE('',#101,#102);
#101 = CARTESIAN_POINT('',(-2.5,1.25,0.));
#102 = VECTOR('',#103,1.);
#103 = DIRECTION('',(0.,0.,1.));
#104 = ORIENTED_EDGE('',*,*,#105,.F.);
#105 = EDGE_CURVE('',#82,#98,#106,.T.);
#106 = LINE('',#107,#108);
#107 = CARTESIAN_POINT('',(-2.5,-1.25,0.54));
#108 = VECTOR('',#109,1.);
#109 = DIRECTION('',(0.,1.,0.));
#110 = PLANE('',#111);
#111 = AXIS2_PLACEMENT_3D('',#112,#113,#114);
#112 = CARTESIAN_POINT('',(-2.5,-1.25,0.));
#113 = DIRECTION('',(1.,0.,0.));
#114 = DIRECTION('',(0.,0.,1.));
#115 = ADVANCED_FACE('',(#116),#193,.F.);
#116 = FACE_BOUND('',#117,.F.);
#117 = EDGE_LOOP('',(#118,#128,#135,#136,#145,#153,#162,#170,#178,#186)
  );
#118 = ORIENTED_EDGE('',*,*,#119,.F.);
#119 = EDGE_CURVE('',#120,#122,#124,.T.);
#120 = VERTEX_POINT('',#121);
#121 = CARTESIAN_POINT('',(-2.44,-1.25,0.));
#122 = VERTEX_POINT('',#123);
#123 = CARTESIAN_POINT('',(-1.96,-1.25,0.));
#124 = LINE('',#125,#126);
#125 = CARTESIAN_POINT('',(-2.5,-1.25,0.));
#126 = VECTOR('',#127,1.);
#127 = DIRECTION('',(1.,0.,0.));
#128 = ORIENTED_EDGE('',*,*,#129,.F.);
#129 = EDGE_CURVE('',#80,#120,#130,.T.);
#130 = CIRCLE('',#131,6.E-02);
#131 = AXIS2_PLACEMENT_3D('',#132,#133,#134);
#132 = CARTESIAN_POINT('',(-2.44,-1.25,6.E-02));
#133 = DIRECTION('',(0.,-1.,0.));
#134 = DIRECTION('',(0.,0.,1.));
#135 = ORIENTED_EDGE('',*,*,#79,.T.);
#136 = ORIENTED_EDGE('',*,*,#137,.T.);
#137 = EDGE_CURVE('',#82,#138,#140,.T.);
#138 = VERTEX_POINT('',#139);
#139 = CARTESIAN_POINT('',(-2.44,-1.25,0.6));
#140 = CIRCLE('',#141,6.E-02);
#141 = AXIS2_PLACEMENT_3D('',#142,#143,#144);
#142 = CARTESIAN_POINT('',(-2.44,-1.25,0.54));
#143 = DIRECTION('',(0.,1.,0.));
#144 = DIRECTION('',(0.,-0.,1.));
#145 = ORIENTED_EDGE('',*,*,#146,.T.);
#146 = EDGE_CURVE('',#138,#147,#149,.T.);
#147 = VERTEX_POINT('',#148);
#148 = CARTESIAN_POINT('',(-1.96,-1.25,0.6));
#149 = LINE('',#150,#151);
#150 = CARTESIAN_POINT('',(-2.5,-1.25,0.6));
#151 = VECTOR('',#152,1.);
#152 = DIRECTION('',(1.,0.,0.));
#153 = ORIENTED_EDGE('',*,*,#154,.F.);
#154 = EDGE_CURVE('',#155,#147,#157,.T.);
#155 = VERTEX_POINT('',#156);
#156 = CARTESIAN_POINT('',(-1.9,-1.25,0.54));
#157 = CIRCLE('',#158,6.E-02);
#158 = AXIS2_PLACEMENT_3D('',#159,#160,#161);
#159 = CARTESIAN_POINT('',(-1.96,-1.25,0.54));
#160 = DIRECTION('',(0.,-1.,0.));
#161 = DIRECTION('',(0.,0.,1.));
#162 = ORIENTED_EDGE('',*,*,#163,.F.);
#163 = EDGE_CURVE('',#164,#155,#166,.T.);
#164 = VERTEX_POINT('',#165);
#165 = CARTESIAN_POINT('',(-2.44,-1.25,0.54));
#166 = LINE('',#167,#168);
#167 = CARTESIAN_POINT('',(-2.44,-1.25,0.54));
#168 = VECTOR('',#169,1.);
#169 = DIRECTION('',(1.,0.,0.));
#170 = ORIENTED_EDGE('',*,*,#171,.F.);
#171 = EDGE_CURVE('',#172,#164,#174,.T.);
#172 = VERTEX_POINT('',#173);
#173 = CARTESIAN_POINT('',(-2.44,-1.25,6.E-02));
#174 = LINE('',#175,#176);
#175 = CARTESIAN_POINT('',(-2.44,-1.25,6.E-02));
#176 = VECTOR('',#177,1.);
#177 = DIRECTION('',(0.,0.,1.));
#178 = ORIENTED_EDGE('',*,*,#179,.T.);
#179 = EDGE_CURVE('',#172,#180,#182,.T.);
#180 = VERTEX_POINT('',#181);
#181 = CARTESIAN_POINT('',(-1.9,-1.25,6.E-02));
#182 = LINE('',#183,#184);
#183 = CARTESIAN_POINT('',(-2.44,-1.25,6.E-02));
#184 = VECTOR('',#185,1.);
#185 = DIRECTION('',(1.,0.,0.));
#186 = ORIENTED_EDGE('',*,*,#187,.T.);
#187 = EDGE_CURVE('',#180,#122,#188,.T.);
#188 = CIRCLE('',#189,6.E-02);
#189 = AXIS2_PLACEMENT_3D('',#190,#191,#192);
#190 = CARTESIAN_POINT('',(-1.96,-1.25,6.E-02));
#191 = DIRECTION('',(0.,1.,0.));
#192 = DIRECTION('',(0.,-0.,1.));
#193 = PLANE('',#194);
#194 = AXIS2_PLACEMENT_3D('',#195,#196,#197);
#195 = CARTESIAN_POINT('',(-2.5,-1.25,0.));
#196 = DIRECTION('',(0.,1.,0.));
#197 = DIRECTION('',(0.,-0.,1.));
#198 = ADVANCED_FACE('',(#199),#218,.T.);
#199 = FACE_BOUND('',#200,.T.);
#200 = EDGE_LOOP('',(#201,#202,#211,#217));
#201 = ORIENTED_EDGE('',*,*,#89,.T.);
#202 = ORIENTED_EDGE('',*,*,#203,.T.);
#203 = EDGE_CURVE('',#90,#204,#206,.T.);
#204 = VERTEX_POINT('',#205);
#205 = CARTESIAN_POINT('',(-2.44,1.25,0.));
#206 = CIRCLE('',#207,6.E-02);
#207 = AXIS2_PLACEMENT_3D('',#208,#209,#210);
#208 = CARTESIAN_POINT('',(-2.44,1.25,6.E-02));
#209 = DIRECTION('',(0.,-1.,0.));
#210 = DIRECTION('',(0.,0.,1.));
#211 = ORIENTED_EDGE('',*,*,#212,.F.);
#212 = EDGE_CURVE('',#120,#204,#213,.T.);
#213 = LINE('',#214,#215);
#214 = CARTESIAN_POINT('',(-2.44,-1.25,0.));
#215 = VECTOR('',#216,1.);
#216 = DIRECTION('',(0.,1.,0.));
#217 = ORIENTED_EDGE('',*,*,#129,.F.);
#218 = CYLINDRICAL_SURFACE('',#219,6.E-02);
#219 = AXIS2_PLACEMENT_3D('',#220,#221,#222);
#220 = CARTESIAN_POINT('',(-2.44,-1.25,6.E-02));
#221 = DIRECTION('',(0.,1.,0.));
#222 = DIRECTION('',(-1.,0.,0.));
#223 = ADVANCED_FACE('',(#224),#243,.T.);
#224 = FACE_BOUND('',#225,.T.);
#225 = EDGE_LOOP('',(#226,#227,#235,#242));
#226 = ORIENTED_EDGE('',*,*,#137,.T.);
#227 = ORIENTED_EDGE('',*,*,#228,.T.);
#228 = EDGE_CURVE('',#138,#229,#231,.T.);
#229 = VERTEX_POINT('',#230);
#230 = CARTESIAN_POINT('',(-2.44,1.25,0.6));
#231 = LINE('',#232,#233);
#232 = CARTESIAN_POINT('',(-2.44,-1.25,0.6));
#233 = VECTOR('',#234,1.);
#234 = DIRECTION('',(0.,1.,0.));
#235 = ORIENTED_EDGE('',*,*,#236,.F.);
#236 = EDGE_CURVE('',#98,#229,#237,.T.);
#237 = CIRCLE('',#238,6.E-02);
#238 = AXIS2_PLACEMENT_3D('',#239,#240,#241);
#239 = CARTESIAN_POINT('',(-2.44,1.25,0.54));
#240 = DIRECTION('',(0.,1.,0.));
#241 = DIRECTION('',(0.,-0.,1.));
#242 = ORIENTED_EDGE('',*,*,#105,.F.);
#243 = CYLINDRICAL_SURFACE('',#244,6.E-02);
#244 = AXIS2_PLACEMENT_3D('',#245,#246,#247);
#245 = CARTESIAN_POINT('',(-2.44,-1.25,0.54));
#246 = DIRECTION('',(0.,1.,0.));
#247 = DIRECTION('',(-1.,0.,0.));
#248 = ADVANCED_FACE('',(#249),#310,.T.);
#249 = FACE_BOUND('',#250,.T.);
#250 = EDGE_LOOP('',(#251,#259,#260,#261,#262,#270,#279,#287,#295,#303)
  );
#251 = ORIENTED_EDGE('',*,*,#252,.F.);
#252 = EDGE_CURVE('',#204,#253,#255,.T.);
#253 = VERTEX_POINT('',#254);
#254 = CARTESIAN_POINT('',(-1.96,1.25,0.));
#255 = LINE('',#256,#257);
#256 = CARTESIAN_POINT('',(-2.5,1.25,0.));
#257 = VECTOR('',#258,1.);
#258 = DIRECTION('',(1.,0.,0.));
#259 = ORIENTED_EDGE('',*,*,#203,.F.);
#260 = ORIENTED_EDGE('',*,*,#97,.T.);
#261 = ORIENTED_EDGE('',*,*,#236,.T.);
#262 = ORIENTED_EDGE('',*,*,#263,.T.);
#263 = EDGE_CURVE('',#229,#264,#266,.T.);
#264 = VERTEX_POINT('',#265);
#265 = CARTESIAN_POINT('',(-1.96,1.25,0.6));
#266 = LINE('',#267,#268);
#267 = CARTESIAN_POINT('',(-2.5,1.25,0.6));
#268 = VECTOR('',#269,1.);
#269 = DIRECTION('',(1.,0.,0.));
#270 = ORIENTED_EDGE('',*,*,#271,.F.);
#271 = EDGE_CURVE('',#272,#264,#274,.T.);
#272 = VERTEX_POINT('',#273);
#273 = CARTESIAN_POINT('',(-1.9,1.25,0.54));
#274 = CIRCLE('',#275,6.E-02);
#275 = AXIS2_PLACEMENT_3D('',#276,#277,#278);
#276 = CARTESIAN_POINT('',(-1.96,1.25,0.54));
#277 = DIRECTION('',(0.,-1.,0.));
#278 = DIRECTION('',(0.,0.,1.));
#279 = ORIENTED_EDGE('',*,*,#280,.F.);
#280 = EDGE_CURVE('',#281,#272,#283,.T.);
#281 = VERTEX_POINT('',#282);
#282 = CARTESIAN_POINT('',(-2.44,1.25,0.54));
#283 = LINE('',#284,#285);
#284 = CARTESIAN_POINT('',(-2.44,1.25,0.54));
#285 = VECTOR('',#286,1.);
#286 = DIRECTION('',(1.,0.,0.));
#287 = ORIENTED_EDGE('',*,*,#288,.F.);
#288 = EDGE_CURVE('',#289,#281,#291,.T.);
#289 = VERTEX_POINT('',#290);
#290 = CARTESIAN_POINT('',(-2.44,1.25,6.E-02));
#291 = LINE('',#292,#293);
#292 = CARTESIAN_POINT('',(-2.44,1.25,6.E-02));
#293 = VECTOR('',#294,1.);
#294 = DIRECTION('',(0.,0.,1.));
#295 = ORIENTED_EDGE('',*,*,#296,.T.);
#296 = EDGE_CURVE('',#289,#297,#299,.T.);
#297 = VERTEX_POINT('',#298);
#298 = CARTESIAN_POINT('',(-1.9,1.25,6.E-02));
#299 = LINE('',#300,#301);
#300 = CARTESIAN_POINT('',(-2.44,1.25,6.E-02));
#301 = VECTOR('',#302,1.);
#302 = DIRECTION('',(1.,0.,0.));
#303 = ORIENTED_EDGE('',*,*,#304,.T.);
#304 = EDGE_CURVE('',#297,#253,#305,.T.);
#305 = CIRCLE('',#306,6.E-02);
#306 = AXIS2_PLACEMENT_3D('',#307,#308,#309);
#307 = CARTESIAN_POINT('',(-1.96,1.25,6.E-02));
#308 = DIRECTION('',(0.,1.,0.));
#309 = DIRECTION('',(0.,-0.,1.));
#310 = PLANE('',#311);
#311 = AXIS2_PLACEMENT_3D('',#312,#313,#314);
#312 = CARTESIAN_POINT('',(-2.5,1.25,0.));
#313 = DIRECTION('',(0.,1.,0.));
#314 = DIRECTION('',(0.,-0.,1.));
#315 = ADVANCED_FACE('',(#316),#327,.F.);
#316 = FACE_BOUND('',#317,.F.);
#317 = EDGE_LOOP('',(#318,#319,#320,#321));
#318 = ORIENTED_EDGE('',*,*,#252,.F.);
#319 = ORIENTED_EDGE('',*,*,#212,.F.);
#320 = ORIENTED_EDGE('',*,*,#119,.T.);
#321 = ORIENTED_EDGE('',*,*,#322,.T.);
#322 = EDGE_CURVE('',#122,#253,#323,.T.);
#323 = LINE('',#324,#325);
#324 = CARTESIAN_POINT('',(-1.96,-1.25,0.));
#325 = VECTOR('',#326,1.);
#326 = DIRECTION('',(0.,1.,0.));
#327 = PLANE('',#328);
#328 = AXIS2_PLACEMENT_3D('',#329,#330,#331);
#329 = CARTESIAN_POINT('',(-2.5,-1.25,0.));
#330 = DIRECTION('',(0.,0.,1.));
#331 = DIRECTION('',(1.,0.,-0.));
#332 = ADVANCED_FACE('',(#333),#344,.T.);
#333 = FACE_BOUND('',#334,.T.);
#334 = EDGE_LOOP('',(#335,#336,#337,#338));
#335 = ORIENTED_EDGE('',*,*,#187,.T.);
#336 = ORIENTED_EDGE('',*,*,#322,.T.);
#337 = ORIENTED_EDGE('',*,*,#304,.F.);
#338 = ORIENTED_EDGE('',*,*,#339,.F.);
#339 = EDGE_CURVE('',#180,#297,#340,.T.);
#340 = LINE('',#341,#342);
#341 = CARTESIAN_POINT('',(-1.9,-1.25,6.E-02));
#342 = VECTOR('',#343,1.);
#343 = DIRECTION('',(0.,1.,0.));
#344 = CYLINDRICAL_SURFACE('',#345,6.E-02);
#345 = AXIS2_PLACEMENT_3D('',#346,#347,#348);
#346 = CARTESIAN_POINT('',(-1.96,-1.25,6.E-02));
#347 = DIRECTION('',(0.,1.,0.));
#348 = DIRECTION('',(1.,0.,0.));
#349 = ADVANCED_FACE('',(#350),#393,.F.);
#350 = FACE_BOUND('',#351,.F.);
#351 = EDGE_LOOP('',(#352,#353,#354,#355,#363,#371,#379,#387));
#352 = ORIENTED_EDGE('',*,*,#179,.F.);
#353 = ORIENTED_EDGE('',*,*,#171,.T.);
#354 = ORIENTED_EDGE('',*,*,#163,.T.);
#355 = ORIENTED_EDGE('',*,*,#356,.T.);
#356 = EDGE_CURVE('',#155,#357,#359,.T.);
#357 = VERTEX_POINT('',#358);
#358 = CARTESIAN_POINT('',(1.9,-1.25,0.54));
#359 = LINE('',#360,#361);
#360 = CARTESIAN_POINT('',(-1.9,-1.25,0.54));
#361 = VECTOR('',#362,1.);
#362 = DIRECTION('',(1.,0.,0.));
#363 = ORIENTED_EDGE('',*,*,#364,.T.);
#364 = EDGE_CURVE('',#357,#365,#367,.T.);
#365 = VERTEX_POINT('',#366);
#366 = CARTESIAN_POINT('',(2.44,-1.25,0.54));
#367 = LINE('',#368,#369);
#368 = CARTESIAN_POINT('',(-2.44,-1.25,0.54));
#369 = VECTOR('',#370,1.);
#370 = DIRECTION('',(1.,0.,0.));
#371 = ORIENTED_EDGE('',*,*,#372,.F.);
#372 = EDGE_CURVE('',#373,#365,#375,.T.);
#373 = VERTEX_POINT('',#374);
#374 = CARTESIAN_POINT('',(2.44,-1.25,6.E-02));
#375 = LINE('',#376,#377);
#376 = CARTESIAN_POINT('',(2.44,-1.25,6.E-02));
#377 = VECTOR('',#378,1.);
#378 = DIRECTION('',(0.,0.,1.));
#379 = ORIENTED_EDGE('',*,*,#380,.F.);
#380 = EDGE_CURVE('',#381,#373,#383,.T.);
#381 = VERTEX_POINT('',#382);
#382 = CARTESIAN_POINT('',(1.9,-1.25,6.E-02));
#383 = LINE('',#384,#385);
#384 = CARTESIAN_POINT('',(-2.44,-1.25,6.E-02));
#385 = VECTOR('',#386,1.);
#386 = DIRECTION('',(1.,0.,0.));
#387 = ORIENTED_EDGE('',*,*,#388,.F.);
#388 = EDGE_CURVE('',#180,#381,#389,.T.);
#389 = LINE('',#390,#391);
#390 = CARTESIAN_POINT('',(-2.44,-1.25,6.E-02));
#391 = VECTOR('',#392,1.);
#392 = DIRECTION('',(1.,0.,0.));
#393 = PLANE('',#394);
#394 = AXIS2_PLACEMENT_3D('',#395,#396,#397);
#395 = CARTESIAN_POINT('',(-2.44,-1.25,6.E-02));
#396 = DIRECTION('',(0.,1.,0.));
#397 = DIRECTION('',(0.,-0.,1.));
#398 = ADVANCED_FACE('',(#399),#410,.T.);
#399 = FACE_BOUND('',#400,.T.);
#400 = EDGE_LOOP('',(#401,#402,#403,#404));
#401 = ORIENTED_EDGE('',*,*,#263,.F.);
#402 = ORIENTED_EDGE('',*,*,#228,.F.);
#403 = ORIENTED_EDGE('',*,*,#146,.T.);
#404 = ORIENTED_EDGE('',*,*,#405,.T.);
#405 = EDGE_CURVE('',#147,#264,#406,.T.);
#406 = LINE('',#407,#408);
#407 = CARTESIAN_POINT('',(-1.96,-1.25,0.6));
#408 = VECTOR('',#409,1.);
#409 = DIRECTION('',(0.,1.,0.));
#410 = PLANE('',#411);
#411 = AXIS2_PLACEMENT_3D('',#412,#413,#414);
#412 = CARTESIAN_POINT('',(-2.5,-1.25,0.6));
#413 = DIRECTION('',(0.,0.,1.));
#414 = DIRECTION('',(1.,0.,-0.));
#415 = ADVANCED_FACE('',(#416),#427,.T.);
#416 = FACE_BOUND('',#417,.T.);
#417 = EDGE_LOOP('',(#418,#424,#425,#426));
#418 = ORIENTED_EDGE('',*,*,#419,.T.);
#419 = EDGE_CURVE('',#155,#272,#420,.T.);
#420 = LINE('',#421,#422);
#421 = CARTESIAN_POINT('',(-1.9,-1.25,0.54));
#422 = VECTOR('',#423,1.);
#423 = DIRECTION('',(0.,1.,0.));
#424 = ORIENTED_EDGE('',*,*,#271,.T.);
#425 = ORIENTED_EDGE('',*,*,#405,.F.);
#426 = ORIENTED_EDGE('',*,*,#154,.F.);
#427 = CYLINDRICAL_SURFACE('',#428,6.E-02);
#428 = AXIS2_PLACEMENT_3D('',#429,#430,#431);
#429 = CARTESIAN_POINT('',(-1.96,-1.25,0.54));
#430 = DIRECTION('',(0.,1.,0.));
#431 = DIRECTION('',(1.,0.,0.));
#432 = ADVANCED_FACE('',(#433),#476,.T.);
#433 = FACE_BOUND('',#434,.T.);
#434 = EDGE_LOOP('',(#435,#436,#437,#438,#446,#454,#462,#470));
#435 = ORIENTED_EDGE('',*,*,#296,.F.);
#436 = ORIENTED_EDGE('',*,*,#288,.T.);
#437 = ORIENTED_EDGE('',*,*,#280,.T.);
#438 = ORIENTED_EDGE('',*,*,#439,.T.);
#439 = EDGE_CURVE('',#272,#440,#442,.T.);
#440 = VERTEX_POINT('',#441);
#441 = CARTESIAN_POINT('',(1.9,1.25,0.54));
#442 = LINE('',#443,#444);
#443 = CARTESIAN_POINT('',(-1.9,1.25,0.54));
#444 = VECTOR('',#445,1.);
#445 = DIRECTION('',(1.,0.,0.));
#446 = ORIENTED_EDGE('',*,*,#447,.T.);
#447 = EDGE_CURVE('',#440,#448,#450,.T.);
#448 = VERTEX_POINT('',#449);
#449 = CARTESIAN_POINT('',(2.44,1.25,0.54));
#450 = LINE('',#451,#452);
#451 = CARTESIAN_POINT('',(-2.44,1.25,0.54));
#452 = VECTOR('',#453,1.);
#453 = DIRECTION('',(1.,0.,0.));
#454 = ORIENTED_EDGE('',*,*,#455,.F.);
#455 = EDGE_CURVE('',#456,#448,#458,.T.);
#456 = VERTEX_POINT('',#457);
#457 = CARTESIAN_POINT('',(2.44,1.25,6.E-02));
#458 = LINE('',#459,#460);
#459 = CARTESIAN_POINT('',(2.44,1.25,6.E-02));
#460 = VECTOR('',#461,1.);
#461 = DIRECTION('',(0.,0.,1.));
#462 = ORIENTED_EDGE('',*,*,#463,.F.);
#463 = EDGE_CURVE('',#464,#456,#466,.T.);
#464 = VERTEX_POINT('',#465);
#465 = CARTESIAN_POINT('',(1.9,1.25,6.E-02));
#466 = LINE('',#467,#468);
#467 = CARTESIAN_POINT('',(-2.44,1.25,6.E-02));
#468 = VECTOR('',#469,1.);
#469 = DIRECTION('',(1.,0.,0.));
#470 = ORIENTED_EDGE('',*,*,#471,.F.);
#471 = EDGE_CURVE('',#297,#464,#472,.T.);
#472 = LINE('',#473,#474);
#473 = CARTESIAN_POINT('',(-2.44,1.25,6.E-02));
#474 = VECTOR('',#475,1.);
#475 = DIRECTION('',(1.,0.,0.));
#476 = PLANE('',#477);
#477 = AXIS2_PLACEMENT_3D('',#478,#479,#480);
#478 = CARTESIAN_POINT('',(-2.44,1.25,6.E-02));
#479 = DIRECTION('',(0.,1.,0.));
#480 = DIRECTION('',(0.,-0.,1.));
#481 = ADVANCED_FACE('',(#482),#493,.F.);
#482 = FACE_BOUND('',#483,.F.);
#483 = EDGE_LOOP('',(#484,#485,#486,#492));
#484 = ORIENTED_EDGE('',*,*,#339,.F.);
#485 = ORIENTED_EDGE('',*,*,#388,.T.);
#486 = ORIENTED_EDGE('',*,*,#487,.T.);
#487 = EDGE_CURVE('',#381,#464,#488,.T.);
#488 = LINE('',#489,#490);
#489 = CARTESIAN_POINT('',(1.9,-1.25,6.E-02));
#490 = VECTOR('',#491,1.);
#491 = DIRECTION('',(0.,1.,0.));
#492 = ORIENTED_EDGE('',*,*,#471,.F.);
#493 = PLANE('',#494);
#494 = AXIS2_PLACEMENT_3D('',#495,#496,#497);
#495 = CARTESIAN_POINT('',(-2.44,-1.25,6.E-02));
#496 = DIRECTION('',(0.,0.,1.));
#497 = DIRECTION('',(1.,0.,-0.));
#498 = ADVANCED_FACE('',(#499),#562,.F.);
#499 = FACE_BOUND('',#500,.F.);
#500 = EDGE_LOOP('',(#501,#511,#518,#519,#520,#521,#530,#538,#547,#555)
  );
#501 = ORIENTED_EDGE('',*,*,#502,.F.);
#502 = EDGE_CURVE('',#503,#505,#507,.T.);
#503 = VERTEX_POINT('',#504);
#504 = CARTESIAN_POINT('',(1.96,-1.25,0.));
#505 = VERTEX_POINT('',#506);
#506 = CARTESIAN_POINT('',(2.44,-1.25,0.));
#507 = LINE('',#508,#509);
#508 = CARTESIAN_POINT('',(1.9,-1.25,0.));
#509 = VECTOR('',#510,1.);
#510 = DIRECTION('',(1.,0.,0.));
#511 = ORIENTED_EDGE('',*,*,#512,.F.);
#512 = EDGE_CURVE('',#381,#503,#513,.T.);
#513 = CIRCLE('',#514,6.E-02);
#514 = AXIS2_PLACEMENT_3D('',#515,#516,#517);
#515 = CARTESIAN_POINT('',(1.96,-1.25,6.E-02));
#516 = DIRECTION('',(0.,-1.,0.));
#517 = DIRECTION('',(0.,0.,1.));
#518 = ORIENTED_EDGE('',*,*,#380,.T.);
#519 = ORIENTED_EDGE('',*,*,#372,.T.);
#520 = ORIENTED_EDGE('',*,*,#364,.F.);
#521 = ORIENTED_EDGE('',*,*,#522,.T.);
#522 = EDGE_CURVE('',#357,#523,#525,.T.);
#523 = VERTEX_POINT('',#524);
#524 = CARTESIAN_POINT('',(1.96,-1.25,0.6));
#525 = CIRCLE('',#526,6.E-02);
#526 = AXIS2_PLACEMENT_3D('',#527,#528,#529);
#527 = CARTESIAN_POINT('',(1.96,-1.25,0.54));
#528 = DIRECTION('',(0.,1.,0.));
#529 = DIRECTION('',(0.,-0.,1.));
#530 = ORIENTED_EDGE('',*,*,#531,.T.);
#531 = EDGE_CURVE('',#523,#532,#534,.T.);
#532 = VERTEX_POINT('',#533);
#533 = CARTESIAN_POINT('',(2.44,-1.25,0.6));
#534 = LINE('',#535,#536);
#535 = CARTESIAN_POINT('',(1.9,-1.25,0.6));
#536 = VECTOR('',#537,1.);
#537 = DIRECTION('',(1.,0.,0.));
#538 = ORIENTED_EDGE('',*,*,#539,.F.);
#539 = EDGE_CURVE('',#540,#532,#542,.T.);
#540 = VERTEX_POINT('',#541);
#541 = CARTESIAN_POINT('',(2.5,-1.25,0.54));
#542 = CIRCLE('',#543,6.E-02);
#543 = AXIS2_PLACEMENT_3D('',#544,#545,#546);
#544 = CARTESIAN_POINT('',(2.44,-1.25,0.54));
#545 = DIRECTION('',(0.,-1.,0.));
#546 = DIRECTION('',(0.,0.,1.));
#547 = ORIENTED_EDGE('',*,*,#548,.F.);
#548 = EDGE_CURVE('',#549,#540,#551,.T.);
#549 = VERTEX_POINT('',#550);
#550 = CARTESIAN_POINT('',(2.5,-1.25,6.E-02));
#551 = LINE('',#552,#553);
#552 = CARTESIAN_POINT('',(2.5,-1.25,0.));
#553 = VECTOR('',#554,1.);
#554 = DIRECTION('',(0.,0.,1.));
#555 = ORIENTED_EDGE('',*,*,#556,.T.);
#556 = EDGE_CURVE('',#549,#505,#557,.T.);
#557 = CIRCLE('',#558,6.E-02);
#558 = AXIS2_PLACEMENT_3D('',#559,#560,#561);
#559 = CARTESIAN_POINT('',(2.44,-1.25,6.E-02));
#560 = DIRECTION('',(0.,1.,0.));
#561 = DIRECTION('',(0.,-0.,1.));
#562 = PLANE('',#563);
#563 = AXIS2_PLACEMENT_3D('',#564,#565,#566);
#564 = CARTESIAN_POINT('',(1.9,-1.25,0.));
#565 = DIRECTION('',(0.,1.,0.));
#566 = DIRECTION('',(0.,-0.,1.));
#567 = ADVANCED_FACE('',(#568),#593,.F.);
#568 = FACE_BOUND('',#569,.F.);
#569 = EDGE_LOOP('',(#570,#571,#579,#587));
#570 = ORIENTED_EDGE('',*,*,#356,.F.);
#571 = ORIENTED_EDGE('',*,*,#572,.T.);
#572 = EDGE_CURVE('',#155,#573,#575,.T.);
#573 = VERTEX_POINT('',#574);
#574 = CARTESIAN_POINT('',(-1.9,-1.25,0.6));
#575 = LINE('',#576,#577);
#576 = CARTESIAN_POINT('',(-1.9,-1.25,0.54));
#577 = VECTOR('',#578,1.);
#578 = DIRECTION('',(0.,0.,1.));
#579 = ORIENTED_EDGE('',*,*,#580,.T.);
#580 = EDGE_CURVE('',#573,#581,#583,.T.);
#581 = VERTEX_POINT('',#582);
#582 = CARTESIAN_POINT('',(1.9,-1.25,0.6));
#583 = LINE('',#584,#585);
#584 = CARTESIAN_POINT('',(-1.9,-1.25,0.6));
#585 = VECTOR('',#586,1.);
#586 = DIRECTION('',(1.,0.,0.));
#587 = ORIENTED_EDGE('',*,*,#588,.F.);
#588 = EDGE_CURVE('',#357,#581,#589,.T.);
#589 = LINE('',#590,#591);
#590 = CARTESIAN_POINT('',(1.9,-1.25,0.54));
#591 = VECTOR('',#592,1.);
#592 = DIRECTION('',(0.,0.,1.));
#593 = PLANE('',#594);
#594 = AXIS2_PLACEMENT_3D('',#595,#596,#597);
#595 = CARTESIAN_POINT('',(-1.9,-1.25,0.54));
#596 = DIRECTION('',(0.,1.,0.));
#597 = DIRECTION('',(0.,-0.,1.));
#598 = ADVANCED_FACE('',(#599),#617,.F.);
#599 = FACE_BOUND('',#600,.F.);
#600 = EDGE_LOOP('',(#601,#602,#603,#611));
#601 = ORIENTED_EDGE('',*,*,#572,.F.);
#602 = ORIENTED_EDGE('',*,*,#419,.T.);
#603 = ORIENTED_EDGE('',*,*,#604,.T.);
#604 = EDGE_CURVE('',#272,#605,#607,.T.);
#605 = VERTEX_POINT('',#606);
#606 = CARTESIAN_POINT('',(-1.9,1.25,0.6));
#607 = LINE('',#608,#609);
#608 = CARTESIAN_POINT('',(-1.9,1.25,0.54));
#609 = VECTOR('',#610,1.);
#610 = DIRECTION('',(0.,0.,1.));
#611 = ORIENTED_EDGE('',*,*,#612,.F.);
#612 = EDGE_CURVE('',#573,#605,#613,.T.);
#613 = LINE('',#614,#615);
#614 = CARTESIAN_POINT('',(-1.9,-1.25,0.6));
#615 = VECTOR('',#616,1.);
#616 = DIRECTION('',(0.,1.,0.));
#617 = PLANE('',#618);
#618 = AXIS2_PLACEMENT_3D('',#619,#620,#621);
#619 = CARTESIAN_POINT('',(-1.9,-1.25,0.54));
#620 = DIRECTION('',(1.,0.,0.));
#621 = DIRECTION('',(0.,0.,1.));
#622 = ADVANCED_FACE('',(#623),#686,.T.);
#623 = FACE_BOUND('',#624,.T.);
#624 = EDGE_LOOP('',(#625,#635,#642,#643,#644,#645,#654,#662,#671,#679)
  );
#625 = ORIENTED_EDGE('',*,*,#626,.F.);
#626 = EDGE_CURVE('',#627,#629,#631,.T.);
#627 = VERTEX_POINT('',#628);
#628 = CARTESIAN_POINT('',(1.96,1.25,0.));
#629 = VERTEX_POINT('',#630);
#630 = CARTESIAN_POINT('',(2.44,1.25,0.));
#631 = LINE('',#632,#633);
#632 = CARTESIAN_POINT('',(1.9,1.25,0.));
#633 = VECTOR('',#634,1.);
#634 = DIRECTION('',(1.,0.,0.));
#635 = ORIENTED_EDGE('',*,*,#636,.F.);
#636 = EDGE_CURVE('',#464,#627,#637,.T.);
#637 = CIRCLE('',#638,6.E-02);
#638 = AXIS2_PLACEMENT_3D('',#639,#640,#641);
#639 = CARTESIAN_POINT('',(1.96,1.25,6.E-02));
#640 = DIRECTION('',(0.,-1.,0.));
#641 = DIRECTION('',(0.,0.,1.));
#642 = ORIENTED_EDGE('',*,*,#463,.T.);
#643 = ORIENTED_EDGE('',*,*,#455,.T.);
#644 = ORIENTED_EDGE('',*,*,#447,.F.);
#645 = ORIENTED_EDGE('',*,*,#646,.T.);
#646 = EDGE_CURVE('',#440,#647,#649,.T.);
#647 = VERTEX_POINT('',#648);
#648 = CARTESIAN_POINT('',(1.96,1.25,0.6));
#649 = CIRCLE('',#650,6.E-02);
#650 = AXIS2_PLACEMENT_3D('',#651,#652,#653);
#651 = CARTESIAN_POINT('',(1.96,1.25,0.54));
#652 = DIRECTION('',(0.,1.,0.));
#653 = DIRECTION('',(0.,-0.,1.));
#654 = ORIENTED_EDGE('',*,*,#655,.T.);
#655 = EDGE_CURVE('',#647,#656,#658,.T.);
#656 = VERTEX_POINT('',#657);
#657 = CARTESIAN_POINT('',(2.44,1.25,0.6));
#658 = LINE('',#659,#660);
#659 = CARTESIAN_POINT('',(1.9,1.25,0.6));
#660 = VECTOR('',#661,1.);
#661 = DIRECTION('',(1.,0.,0.));
#662 = ORIENTED_EDGE('',*,*,#663,.F.);
#663 = EDGE_CURVE('',#664,#656,#666,.T.);
#664 = VERTEX_POINT('',#665);
#665 = CARTESIAN_POINT('',(2.5,1.25,0.54));
#666 = CIRCLE('',#667,6.E-02);
#667 = AXIS2_PLACEMENT_3D('',#668,#669,#670);
#668 = CARTESIAN_POINT('',(2.44,1.25,0.54));
#669 = DIRECTION('',(0.,-1.,0.));
#670 = DIRECTION('',(0.,0.,1.));
#671 = ORIENTED_EDGE('',*,*,#672,.F.);
#672 = EDGE_CURVE('',#673,#664,#675,.T.);
#673 = VERTEX_POINT('',#674);
#674 = CARTESIAN_POINT('',(2.5,1.25,6.E-02));
#675 = LINE('',#676,#677);
#676 = CARTESIAN_POINT('',(2.5,1.25,0.));
#677 = VECTOR('',#678,1.);
#678 = DIRECTION('',(0.,0.,1.));
#679 = ORIENTED_EDGE('',*,*,#680,.T.);
#680 = EDGE_CURVE('',#673,#629,#681,.T.);
#681 = CIRCLE('',#682,6.E-02);
#682 = AXIS2_PLACEMENT_3D('',#683,#684,#685);
#683 = CARTESIAN_POINT('',(2.44,1.25,6.E-02));
#684 = DIRECTION('',(0.,1.,0.));
#685 = DIRECTION('',(0.,-0.,1.));
#686 = PLANE('',#687);
#687 = AXIS2_PLACEMENT_3D('',#688,#689,#690);
#688 = CARTESIAN_POINT('',(1.9,1.25,0.));
#689 = DIRECTION('',(0.,1.,0.));
#690 = DIRECTION('',(0.,-0.,1.));
#691 = ADVANCED_FACE('',(#692),#710,.T.);
#692 = FACE_BOUND('',#693,.T.);
#693 = EDGE_LOOP('',(#694,#695,#696,#704));
#694 = ORIENTED_EDGE('',*,*,#439,.F.);
#695 = ORIENTED_EDGE('',*,*,#604,.T.);
#696 = ORIENTED_EDGE('',*,*,#697,.T.);
#697 = EDGE_CURVE('',#605,#698,#700,.T.);
#698 = VERTEX_POINT('',#699);
#699 = CARTESIAN_POINT('',(1.9,1.25,0.6));
#700 = LINE('',#701,#702);
#701 = CARTESIAN_POINT('',(-1.9,1.25,0.6));
#702 = VECTOR('',#703,1.);
#703 = DIRECTION('',(1.,0.,0.));
#704 = ORIENTED_EDGE('',*,*,#705,.F.);
#705 = EDGE_CURVE('',#440,#698,#706,.T.);
#706 = LINE('',#707,#708);
#707 = CARTESIAN_POINT('',(1.9,1.25,0.54));
#708 = VECTOR('',#709,1.);
#709 = DIRECTION('',(0.,0.,1.));
#710 = PLANE('',#711);
#711 = AXIS2_PLACEMENT_3D('',#712,#713,#714);
#712 = CARTESIAN_POINT('',(-1.9,1.25,0.54));
#713 = DIRECTION('',(0.,1.,0.));
#714 = DIRECTION('',(0.,-0.,1.));
#715 = ADVANCED_FACE('',(#716),#727,.T.);
#716 = FACE_BOUND('',#717,.T.);
#717 = EDGE_LOOP('',(#718,#719,#720,#726));
#718 = ORIENTED_EDGE('',*,*,#487,.T.);
#719 = ORIENTED_EDGE('',*,*,#636,.T.);
#720 = ORIENTED_EDGE('',*,*,#721,.F.);
#721 = EDGE_CURVE('',#503,#627,#722,.T.);
#722 = LINE('',#723,#724);
#723 = CARTESIAN_POINT('',(1.96,-1.25,0.));
#724 = VECTOR('',#725,1.);
#725 = DIRECTION('',(0.,1.,0.));
#726 = ORIENTED_EDGE('',*,*,#512,.F.);
#727 = CYLINDRICAL_SURFACE('',#728,6.E-02);
#728 = AXIS2_PLACEMENT_3D('',#729,#730,#731);
#729 = CARTESIAN_POINT('',(1.96,-1.25,6.E-02));
#730 = DIRECTION('',(0.,1.,0.));
#731 = DIRECTION('',(-1.,0.,0.));
#732 = ADVANCED_FACE('',(#733),#744,.F.);
#733 = FACE_BOUND('',#734,.F.);
#734 = EDGE_LOOP('',(#735,#736,#737,#738));
#735 = ORIENTED_EDGE('',*,*,#626,.F.);
#736 = ORIENTED_EDGE('',*,*,#721,.F.);
#737 = ORIENTED_EDGE('',*,*,#502,.T.);
#738 = ORIENTED_EDGE('',*,*,#739,.T.);
#739 = EDGE_CURVE('',#505,#629,#740,.T.);
#740 = LINE('',#741,#742);
#741 = CARTESIAN_POINT('',(2.44,-1.25,0.));
#742 = VECTOR('',#743,1.);
#743 = DIRECTION('',(0.,1.,0.));
#744 = PLANE('',#745);
#745 = AXIS2_PLACEMENT_3D('',#746,#747,#748);
#746 = CARTESIAN_POINT('',(1.9,-1.25,0.));
#747 = DIRECTION('',(0.,0.,1.));
#748 = DIRECTION('',(1.,0.,-0.));
#749 = ADVANCED_FACE('',(#750),#761,.T.);
#750 = FACE_BOUND('',#751,.T.);
#751 = EDGE_LOOP('',(#752,#753,#754,#755));
#752 = ORIENTED_EDGE('',*,*,#556,.T.);
#753 = ORIENTED_EDGE('',*,*,#739,.T.);
#754 = ORIENTED_EDGE('',*,*,#680,.F.);
#755 = ORIENTED_EDGE('',*,*,#756,.F.);
#756 = EDGE_CURVE('',#549,#673,#757,.T.);
#757 = LINE('',#758,#759);
#758 = CARTESIAN_POINT('',(2.5,-1.25,6.E-02));
#759 = VECTOR('',#760,1.);
#760 = DIRECTION('',(0.,1.,0.));
#761 = CYLINDRICAL_SURFACE('',#762,6.E-02);
#762 = AXIS2_PLACEMENT_3D('',#763,#764,#765);
#763 = CARTESIAN_POINT('',(2.44,-1.25,6.E-02));
#764 = DIRECTION('',(0.,1.,0.));
#765 = DIRECTION('',(1.,0.,0.));
#766 = ADVANCED_FACE('',(#767),#778,.T.);
#767 = FACE_BOUND('',#768,.T.);
#768 = EDGE_LOOP('',(#769,#770,#771,#772));
#769 = ORIENTED_EDGE('',*,*,#548,.F.);
#770 = ORIENTED_EDGE('',*,*,#756,.T.);
#771 = ORIENTED_EDGE('',*,*,#672,.T.);
#772 = ORIENTED_EDGE('',*,*,#773,.F.);
#773 = EDGE_CURVE('',#540,#664,#774,.T.);
#774 = LINE('',#775,#776);
#775 = CARTESIAN_POINT('',(2.5,-1.25,0.54));
#776 = VECTOR('',#777,1.);
#777 = DIRECTION('',(0.,1.,0.));
#778 = PLANE('',#779);
#779 = AXIS2_PLACEMENT_3D('',#780,#781,#782);
#780 = CARTESIAN_POINT('',(2.5,-1.25,0.));
#781 = DIRECTION('',(1.,0.,0.));
#782 = DIRECTION('',(0.,0.,1.));
#783 = ADVANCED_FACE('',(#784),#795,.T.);
#784 = FACE_BOUND('',#785,.T.);
#785 = EDGE_LOOP('',(#786,#787,#788,#794));
#786 = ORIENTED_EDGE('',*,*,#773,.T.);
#787 = ORIENTED_EDGE('',*,*,#663,.T.);
#788 = ORIENTED_EDGE('',*,*,#789,.F.);
#789 = EDGE_CURVE('',#532,#656,#790,.T.);
#790 = LINE('',#791,#792);
#791 = CARTESIAN_POINT('',(2.44,-1.25,0.6));
#792 = VECTOR('',#793,1.);
#793 = DIRECTION('',(0.,1.,0.));
#794 = ORIENTED_EDGE('',*,*,#539,.F.);
#795 = CYLINDRICAL_SURFACE('',#796,6.E-02);
#796 = AXIS2_PLACEMENT_3D('',#797,#798,#799);
#797 = CARTESIAN_POINT('',(2.44,-1.25,0.54));
#798 = DIRECTION('',(0.,1.,0.));
#799 = DIRECTION('',(1.,0.,0.));
#800 = ADVANCED_FACE('',(#801),#812,.T.);
#801 = FACE_BOUND('',#802,.T.);
#802 = EDGE_LOOP('',(#803,#804,#810,#811));
#803 = ORIENTED_EDGE('',*,*,#655,.F.);
#804 = ORIENTED_EDGE('',*,*,#805,.F.);
#805 = EDGE_CURVE('',#523,#647,#806,.T.);
#806 = LINE('',#807,#808);
#807 = CARTESIAN_POINT('',(1.96,-1.25,0.6));
#808 = VECTOR('',#809,1.);
#809 = DIRECTION('',(0.,1.,0.));
#810 = ORIENTED_EDGE('',*,*,#531,.T.);
#811 = ORIENTED_EDGE('',*,*,#789,.T.);
#812 = PLANE('',#813);
#813 = AXIS2_PLACEMENT_3D('',#814,#815,#816);
#814 = CARTESIAN_POINT('',(1.9,-1.25,0.6));
#815 = DIRECTION('',(0.,0.,1.));
#816 = DIRECTION('',(1.,0.,-0.));
#817 = ADVANCED_FACE('',(#818),#829,.T.);
#818 = FACE_BOUND('',#819,.T.);
#819 = EDGE_LOOP('',(#820,#821,#822,#823));
#820 = ORIENTED_EDGE('',*,*,#522,.T.);
#821 = ORIENTED_EDGE('',*,*,#805,.T.);
#822 = ORIENTED_EDGE('',*,*,#646,.F.);
#823 = ORIENTED_EDGE('',*,*,#824,.F.);
#824 = EDGE_CURVE('',#357,#440,#825,.T.);
#825 = LINE('',#826,#827);
#826 = CARTESIAN_POINT('',(1.9,-1.25,0.54));
#827 = VECTOR('',#828,1.);
#828 = DIRECTION('',(0.,1.,0.));
#829 = CYLINDRICAL_SURFACE('',#830,6.E-02);
#830 = AXIS2_PLACEMENT_3D('',#831,#832,#833);
#831 = CARTESIAN_POINT('',(1.96,-1.25,0.54));
#832 = DIRECTION('',(0.,1.,0.));
#833 = DIRECTION('',(-1.,0.,0.));
#834 = ADVANCED_FACE('',(#835),#846,.T.);
#835 = FACE_BOUND('',#836,.T.);
#836 = EDGE_LOOP('',(#837,#838,#839,#840));
#837 = ORIENTED_EDGE('',*,*,#588,.F.);
#838 = ORIENTED_EDGE('',*,*,#824,.T.);
#839 = ORIENTED_EDGE('',*,*,#705,.T.);
#840 = ORIENTED_EDGE('',*,*,#841,.F.);
#841 = EDGE_CURVE('',#581,#698,#842,.T.);
#842 = LINE('',#843,#844);
#843 = CARTESIAN_POINT('',(1.9,-1.25,0.6));
#844 = VECTOR('',#845,1.);
#845 = DIRECTION('',(0.,1.,0.));
#846 = PLANE('',#847);
#847 = AXIS2_PLACEMENT_3D('',#848,#849,#850);
#848 = CARTESIAN_POINT('',(1.9,-1.25,0.54));
#849 = DIRECTION('',(1.,0.,0.));
#850 = DIRECTION('',(0.,0.,1.));
#851 = ADVANCED_FACE('',(#852),#858,.T.);
#852 = FACE_BOUND('',#853,.T.);
#853 = EDGE_LOOP('',(#854,#855,#856,#857));
#854 = ORIENTED_EDGE('',*,*,#612,.F.);
#855 = ORIENTED_EDGE('',*,*,#580,.T.);
#856 = ORIENTED_EDGE('',*,*,#841,.T.);
#857 = ORIENTED_EDGE('',*,*,#697,.F.);
#858 = PLANE('',#859);
#859 = AXIS2_PLACEMENT_3D('',#860,#861,#862);
#860 = CARTESIAN_POINT('',(-1.9,-1.25,0.6));
#861 = DIRECTION('',(0.,0.,1.));
#862 = DIRECTION('',(1.,0.,-0.));
#863 = ( GEOMETRIC_REPRESENTATION_CONTEXT(3) 
GLOBAL_UNCERTAINTY_ASSIGNED_CONTEXT((#867)) GLOBAL_UNIT_ASSIGNED_CONTEXT
((#864,#865,#866)) REPRESENTATION_CONTEXT('Context #1',
  '3D Context with UNIT and UNCERTAINTY') );
#864 = ( LENGTH_UNIT() NAMED_UNIT(*) SI_UNIT(.MILLI.,.METRE.) );
#865 = ( NAMED_UNIT(*) PLANE_ANGLE_UNIT() SI_UNIT($,.RADIAN.) );
#866 = ( NAMED_UNIT(*) SI_UNIT($,.STERADIAN.) SOLID_ANGLE_UNIT() );
#867 = UNCERTAINTY_MEASURE_WITH_UNIT(LENGTH_MEASURE(1.E-07),#864,
  'distance_accuracy_value','confusion accuracy');
#868 = CONTEXT_DEPENDENT_SHAPE_REPRESENTATION(#869,#871);
#869 = ( REPRESENTATION_RELATIONSHIP('','',#72,#10) 
REPRESENTATION_RELATIONSHIP_WITH_TRANSFORMATION(#870) 
SHAPE_REPRESENTATION_RELATIONSHIP() );
#870 = ITEM_DEFINED_TRANSFORMATION('','',#11,#15);
#871 = PRODUCT_DEFINITION_SHAPE('Placement','Placement of an item',#872
  );
#872 = NEXT_ASSEMBLY_USAGE_OCCURRENCE('1','R1','',#5,#67,$);
#873 = PRODUCT_RELATED_PRODUCT_CATEGORY('part',$,(#69));
#874 = SHAPE_DEFINITION_REPRESENTATION(#875,#881);
#875 = PRODUCT_DEFINITION_SHAPE('','',#876);
#876 = PRODUCT_DEFINITION('design','',#877,#880);
#877 = PRODUCT_DEFINITION_FORMATION('','',#878);
#878 = PRODUCT('LED_D3.0mm_FlatTop','LED_D3.0mm_FlatTop','',(#879));
#879 = PRODUCT_CONTEXT('',#2,'mechanical');
#880 = PRODUCT_DEFINITION_CONTEXT('part definition',#2,'design');
#881 = ADVANCED_BREP_SHAPE_REPRESENTATION('',(#11,#882),#1314);
#882 = MANIFOLD_SOLID_BREP('',#883);
#883 = CLOSED_SHELL('',(#884,#901,#935,#970,#1002,#1020,#1098,#1129,
    #1153,#1177,#1194,#1225,#1249,#1273,#1290,#1302));
#884 = ADVANCED_FACE('',(#885),#896,.F.);
#885 = FACE_BOUND('',#886,.T.);
#886 = EDGE_LOOP('',(#887));
#887 = ORIENTED_EDGE('',*,*,#888,.F.);
#888 = EDGE_CURVE('',#889,#889,#891,.T.);
#889 = VERTEX_POINT('',#890);
#890 = CARTESIAN_POINT('',(2.77,5.528910662633E-15,8.3));
#891 = CIRCLE('',#892,1.5);
#892 = AXIS2_PLACEMENT_3D('',#893,#894,#895);
#893 = CARTESIAN_POINT('',(1.27,3.685940441756E-15,8.3));
#894 = DIRECTION('',(2.481466032419E-47,-4.440892098501E-16,-1.));
#895 = DIRECTION('',(1.,1.228646813919E-15,-5.456287927781E-31));
#896 = PLANE('',#897);
#897 = AXIS2_PLACEMENT_3D('',#898,#899,#900);
#898 = CARTESIAN_POINT('',(1.27,3.685940441756E-15,8.3));
#899 = DIRECTION('',(0.,-4.440892098501E-16,-1.));
#900 = DIRECTION('',(1.,1.228646813919E-15,-5.456287927781E-31));
#901 = ADVANCED_FACE('',(#902),#930,.T.);
#902 = FACE_BOUND('',#903,.T.);
#903 = EDGE_LOOP('',(#904,#912,#913,#914,#923));
#904 = ORIENTED_EDGE('',*,*,#905,.F.);
#905 = EDGE_CURVE('',#889,#906,#908,.T.);
#906 = VERTEX_POINT('',#907);
#907 = CARTESIAN_POINT('',(2.77,2.6645352591E-15,4.));
#908 = LINE('',#909,#910);
#909 = CARTESIAN_POINT('',(2.77,5.528910662633E-15,8.3));
#910 = VECTOR('',#911,1.);
#911 = DIRECTION('',(0.,-6.661338147751E-16,-1.));
#912 = ORIENTED_EDGE('',*,*,#888,.T.);
#913 = ORIENTED_EDGE('',*,*,#905,.T.);
#914 = ORIENTED_EDGE('',*,*,#915,.F.);
#915 = EDGE_CURVE('',#916,#906,#918,.T.);
#916 = VERTEX_POINT('',#917);
#917 = CARTESIAN_POINT('',(-0.23,3.349842866402E-15,4.));
#918 = CIRCLE('',#919,1.5);
#919 = AXIS2_PLACEMENT_3D('',#920,#921,#922);
#920 = CARTESIAN_POINT('',(1.27,1.7763568394E-15,4.));
#921 = DIRECTION('',(1.459685900525E-47,-4.440892098501E-16,-1.));
#922 = DIRECTION('',(1.,5.921189464668E-16,-2.629536350737E-31));
#923 = ORIENTED_EDGE('',*,*,#924,.F.);
#924 = EDGE_CURVE('',#906,#916,#925,.T.);
#925 = CIRCLE('',#926,1.5);
#926 = AXIS2_PLACEMENT_3D('',#927,#928,#929);
#927 = CARTESIAN_POINT('',(1.27,1.7763568394E-15,4.));
#928 = DIRECTION('',(1.459685900525E-47,-4.440892098501E-16,-1.));
#929 = DIRECTION('',(1.,5.921189464668E-16,-2.629536350737E-31));
#930 = CYLINDRICAL_SURFACE('',#931,1.5);
#931 = AXIS2_PLACEMENT_3D('',#932,#933,#934);
#932 = CARTESIAN_POINT('',(1.27,3.685940441756E-15,8.3));
#933 = DIRECTION('',(0.,-4.440892098501E-16,-1.));
#934 = DIRECTION('',(1.,1.228646813919E-15,-5.456287927781E-31));
#935 = ADVANCED_FACE('',(#936,#961),#965,.F.);
#936 = FACE_BOUND('',#937,.F.);
#937 = EDGE_LOOP('',(#938,#949,#955));
#938 = ORIENTED_EDGE('',*,*,#939,.F.);
#939 = EDGE_CURVE('',#940,#942,#944,.T.);
#940 = VERTEX_POINT('',#941);
#941 = CARTESIAN_POINT('',(-0.23,-1.16619037897,4.));
#942 = VERTEX_POINT('',#943);
#943 = CARTESIAN_POINT('',(-0.23,1.16619037897,4.));
#944 = CIRCLE('',#945,1.9);
#945 = AXIS2_PLACEMENT_3D('',#946,#947,#948);
#946 = CARTESIAN_POINT('',(1.27,0.,4.));
#947 = DIRECTION('',(0.,0.,1.));
#948 = DIRECTION('',(1.,0.,-0.));
#949 = ORIENTED_EDGE('',*,*,#950,.T.);
#950 = EDGE_CURVE('',#940,#916,#951,.T.);
#951 = LINE('',#952,#953);
#952 = CARTESIAN_POINT('',(-0.23,-1.16619037897,4.));
#953 = VECTOR('',#954,1.);
#954 = DIRECTION('',(0.,1.,0.));
#955 = ORIENTED_EDGE('',*,*,#956,.T.);
#956 = EDGE_CURVE('',#916,#942,#957,.T.);
#957 = LINE('',#958,#959);
#958 = CARTESIAN_POINT('',(-0.23,-1.16619037897,4.));
#959 = VECTOR('',#960,1.);
#960 = DIRECTION('',(0.,1.,0.));
#961 = FACE_BOUND('',#962,.F.);
#962 = EDGE_LOOP('',(#963,#964));
#963 = ORIENTED_EDGE('',*,*,#915,.F.);
#964 = ORIENTED_EDGE('',*,*,#924,.F.);
#965 = PLANE('',#966);
#966 = AXIS2_PLACEMENT_3D('',#967,#968,#969);
#967 = CARTESIAN_POINT('',(-0.23,-1.166190378969,4.));
#968 = DIRECTION('',(0.,0.,-1.));
#969 = DIRECTION('',(-1.,0.,0.));
#970 = ADVANCED_FACE('',(#971),#997,.T.);
#971 = FACE_BOUND('',#972,.T.);
#972 = EDGE_LOOP('',(#973,#984,#990,#991));
#973 = ORIENTED_EDGE('',*,*,#974,.T.);
#974 = EDGE_CURVE('',#975,#977,#979,.T.);
#975 = VERTEX_POINT('',#976);
#976 = CARTESIAN_POINT('',(-0.23,-1.16619037897,3.));
#977 = VERTEX_POINT('',#978);
#978 = CARTESIAN_POINT('',(-0.23,1.16619037897,3.));
#979 = CIRCLE('',#980,1.9);
#980 = AXIS2_PLACEMENT_3D('',#981,#982,#983);
#981 = CARTESIAN_POINT('',(1.27,0.,3.));
#982 = DIRECTION('',(0.,0.,1.));
#983 = DIRECTION('',(1.,0.,-0.));
#984 = ORIENTED_EDGE('',*,*,#985,.T.);
#985 = EDGE_CURVE('',#977,#942,#986,.T.);
#986 = LINE('',#987,#988);
#987 = CARTESIAN_POINT('',(-0.23,1.16619037897,3.));
#988 = VECTOR('',#989,1.);
#989 = DIRECTION('',(0.,0.,1.));
#990 = ORIENTED_EDGE('',*,*,#939,.F.);
#991 = ORIENTED_EDGE('',*,*,#992,.F.);
#992 = EDGE_CURVE('',#975,#940,#993,.T.);
#993 = LINE('',#994,#995);
#994 = CARTESIAN_POINT('',(-0.23,-1.16619037897,3.));
#995 = VECTOR('',#996,1.);
#996 = DIRECTION('',(0.,0.,1.));
#997 = CYLINDRICAL_SURFACE('',#998,1.9);
#998 = AXIS2_PLACEMENT_3D('',#999,#1000,#1001);
#999 = CARTESIAN_POINT('',(1.27,0.,3.));
#1000 = DIRECTION('',(-0.,-0.,-1.));
#1001 = DIRECTION('',(1.,0.,0.));
#1002 = ADVANCED_FACE('',(#1003),#1015,.T.);
#1003 = FACE_BOUND('',#1004,.T.);
#1004 = EDGE_LOOP('',(#1005,#1006,#1007,#1008,#1009));
#1005 = ORIENTED_EDGE('',*,*,#992,.T.);
#1006 = ORIENTED_EDGE('',*,*,#950,.T.);
#1007 = ORIENTED_EDGE('',*,*,#956,.T.);
#1008 = ORIENTED_EDGE('',*,*,#985,.F.);
#1009 = ORIENTED_EDGE('',*,*,#1010,.F.);
#1010 = EDGE_CURVE('',#975,#977,#1011,.T.);
#1011 = LINE('',#1012,#1013);
#1012 = CARTESIAN_POINT('',(-0.23,-1.16619037897,3.));
#1013 = VECTOR('',#1014,1.);
#1014 = DIRECTION('',(0.,1.,0.));
#1015 = PLANE('',#1016);
#1016 = AXIS2_PLACEMENT_3D('',#1017,#1018,#1019);
#1017 = CARTESIAN_POINT('',(-0.23,-1.16619037897,3.));
#1018 = DIRECTION('',(-1.,0.,0.));
#1019 = DIRECTION('',(0.,1.,0.));
#1020 = ADVANCED_FACE('',(#1021,#1025,#1059),#1093,.T.);
#1021 = FACE_BOUND('',#1022,.T.);
#1022 = EDGE_LOOP('',(#1023,#1024));
#1023 = ORIENTED_EDGE('',*,*,#974,.F.);
#1024 = ORIENTED_EDGE('',*,*,#1010,.T.);
#1025 = FACE_BOUND('',#1026,.T.);
#1026 = EDGE_LOOP('',(#1027,#1037,#1045,#1053));
#1027 = ORIENTED_EDGE('',*,*,#1028,.T.);
#1028 = EDGE_CURVE('',#1029,#1031,#1033,.T.);
#1029 = VERTEX_POINT('',#1030);
#1030 = CARTESIAN_POINT('',(-0.2,-0.2,3.));
#1031 = VERTEX_POINT('',#1032);
#1032 = CARTESIAN_POINT('',(0.2,-0.2,3.));
#1033 = LINE('',#1034,#1035);
#1034 = CARTESIAN_POINT('',(-1.499999999986E-02,-0.2,3.));
#1035 = VECTOR('',#1036,1.);
#1036 = DIRECTION('',(1.,0.,0.));
#1037 = ORIENTED_EDGE('',*,*,#1038,.T.);
#1038 = EDGE_CURVE('',#1031,#1039,#1041,.T.);
#1039 = VERTEX_POINT('',#1040);
#1040 = CARTESIAN_POINT('',(0.2,0.2,3.));
#1041 = LINE('',#1042,#1043);
#1042 = CARTESIAN_POINT('',(0.2,-0.483095189485,3.));
#1043 = VECTOR('',#1044,1.);
#1044 = DIRECTION('',(0.,1.,0.));
#1045 = ORIENTED_EDGE('',*,*,#1046,.T.);
#1046 = EDGE_CURVE('',#1039,#1047,#1049,.T.);
#1047 = VERTEX_POINT('',#1048);
#1048 = CARTESIAN_POINT('',(-0.2,0.2,3.));
#1049 = LINE('',#1050,#1051);
#1050 = CARTESIAN_POINT('',(-0.215,0.2,3.));
#1051 = VECTOR('',#1052,1.);
#1052 = DIRECTION('',(-1.,-0.,-0.));
#1053 = ORIENTED_EDGE('',*,*,#1054,.T.);
#1054 = EDGE_CURVE('',#1047,#1029,#1055,.T.);
#1055 = LINE('',#1056,#1057);
#1056 = CARTESIAN_POINT('',(-0.2,-0.683095189485,3.));
#1057 = VECTOR('',#1058,1.);
#1058 = DIRECTION('',(0.,-1.,0.));
#1059 = FACE_BOUND('',#1060,.T.);
#1060 = EDGE_LOOP('',(#1061,#1071,#1079,#1087));
#1061 = ORIENTED_EDGE('',*,*,#1062,.T.);
#1062 = EDGE_CURVE('',#1063,#1065,#1067,.T.);
#1063 = VERTEX_POINT('',#1064);
#1064 = CARTESIAN_POINT('',(2.34,0.2,3.));
#1065 = VERTEX_POINT('',#1066);
#1066 = CARTESIAN_POINT('',(2.34,-0.2,3.));
#1067 = LINE('',#1068,#1069);
#1068 = CARTESIAN_POINT('',(2.34,-0.683095189485,3.));
#1069 = VECTOR('',#1070,1.);
#1070 = DIRECTION('',(0.,-1.,0.));
#1071 = ORIENTED_EDGE('',*,*,#1072,.T.);
#1072 = EDGE_CURVE('',#1065,#1073,#1075,.T.);
#1073 = VERTEX_POINT('',#1074);
#1074 = CARTESIAN_POINT('',(2.74,-0.2,3.));
#1075 = LINE('',#1076,#1077);
#1076 = CARTESIAN_POINT('',(1.255,-0.2,3.));
#1077 = VECTOR('',#1078,1.);
#1078 = DIRECTION('',(1.,0.,0.));
#1079 = ORIENTED_EDGE('',*,*,#1080,.T.);
#1080 = EDGE_CURVE('',#1073,#1081,#1083,.T.);
#1081 = VERTEX_POINT('',#1082);
#1082 = CARTESIAN_POINT('',(2.74,0.2,3.));
#1083 = LINE('',#1084,#1085);
#1084 = CARTESIAN_POINT('',(2.74,-0.483095189485,3.));
#1085 = VECTOR('',#1086,1.);
#1086 = DIRECTION('',(0.,1.,0.));
#1087 = ORIENTED_EDGE('',*,*,#1088,.T.);
#1088 = EDGE_CURVE('',#1081,#1063,#1089,.T.);
#1089 = LINE('',#1090,#1091);
#1090 = CARTESIAN_POINT('',(1.055,0.2,3.));
#1091 = VECTOR('',#1092,1.);
#1092 = DIRECTION('',(-1.,-0.,-0.));
#1093 = PLANE('',#1094);
#1094 = AXIS2_PLACEMENT_3D('',#1095,#1096,#1097);
#1095 = CARTESIAN_POINT('',(-0.23,-1.166190378969,3.));
#1096 = DIRECTION('',(0.,0.,-1.));
#1097 = DIRECTION('',(-1.,0.,0.));
#1098 = ADVANCED_FACE('',(#1099),#1124,.F.);
#1099 = FACE_BOUND('',#1100,.F.);
#1100 = EDGE_LOOP('',(#1101,#1102,#1110,#1118));
#1101 = ORIENTED_EDGE('',*,*,#1028,.T.);
#1102 = ORIENTED_EDGE('',*,*,#1103,.T.);
#1103 = EDGE_CURVE('',#1031,#1104,#1106,.T.);
#1104 = VERTEX_POINT('',#1105);
#1105 = CARTESIAN_POINT('',(0.2,-0.2,-1.5));
#1106 = LINE('',#1107,#1108);
#1107 = CARTESIAN_POINT('',(0.2,-0.2,3.5));
#1108 = VECTOR('',#1109,1.);
#1109 = DIRECTION('',(-0.,-0.,-1.));
#1110 = ORIENTED_EDGE('',*,*,#1111,.T.);
#1111 = EDGE_CURVE('',#1104,#1112,#1114,.T.);
#1112 = VERTEX_POINT('',#1113);
#1113 = CARTESIAN_POINT('',(-0.2,-0.2,-1.5));
#1114 = LINE('',#1115,#1116);
#1115 = CARTESIAN_POINT('',(0.2,-0.2,-1.5));
#1116 = VECTOR('',#1117,1.);
#1117 = DIRECTION('',(-1.,0.,0.));
#1118 = ORIENTED_EDGE('',*,*,#1119,.F.);
#1119 = EDGE_CURVE('',#1029,#1112,#1120,.T.);
#1120 = LINE('',#1121,#1122);
#1121 = CARTESIAN_POINT('',(-0.2,-0.2,3.5));
#1122 = VECTOR('',#1123,1.);
#1123 = DIRECTION('',(-0.,-0.,-1.));
#1124 = PLANE('',#1125);
#1125 = AXIS2_PLACEMENT_3D('',#1126,#1127,#1128);
#1126 = CARTESIAN_POINT('',(0.2,-0.2,3.5));
#1127 = DIRECTION('',(0.,1.,0.));
#1128 = DIRECTION('',(-1.,0.,0.));
#1129 = ADVANCED_FACE('',(#1130),#1148,.F.);
#1130 = FACE_BOUND('',#1131,.F.);
#1131 = EDGE_LOOP('',(#1132,#1133,#1134,#1142));
#1132 = ORIENTED_EDGE('',*,*,#1054,.T.);
#1133 = ORIENTED_EDGE('',*,*,#1119,.T.);
#1134 = ORIENTED_EDGE('',*,*,#1135,.T.);
#1135 = EDGE_CURVE('',#1112,#1136,#1138,.T.);
#1136 = VERTEX_POINT('',#1137);
#1137 = CARTESIAN_POINT('',(-0.2,0.2,-1.5));
#1138 = LINE('',#1139,#1140);
#1139 = CARTESIAN_POINT('',(-0.2,-0.2,-1.5));
#1140 = VECTOR('',#1141,1.);
#1141 = DIRECTION('',(0.,1.,0.));
#1142 = ORIENTED_EDGE('',*,*,#1143,.F.);
#1143 = EDGE_CURVE('',#1047,#1136,#1144,.T.);
#1144 = LINE('',#1145,#1146);
#1145 = CARTESIAN_POINT('',(-0.2,0.2,3.5));
#1146 = VECTOR('',#1147,1.);
#1147 = DIRECTION('',(-0.,-0.,-1.));
#1148 = PLANE('',#1149);
#1149 = AXIS2_PLACEMENT_3D('',#1150,#1151,#1152);
#1150 = CARTESIAN_POINT('',(-0.2,-0.2,3.5));
#1151 = DIRECTION('',(1.,0.,0.));
#1152 = DIRECTION('',(-0.,1.,0.));
#1153 = ADVANCED_FACE('',(#1154),#1172,.F.);
#1154 = FACE_BOUND('',#1155,.F.);
#1155 = EDGE_LOOP('',(#1156,#1157,#1158,#1166));
#1156 = ORIENTED_EDGE('',*,*,#1046,.T.);
#1157 = ORIENTED_EDGE('',*,*,#1143,.T.);
#1158 = ORIENTED_EDGE('',*,*,#1159,.T.);
#1159 = EDGE_CURVE('',#1136,#1160,#1162,.T.);
#1160 = VERTEX_POINT('',#1161);
#1161 = CARTESIAN_POINT('',(0.2,0.2,-1.5));
#1162 = LINE('',#1163,#1164);
#1163 = CARTESIAN_POINT('',(-0.2,0.2,-1.5));
#1164 = VECTOR('',#1165,1.);
#1165 = DIRECTION('',(1.,0.,0.));
#1166 = ORIENTED_EDGE('',*,*,#1167,.F.);
#1167 = EDGE_CURVE('',#1039,#1160,#1168,.T.);
#1168 = LINE('',#1169,#1170);
#1169 = CARTESIAN_POINT('',(0.2,0.2,3.5));
#1170 = VECTOR('',#1171,1.);
#1171 = DIRECTION('',(-0.,-0.,-1.));
#1172 = PLANE('',#1173);
#1173 = AXIS2_PLACEMENT_3D('',#1174,#1175,#1176);
#1174 = CARTESIAN_POINT('',(-0.2,0.2,3.5));
#1175 = DIRECTION('',(0.,-1.,0.));
#1176 = DIRECTION('',(1.,0.,0.));
#1177 = ADVANCED_FACE('',(#1178),#1189,.F.);
#1178 = FACE_BOUND('',#1179,.F.);
#1179 = EDGE_LOOP('',(#1180,#1181,#1182,#1188));
#1180 = ORIENTED_EDGE('',*,*,#1038,.T.);
#1181 = ORIENTED_EDGE('',*,*,#1167,.T.);
#1182 = ORIENTED_EDGE('',*,*,#1183,.T.);
#1183 = EDGE_CURVE('',#1160,#1104,#1184,.T.);
#1184 = LINE('',#1185,#1186);
#1185 = CARTESIAN_POINT('',(0.2,0.2,-1.5));
#1186 = VECTOR('',#1187,1.);
#1187 = DIRECTION('',(0.,-1.,0.));
#1188 = ORIENTED_EDGE('',*,*,#1103,.F.);
#1189 = PLANE('',#1190);
#1190 = AXIS2_PLACEMENT_3D('',#1191,#1192,#1193);
#1191 = CARTESIAN_POINT('',(0.2,0.2,3.5));
#1192 = DIRECTION('',(-1.,0.,0.));
#1193 = DIRECTION('',(0.,-1.,0.));
#1194 = ADVANCED_FACE('',(#1195),#1220,.F.);
#1195 = FACE_BOUND('',#1196,.F.);
#1196 = EDGE_LOOP('',(#1197,#1198,#1206,#1214));
#1197 = ORIENTED_EDGE('',*,*,#1062,.T.);
#1198 = ORIENTED_EDGE('',*,*,#1199,.T.);
#1199 = EDGE_CURVE('',#1065,#1200,#1202,.T.);
#1200 = VERTEX_POINT('',#1201);
#1201 = CARTESIAN_POINT('',(2.34,-0.2,-1.5));
#1202 = LINE('',#1203,#1204);
#1203 = CARTESIAN_POINT('',(2.34,-0.2,3.5));
#1204 = VECTOR('',#1205,1.);
#1205 = DIRECTION('',(-0.,-0.,-1.));
#1206 = ORIENTED_EDGE('',*,*,#1207,.T.);
#1207 = EDGE_CURVE('',#1200,#1208,#1210,.T.);
#1208 = VERTEX_POINT('',#1209);
#1209 = CARTESIAN_POINT('',(2.34,0.2,-1.5));
#1210 = LINE('',#1211,#1212);
#1211 = CARTESIAN_POINT('',(2.34,-0.2,-1.5));
#1212 = VECTOR('',#1213,1.);
#1213 = DIRECTION('',(0.,1.,0.));
#1214 = ORIENTED_EDGE('',*,*,#1215,.F.);
#1215 = EDGE_CURVE('',#1063,#1208,#1216,.T.);
#1216 = LINE('',#1217,#1218);
#1217 = CARTESIAN_POINT('',(2.34,0.2,3.5));
#1218 = VECTOR('',#1219,1.);
#1219 = DIRECTION('',(-0.,-0.,-1.));
#1220 = PLANE('',#1221);
#1221 = AXIS2_PLACEMENT_3D('',#1222,#1223,#1224);
#1222 = CARTESIAN_POINT('',(2.34,-0.2,3.5));
#1223 = DIRECTION('',(1.,0.,0.));
#1224 = DIRECTION('',(-0.,1.,0.));
#1225 = ADVANCED_FACE('',(#1226),#1244,.F.);
#1226 = FACE_BOUND('',#1227,.F.);
#1227 = EDGE_LOOP('',(#1228,#1229,#1230,#1238));
#1228 = ORIENTED_EDGE('',*,*,#1088,.T.);
#1229 = ORIENTED_EDGE('',*,*,#1215,.T.);
#1230 = ORIENTED_EDGE('',*,*,#1231,.T.);
#1231 = EDGE_CURVE('',#1208,#1232,#1234,.T.);
#1232 = VERTEX_POINT('',#1233);
#1233 = CARTESIAN_POINT('',(2.74,0.2,-1.5));
#1234 = LINE('',#1235,#1236);
#1235 = CARTESIAN_POINT('',(2.34,0.2,-1.5));
#1236 = VECTOR('',#1237,1.);
#1237 = DIRECTION('',(1.,0.,0.));
#1238 = ORIENTED_EDGE('',*,*,#1239,.F.);
#1239 = EDGE_CURVE('',#1081,#1232,#1240,.T.);
#1240 = LINE('',#1241,#1242);
#1241 = CARTESIAN_POINT('',(2.74,0.2,3.5));
#1242 = VECTOR('',#1243,1.);
#1243 = DIRECTION('',(-0.,-0.,-1.));
#1244 = PLANE('',#1245);
#1245 = AXIS2_PLACEMENT_3D('',#1246,#1247,#1248);
#1246 = CARTESIAN_POINT('',(2.34,0.2,3.5));
#1247 = DIRECTION('',(0.,-1.,0.));
#1248 = DIRECTION('',(1.,0.,0.));
#1249 = ADVANCED_FACE('',(#1250),#1268,.F.);
#1250 = FACE_BOUND('',#1251,.F.);
#1251 = EDGE_LOOP('',(#1252,#1253,#1254,#1262));
#1252 = ORIENTED_EDGE('',*,*,#1080,.T.);
#1253 = ORIENTED_EDGE('',*,*,#1239,.T.);
#1254 = ORIENTED_EDGE('',*,*,#1255,.T.);
#1255 = EDGE_CURVE('',#1232,#1256,#1258,.T.);
#1256 = VERTEX_POINT('',#1257);
#1257 = CARTESIAN_POINT('',(2.74,-0.2,-1.5));
#1258 = LINE('',#1259,#1260);
#1259 = CARTESIAN_POINT('',(2.74,0.2,-1.5));
#1260 = VECTOR('',#1261,1.);
#1261 = DIRECTION('',(0.,-1.,0.));
#1262 = ORIENTED_EDGE('',*,*,#1263,.F.);
#1263 = EDGE_CURVE('',#1073,#1256,#1264,.T.);
#1264 = LINE('',#1265,#1266);
#1265 = CARTESIAN_POINT('',(2.74,-0.2,3.5));
#1266 = VECTOR('',#1267,1.);
#1267 = DIRECTION('',(-0.,-0.,-1.));
#1268 = PLANE('',#1269);
#1269 = AXIS2_PLACEMENT_3D('',#1270,#1271,#1272);
#1270 = CARTESIAN_POINT('',(2.74,0.2,3.5));
#1271 = DIRECTION('',(-1.,0.,0.));
#1272 = DIRECTION('',(0.,-1.,0.));
#1273 = ADVANCED_FACE('',(#1274),#1285,.F.);
#1274 = FACE_BOUND('',#1275,.F.);
#1275 = EDGE_LOOP('',(#1276,#1277,#1278,#1284));
#1276 = ORIENTED_EDGE('',*,*,#1072,.T.);
#1277 = ORIENTED_EDGE('',*,*,#1263,.T.);
#1278 = ORIENTED_EDGE('',*,*,#1279,.T.);
#1279 = EDGE_CURVE('',#1256,#1200,#1280,.T.);
#1280 = LINE('',#1281,#1282);
#1281 = CARTESIAN_POINT('',(2.74,-0.2,-1.5));
#1282 = VECTOR('',#1283,1.);
#1283 = DIRECTION('',(-1.,0.,0.));
#1284 = ORIENTED_EDGE('',*,*,#1199,.F.);
#1285 = PLANE('',#1286);
#1286 = AXIS2_PLACEMENT_3D('',#1287,#1288,#1289);
#1287 = CARTESIAN_POINT('',(2.74,-0.2,3.5));
#1288 = DIRECTION('',(0.,1.,0.));
#1289 = DIRECTION('',(-1.,0.,0.));
#1290 = ADVANCED_FACE('',(#1291),#1297,.F.);
#1291 = FACE_BOUND('',#1292,.T.);
#1292 = EDGE_LOOP('',(#1293,#1294,#1295,#1296));
#1293 = ORIENTED_EDGE('',*,*,#1159,.T.);
#1294 = ORIENTED_EDGE('',*,*,#1183,.T.);
#1295 = ORIENTED_EDGE('',*,*,#1111,.T.);
#1296 = ORIENTED_EDGE('',*,*,#1135,.T.);
#1297 = PLANE('',#1298);
#1298 = AXIS2_PLACEMENT_3D('',#1299,#1300,#1301);
#1299 = CARTESIAN_POINT('',(-0.2,0.2,-1.5));
#1300 = DIRECTION('',(0.,0.,1.));
#1301 = DIRECTION('',(1.,0.,-0.));
#1302 = ADVANCED_FACE('',(#1303),#1309,.F.);
#1303 = FACE_BOUND('',#1304,.T.);
#1304 = EDGE_LOOP('',(#1305,#1306,#1307,#1308));
#1305 = ORIENTED_EDGE('',*,*,#1231,.T.);
#1306 = ORIENTED_EDGE('',*,*,#1255,.T.);
#1307 = ORIENTED_EDGE('',*,*,#1279,.T.);
#1308 = ORIENTED_EDGE('',*,*,#1207,.T.);
#1309 = PLANE('',#1310);
#1310 = AXIS2_PLACEMENT_3D('',#1311,#1312,#1313);
#1311 = CARTESIAN_POINT('',(2.34,0.2,-1.5));
#1312 = DIRECTION('',(0.,0.,1.));
#1313 = DIRECTION('',(1.,0.,-0.));
#1314 = ( GEOMETRIC_REPRESENTATION_CONTEXT(3) 
GLOBAL_UNCERTAINTY_ASSIGNED_CONTEXT((#1318)) 
GLOBAL_UNIT_ASSIGNED_CONTEXT((#1315,#1316,#1317)) REPRESENTATION_CONTEXT
('Context #1','3D Context with UNIT and UNCERTAINTY') );
#1315 = ( LENGTH_UNIT() NAMED_UNIT(*) SI_UNIT(.MILLI.,.METRE.) );
#1316 = ( NAMED_UNIT(*) PLANE_ANGLE_UNIT() SI_UNIT($,.RADIAN.) );
#1317 = ( NAMED_UNIT(*) SI_UNIT($,.STERADIAN.) SOLID_ANGLE_UNIT() );
#1318 = UNCERTAINTY_MEASURE_WITH_UNIT(LENGTH_MEASURE(1.E-07),#1315,
  'distance_accuracy_value','confusion accuracy');
#1319 = CONTEXT_DEPENDENT_SHAPE_REPRESENTATION(#1320,#1322);
#1320 = ( REPRESENTATION_RELATIONSHIP('','',#881,#10) 
REPRESENTATION_RELATIONSHIP_WITH_TRANSFORMATION(#1321) 
SHAPE_REPRESENTATION_RELATIONSHIP() );
#1321 = ITEM_DEFINED_TRANSFORMATION('','',#11,#19);
#1322 = PRODUCT_DEFINITION_SHAPE('Placement','Placement of an item',
  #1323);
#1323 = NEXT_ASSEMBLY_USAGE_OCCURRENCE('2','D2','',#5,#876,$);
#1324 = PRODUCT_RELATED_PRODUCT_CATEGORY('part',$,(#878));
#1325 = CONTEXT_DEPENDENT_SHAPE_REPRESENTATION(#1326,#1328);
#1326 = ( REPRESENTATION_RELATIONSHIP('','',#72,#10) 
REPRESENTATION_RELATIONSHIP_WITH_TRANSFORMATION(#1327) 
SHAPE_REPRESENTATION_RELATIONSHIP() );
#1327 = ITEM_DEFINED_TRANSFORMATION('','',#11,#23);
#1328 = PRODUCT_DEFINITION_SHAPE('Placement','Placement of an item',
  #1329);
#1329 = NEXT_ASSEMBLY_USAGE_OCCURRENCE('3','R2','',#5,#67,$);
#1330 = CONTEXT_DEPENDENT_SHAPE_REPRESENTATION(#1331,#1333);
#1331 = ( REPRESENTATION_RELATIONSHIP('','',#881,#10) 
REPRESENTATION_RELATIONSHIP_WITH_TRANSFORMATION(#1332) 
SHAPE_REPRESENTATION_RELATIONSHIP() );
#1332 = ITEM_DEFINED_TRANSFORMATION('','',#11,#27);
#1333 = PRODUCT_DEFINITION_SHAPE('Placement','Placement of an item',
  #1334);
#1334 = NEXT_ASSEMBLY_USAGE_OCCURRENCE('4','D1','',#5,#876,$);
#1335 = SHAPE_DEFINITION_REPRESENTATION(#1336,#1342);
#1336 = PRODUCT_DEFINITION_SHAPE('','',#1337);
#1337 = PRODUCT_DEFINITION('design','',#1338,#1341);
#1338 = PRODUCT_DEFINITION_FORMATION('','',#1339);
#1339 = PRODUCT('PinHeader_1x03_P2.54mm_Vertical',
  'PinHeader_1x03_P2.54mm_Vertical','',(#1340));
#1340 = PRODUCT_CONTEXT('',#2,'mechanical');
#1341 = PRODUCT_DEFINITION_CONTEXT('part definition',#2,'design');
#1342 = ADVANCED_BREP_SHAPE_REPRESENTATION('',(#11,#1343),#3449);
#1343 = MANIFOLD_SOLID_BREP('',#1344);
#1344 = CLOSED_SHELL('',(#1345,#1385,#1416,#1447,#1694,#1941,#1958,#1975
    ,#1992,#2009,#2026,#2043,#2060,#2077,#2094,#2111,#2128,#2145,#2162,
    #2179,#2196,#2213,#2225,#2256,#2280,#2304,#2321,#2352,#2376,#2400,
    #2417,#2448,#2472,#2496,#2513,#2544,#2568,#2592,#2609,#2640,#2664,
    #2688,#2705,#2736,#2760,#2784,#2801,#2832,#2856,#2880,#2897,#2928,
    #2952,#2976,#2993,#3024,#3048,#3072,#3089,#3120,#3144,#3168,#3185,
    #3216,#3240,#3264,#3281,#3312,#3336,#3360,#3377,#3389,#3401,#3413,
    #3425,#3437));
#1345 = ADVANCED_FACE('',(#1346),#1380,.F.);
#1346 = FACE_BOUND('',#1347,.F.);
#1347 = EDGE_LOOP('',(#1348,#1358,#1366,#1374));
#1348 = ORIENTED_EDGE('',*,*,#1349,.T.);
#1349 = EDGE_CURVE('',#1350,#1352,#1354,.T.);
#1350 = VERTEX_POINT('',#1351);
#1351 = CARTESIAN_POINT('',(-1.016,1.27,0.));
#1352 = VERTEX_POINT('',#1353);
#1353 = CARTESIAN_POINT('',(-1.016,1.27,2.54));
#1354 = LINE('',#1355,#1356);
#1355 = CARTESIAN_POINT('',(-1.016,1.27,0.));
#1356 = VECTOR('',#1357,1.);
#1357 = DIRECTION('',(0.,0.,1.));
#1358 = ORIENTED_EDGE('',*,*,#1359,.T.);
#1359 = EDGE_CURVE('',#1352,#1360,#1362,.T.);
#1360 = VERTEX_POINT('',#1361);
#1361 = CARTESIAN_POINT('',(-1.27,1.016,2.54));
#1362 = LINE('',#1363,#1364);
#1363 = CARTESIAN_POINT('',(-1.016,1.27,2.54));
#1364 = VECTOR('',#1365,1.);
#1365 = DIRECTION('',(-0.707106781187,-0.707106781187,0.));
#1366 = ORIENTED_EDGE('',*,*,#1367,.F.);
#1367 = EDGE_CURVE('',#1368,#1360,#1370,.T.);
#1368 = VERTEX_POINT('',#1369);
#1369 = CARTESIAN_POINT('',(-1.27,1.016,0.));
#1370 = LINE('',#1371,#1372);
#1371 = CARTESIAN_POINT('',(-1.27,1.016,0.));
#1372 = VECTOR('',#1373,1.);
#1373 = DIRECTION('',(0.,0.,1.));
#1374 = ORIENTED_EDGE('',*,*,#1375,.F.);
#1375 = EDGE_CURVE('',#1350,#1368,#1376,.T.);
#1376 = LINE('',#1377,#1378);
#1377 = CARTESIAN_POINT('',(-1.016,1.27,0.));
#1378 = VECTOR('',#1379,1.);
#1379 = DIRECTION('',(-0.707106781187,-0.707106781187,0.));
#1380 = PLANE('',#1381);
#1381 = AXIS2_PLACEMENT_3D('',#1382,#1383,#1384);
#1382 = CARTESIAN_POINT('',(-1.016,1.27,0.));
#1383 = DIRECTION('',(0.707106781187,-0.707106781187,0.));
#1384 = DIRECTION('',(-0.707106781187,-0.707106781187,0.));
#1385 = ADVANCED_FACE('',(#1386),#1411,.F.);
#1386 = FACE_BOUND('',#1387,.F.);
#1387 = EDGE_LOOP('',(#1388,#1398,#1404,#1405));
#1388 = ORIENTED_EDGE('',*,*,#1389,.T.);
#1389 = EDGE_CURVE('',#1390,#1392,#1394,.T.);
#1390 = VERTEX_POINT('',#1391);
#1391 = CARTESIAN_POINT('',(1.016,1.27,0.));
#1392 = VERTEX_POINT('',#1393);
#1393 = CARTESIAN_POINT('',(1.016,1.27,2.54));
#1394 = LINE('',#1395,#1396);
#1395 = CARTESIAN_POINT('',(1.016,1.27,0.));
#1396 = VECTOR('',#1397,1.);
#1397 = DIRECTION('',(0.,0.,1.));
#1398 = ORIENTED_EDGE('',*,*,#1399,.T.);
#1399 = EDGE_CURVE('',#1392,#1352,#1400,.T.);
#1400 = LINE('',#1401,#1402);
#1401 = CARTESIAN_POINT('',(1.016,1.27,2.54));
#1402 = VECTOR('',#1403,1.);
#1403 = DIRECTION('',(-1.,0.,0.));
#1404 = ORIENTED_EDGE('',*,*,#1349,.F.);
#1405 = ORIENTED_EDGE('',*,*,#1406,.F.);
#1406 = EDGE_CURVE('',#1390,#1350,#1407,.T.);
#1407 = LINE('',#1408,#1409);
#1408 = CARTESIAN_POINT('',(1.016,1.27,0.));
#1409 = VECTOR('',#1410,1.);
#1410 = DIRECTION('',(-1.,0.,0.));
#1411 = PLANE('',#1412);
#1412 = AXIS2_PLACEMENT_3D('',#1413,#1414,#1415);
#1413 = CARTESIAN_POINT('',(1.016,1.27,0.));
#1414 = DIRECTION('',(0.,-1.,0.));
#1415 = DIRECTION('',(-1.,0.,0.));
#1416 = ADVANCED_FACE('',(#1417),#1442,.F.);
#1417 = FACE_BOUND('',#1418,.F.);
#1418 = EDGE_LOOP('',(#1419,#1420,#1428,#1436));
#1419 = ORIENTED_EDGE('',*,*,#1367,.T.);
#1420 = ORIENTED_EDGE('',*,*,#1421,.T.);
#1421 = EDGE_CURVE('',#1360,#1422,#1424,.T.);
#1422 = VERTEX_POINT('',#1423);
#1423 = CARTESIAN_POINT('',(-1.27,-1.016,2.54));
#1424 = LINE('',#1425,#1426);
#1425 = CARTESIAN_POINT('',(-1.27,1.016,2.54));
#1426 = VECTOR('',#1427,1.);
#1427 = DIRECTION('',(0.,-1.,0.));
#1428 = ORIENTED_EDGE('',*,*,#1429,.F.);
#1429 = EDGE_CURVE('',#1430,#1422,#1432,.T.);
#1430 = VERTEX_POINT('',#1431);
#1431 = CARTESIAN_POINT('',(-1.27,-1.016,0.));
#1432 = LINE('',#1433,#1434);
#1433 = CARTESIAN_POINT('',(-1.27,-1.016,0.));
#1434 = VECTOR('',#1435,1.);
#1435 = DIRECTION('',(0.,0.,1.));
#1436 = ORIENTED_EDGE('',*,*,#1437,.F.);
#1437 = EDGE_CURVE('',#1368,#1430,#1438,.T.);
#1438 = LINE('',#1439,#1440);
#1439 = CARTESIAN_POINT('',(-1.27,1.016,0.));
#1440 = VECTOR('',#1441,1.);
#1441 = DIRECTION('',(0.,-1.,0.));
#1442 = PLANE('',#1443);
#1443 = AXIS2_PLACEMENT_3D('',#1444,#1445,#1446);
#1444 = CARTESIAN_POINT('',(-1.27,1.016,0.));
#1445 = DIRECTION('',(1.,0.,0.));
#1446 = DIRECTION('',(0.,-1.,0.));
#1447 = ADVANCED_FACE('',(#1448,#1587,#1621,#1655),#1689,.F.);
#1448 = FACE_BOUND('',#1449,.F.);
#1449 = EDGE_LOOP('',(#1450,#1451,#1452,#1460,#1468,#1476,#1484,#1492,
    #1500,#1508,#1516,#1524,#1532,#1540,#1548,#1556,#1564,#1572,#1580,
    #1586));
#1450 = ORIENTED_EDGE('',*,*,#1375,.T.);
#1451 = ORIENTED_EDGE('',*,*,#1437,.T.);
#1452 = ORIENTED_EDGE('',*,*,#1453,.T.);
#1453 = EDGE_CURVE('',#1430,#1454,#1456,.T.);
#1454 = VERTEX_POINT('',#1455);
#1455 = CARTESIAN_POINT('',(-1.016,-1.27,0.));
#1456 = LINE('',#1457,#1458);
#1457 = CARTESIAN_POINT('',(-1.27,-1.016,0.));
#1458 = VECTOR('',#1459,1.);
#1459 = DIRECTION('',(0.707106781187,-0.707106781187,0.));
#1460 = ORIENTED_EDGE('',*,*,#1461,.T.);
#1461 = EDGE_CURVE('',#1454,#1462,#1464,.T.);
#1462 = VERTEX_POINT('',#1463);
#1463 = CARTESIAN_POINT('',(-1.27,-1.524,0.));
#1464 = LINE('',#1465,#1466);
#1465 = CARTESIAN_POINT('',(-1.016,-1.27,0.));
#1466 = VECTOR('',#1467,1.);
#1467 = DIRECTION('',(-0.707106781187,-0.707106781187,0.));
#1468 = ORIENTED_EDGE('',*,*,#1469,.T.);
#1469 = EDGE_CURVE('',#1462,#1470,#1472,.T.);
#1470 = VERTEX_POINT('',#1471);
#1471 = CARTESIAN_POINT('',(-1.27,-3.556,0.));
#1472 = LINE('',#1473,#1474);
#1473 = CARTESIAN_POINT('',(-1.27,-1.524,0.));
#1474 = VECTOR('',#1475,1.);
#1475 = DIRECTION('',(0.,-1.,0.));
#1476 = ORIENTED_EDGE('',*,*,#1477,.T.);
#1477 = EDGE_CURVE('',#1470,#1478,#1480,.T.);
#1478 = VERTEX_POINT('',#1479);
#1479 = CARTESIAN_POINT('',(-1.016,-3.81,0.));
#1480 = LINE('',#1481,#1482);
#1481 = CARTESIAN_POINT('',(-1.27,-3.556,0.));
#1482 = VECTOR('',#1483,1.);
#1483 = DIRECTION('',(0.707106781187,-0.707106781187,0.));
#1484 = ORIENTED_EDGE('',*,*,#1485,.T.);
#1485 = EDGE_CURVE('',#1478,#1486,#1488,.T.);
#1486 = VERTEX_POINT('',#1487);
#1487 = CARTESIAN_POINT('',(-1.27,-4.064,0.));
#1488 = LINE('',#1489,#1490);
#1489 = CARTESIAN_POINT('',(-1.016,-3.81,0.));
#1490 = VECTOR('',#1491,1.);
#1491 = DIRECTION('',(-0.707106781187,-0.707106781187,0.));
#1492 = ORIENTED_EDGE('',*,*,#1493,.T.);
#1493 = EDGE_CURVE('',#1486,#1494,#1496,.T.);
#1494 = VERTEX_POINT('',#1495);
#1495 = CARTESIAN_POINT('',(-1.27,-6.096,0.));
#1496 = LINE('',#1497,#1498);
#1497 = CARTESIAN_POINT('',(-1.27,-4.064,0.));
#1498 = VECTOR('',#1499,1.);
#1499 = DIRECTION('',(0.,-1.,0.));
#1500 = ORIENTED_EDGE('',*,*,#1501,.T.);
#1501 = EDGE_CURVE('',#1494,#1502,#1504,.T.);
#1502 = VERTEX_POINT('',#1503);
#1503 = CARTESIAN_POINT('',(-1.016,-6.35,0.));
#1504 = LINE('',#1505,#1506);
#1505 = CARTESIAN_POINT('',(-1.27,-6.096,0.));
#1506 = VECTOR('',#1507,1.);
#1507 = DIRECTION('',(0.707106781187,-0.707106781187,0.));
#1508 = ORIENTED_EDGE('',*,*,#1509,.T.);
#1509 = EDGE_CURVE('',#1502,#1510,#1512,.T.);
#1510 = VERTEX_POINT('',#1511);
#1511 = CARTESIAN_POINT('',(1.016,-6.35,0.));
#1512 = LINE('',#1513,#1514);
#1513 = CARTESIAN_POINT('',(-1.016,-6.35,0.));
#1514 = VECTOR('',#1515,1.);
#1515 = DIRECTION('',(1.,0.,0.));
#1516 = ORIENTED_EDGE('',*,*,#1517,.T.);
#1517 = EDGE_CURVE('',#1510,#1518,#1520,.T.);
#1518 = VERTEX_POINT('',#1519);
#1519 = CARTESIAN_POINT('',(1.27,-6.096,0.));
#1520 = LINE('',#1521,#1522);
#1521 = CARTESIAN_POINT('',(1.016,-6.35,0.));
#1522 = VECTOR('',#1523,1.);
#1523 = DIRECTION('',(0.707106781187,0.707106781187,0.));
#1524 = ORIENTED_EDGE('',*,*,#1525,.T.);
#1525 = EDGE_CURVE('',#1518,#1526,#1528,.T.);
#1526 = VERTEX_POINT('',#1527);
#1527 = CARTESIAN_POINT('',(1.27,-4.064,0.));
#1528 = LINE('',#1529,#1530);
#1529 = CARTESIAN_POINT('',(1.27,-6.096,0.));
#1530 = VECTOR('',#1531,1.);
#1531 = DIRECTION('',(0.,1.,0.));
#1532 = ORIENTED_EDGE('',*,*,#1533,.T.);
#1533 = EDGE_CURVE('',#1526,#1534,#1536,.T.);
#1534 = VERTEX_POINT('',#1535);
#1535 = CARTESIAN_POINT('',(1.016,-3.81,0.));
#1536 = LINE('',#1537,#1538);
#1537 = CARTESIAN_POINT('',(1.27,-4.064,0.));
#1538 = VECTOR('',#1539,1.);
#1539 = DIRECTION('',(-0.707106781187,0.707106781187,0.));
#1540 = ORIENTED_EDGE('',*,*,#1541,.T.);
#1541 = EDGE_CURVE('',#1534,#1542,#1544,.T.);
#1542 = VERTEX_POINT('',#1543);
#1543 = CARTESIAN_POINT('',(1.27,-3.556,0.));
#1544 = LINE('',#1545,#1546);
#1545 = CARTESIAN_POINT('',(1.016,-3.81,0.));
#1546 = VECTOR('',#1547,1.);
#1547 = DIRECTION('',(0.707106781187,0.707106781187,0.));
#1548 = ORIENTED_EDGE('',*,*,#1549,.T.);
#1549 = EDGE_CURVE('',#1542,#1550,#1552,.T.);
#1550 = VERTEX_POINT('',#1551);
#1551 = CARTESIAN_POINT('',(1.27,-1.524,0.));
#1552 = LINE('',#1553,#1554);
#1553 = CARTESIAN_POINT('',(1.27,-3.556,0.));
#1554 = VECTOR('',#1555,1.);
#1555 = DIRECTION('',(0.,1.,0.));
#1556 = ORIENTED_EDGE('',*,*,#1557,.T.);
#1557 = EDGE_CURVE('',#1550,#1558,#1560,.T.);
#1558 = VERTEX_POINT('',#1559);
#1559 = CARTESIAN_POINT('',(1.016,-1.27,0.));
#1560 = LINE('',#1561,#1562);
#1561 = CARTESIAN_POINT('',(1.27,-1.524,0.));
#1562 = VECTOR('',#1563,1.);
#1563 = DIRECTION('',(-0.707106781187,0.707106781187,0.));
#1564 = ORIENTED_EDGE('',*,*,#1565,.T.);
#1565 = EDGE_CURVE('',#1558,#1566,#1568,.T.);
#1566 = VERTEX_POINT('',#1567);
#1567 = CARTESIAN_POINT('',(1.27,-1.016,0.));
#1568 = LINE('',#1569,#1570);
#1569 = CARTESIAN_POINT('',(1.016,-1.27,0.));
#1570 = VECTOR('',#1571,1.);
#1571 = DIRECTION('',(0.707106781187,0.707106781187,0.));
#1572 = ORIENTED_EDGE('',*,*,#1573,.T.);
#1573 = EDGE_CURVE('',#1566,#1574,#1576,.T.);
#1574 = VERTEX_POINT('',#1575);
#1575 = CARTESIAN_POINT('',(1.27,1.016,0.));
#1576 = LINE('',#1577,#1578);
#1577 = CARTESIAN_POINT('',(1.27,-1.016,0.));
#1578 = VECTOR('',#1579,1.);
#1579 = DIRECTION('',(0.,1.,0.));
#1580 = ORIENTED_EDGE('',*,*,#1581,.T.);
#1581 = EDGE_CURVE('',#1574,#1390,#1582,.T.);
#1582 = LINE('',#1583,#1584);
#1583 = CARTESIAN_POINT('',(1.27,1.016,0.));
#1584 = VECTOR('',#1585,1.);
#1585 = DIRECTION('',(-0.707106781187,0.707106781187,0.));
#1586 = ORIENTED_EDGE('',*,*,#1406,.T.);
#1587 = FACE_BOUND('',#1588,.F.);
#1588 = EDGE_LOOP('',(#1589,#1599,#1607,#1615));
#1589 = ORIENTED_EDGE('',*,*,#1590,.F.);
#1590 = EDGE_CURVE('',#1591,#1593,#1595,.T.);
#1591 = VERTEX_POINT('',#1592);
#1592 = CARTESIAN_POINT('',(0.32,-0.32,0.));
#1593 = VERTEX_POINT('',#1594);
#1594 = CARTESIAN_POINT('',(0.32,0.32,0.));
#1595 = LINE('',#1596,#1597);
#1596 = CARTESIAN_POINT('',(0.32,-1.43,0.));
#1597 = VECTOR('',#1598,1.);
#1598 = DIRECTION('',(0.,1.,0.));
#1599 = ORIENTED_EDGE('',*,*,#1600,.T.);
#1600 = EDGE_CURVE('',#1591,#1601,#1603,.T.);
#1601 = VERTEX_POINT('',#1602);
#1602 = CARTESIAN_POINT('',(-0.32,-0.32,0.));
#1603 = LINE('',#1604,#1605);
#1604 = CARTESIAN_POINT('',(-0.16,-0.32,0.));
#1605 = VECTOR('',#1606,1.);
#1606 = DIRECTION('',(-1.,0.,0.));
#1607 = ORIENTED_EDGE('',*,*,#1608,.T.);
#1608 = EDGE_CURVE('',#1601,#1609,#1611,.T.);
#1609 = VERTEX_POINT('',#1610);
#1610 = CARTESIAN_POINT('',(-0.32,0.32,0.));
#1611 = LINE('',#1612,#1613);
#1612 = CARTESIAN_POINT('',(-0.32,-1.43,0.));
#1613 = VECTOR('',#1614,1.);
#1614 = DIRECTION('',(0.,1.,0.));
#1615 = ORIENTED_EDGE('',*,*,#1616,.F.);
#1616 = EDGE_CURVE('',#1593,#1609,#1617,.T.);
#1617 = LINE('',#1618,#1619);
#1618 = CARTESIAN_POINT('',(-0.16,0.32,0.));
#1619 = VECTOR('',#1620,1.);
#1620 = DIRECTION('',(-1.,0.,0.));
#1621 = FACE_BOUND('',#1622,.F.);
#1622 = EDGE_LOOP('',(#1623,#1633,#1641,#1649));
#1623 = ORIENTED_EDGE('',*,*,#1624,.T.);
#1624 = EDGE_CURVE('',#1625,#1627,#1629,.T.);
#1625 = VERTEX_POINT('',#1626);
#1626 = CARTESIAN_POINT('',(0.32,-2.86,0.));
#1627 = VERTEX_POINT('',#1628);
#1628 = CARTESIAN_POINT('',(-0.32,-2.86,0.));
#1629 = LINE('',#1630,#1631);
#1630 = CARTESIAN_POINT('',(-0.16,-2.86,0.));
#1631 = VECTOR('',#1632,1.);
#1632 = DIRECTION('',(-1.,0.,0.));
#1633 = ORIENTED_EDGE('',*,*,#1634,.T.);
#1634 = EDGE_CURVE('',#1627,#1635,#1637,.T.);
#1635 = VERTEX_POINT('',#1636);
#1636 = CARTESIAN_POINT('',(-0.32,-2.22,0.));
#1637 = LINE('',#1638,#1639);
#1638 = CARTESIAN_POINT('',(-0.32,-2.7,0.));
#1639 = VECTOR('',#1640,1.);
#1640 = DIRECTION('',(0.,1.,0.));
#1641 = ORIENTED_EDGE('',*,*,#1642,.F.);
#1642 = EDGE_CURVE('',#1643,#1635,#1645,.T.);
#1643 = VERTEX_POINT('',#1644);
#1644 = CARTESIAN_POINT('',(0.32,-2.22,0.));
#1645 = LINE('',#1646,#1647);
#1646 = CARTESIAN_POINT('',(-0.16,-2.22,0.));
#1647 = VECTOR('',#1648,1.);
#1648 = DIRECTION('',(-1.,0.,0.));
#1649 = ORIENTED_EDGE('',*,*,#1650,.F.);
#1650 = EDGE_CURVE('',#1625,#1643,#1651,.T.);
#1651 = LINE('',#1652,#1653);
#1652 = CARTESIAN_POINT('',(0.32,-2.7,0.));
#1653 = VECTOR('',#1654,1.);
#1654 = DIRECTION('',(0.,1.,0.));
#1655 = FACE_BOUND('',#1656,.F.);
#1656 = EDGE_LOOP('',(#1657,#1667,#1675,#1683));
#1657 = ORIENTED_EDGE('',*,*,#1658,.F.);
#1658 = EDGE_CURVE('',#1659,#1661,#1663,.T.);
#1659 = VERTEX_POINT('',#1660);
#1660 = CARTESIAN_POINT('',(0.32,-4.76,0.));
#1661 = VERTEX_POINT('',#1662);
#1662 = CARTESIAN_POINT('',(-0.32,-4.76,0.));
#1663 = LINE('',#1664,#1665);
#1664 = CARTESIAN_POINT('',(-0.16,-4.76,0.));
#1665 = VECTOR('',#1666,1.);
#1666 = DIRECTION('',(-1.,0.,0.));
#1667 = ORIENTED_EDGE('',*,*,#1668,.F.);
#1668 = EDGE_CURVE('',#1669,#1659,#1671,.T.);
#1669 = VERTEX_POINT('',#1670);
#1670 = CARTESIAN_POINT('',(0.32,-5.4,0.));
#1671 = LINE('',#1672,#1673);
#1672 = CARTESIAN_POINT('',(0.32,-3.97,0.));
#1673 = VECTOR('',#1674,1.);
#1674 = DIRECTION('',(0.,1.,0.));
#1675 = ORIENTED_EDGE('',*,*,#1676,.T.);
#1676 = EDGE_CURVE('',#1669,#1677,#1679,.T.);
#1677 = VERTEX_POINT('',#1678);
#1678 = CARTESIAN_POINT('',(-0.32,-5.4,0.));
#1679 = LINE('',#1680,#1681);
#1680 = CARTESIAN_POINT('',(-0.16,-5.4,0.));
#1681 = VECTOR('',#1682,1.);
#1682 = DIRECTION('',(-1.,0.,0.));
#1683 = ORIENTED_EDGE('',*,*,#1684,.T.);
#1684 = EDGE_CURVE('',#1677,#1661,#1685,.T.);
#1685 = LINE('',#1686,#1687);
#1686 = CARTESIAN_POINT('',(-0.32,-3.97,0.));
#1687 = VECTOR('',#1688,1.);
#1688 = DIRECTION('',(0.,1.,0.));
#1689 = PLANE('',#1690);
#1690 = AXIS2_PLACEMENT_3D('',#1691,#1692,#1693);
#1691 = CARTESIAN_POINT('',(5.398204781459E-17,-2.54,0.));
#1692 = DIRECTION('',(0.,0.,1.));
#1693 = DIRECTION('',(1.,0.,-0.));
#1694 = ADVANCED_FACE('',(#1695,#1834,#1868,#1902),#1936,.T.);
#1695 = FACE_BOUND('',#1696,.T.);
#1696 = EDGE_LOOP('',(#1697,#1698,#1699,#1707,#1715,#1723,#1731,#1739,
    #1747,#1755,#1763,#1771,#1779,#1787,#1795,#1803,#1811,#1819,#1827,
    #1833));
#1697 = ORIENTED_EDGE('',*,*,#1359,.T.);
#1698 = ORIENTED_EDGE('',*,*,#1421,.T.);
#1699 = ORIENTED_EDGE('',*,*,#1700,.T.);
#1700 = EDGE_CURVE('',#1422,#1701,#1703,.T.);
#1701 = VERTEX_POINT('',#1702);
#1702 = CARTESIAN_POINT('',(-1.016,-1.27,2.54));
#1703 = LINE('',#1704,#1705);
#1704 = CARTESIAN_POINT('',(-1.27,-1.016,2.54));
#1705 = VECTOR('',#1706,1.);
#1706 = DIRECTION('',(0.707106781187,-0.707106781187,0.));
#1707 = ORIENTED_EDGE('',*,*,#1708,.T.);
#1708 = EDGE_CURVE('',#1701,#1709,#1711,.T.);
#1709 = VERTEX_POINT('',#1710);
#1710 = CARTESIAN_POINT('',(-1.27,-1.524,2.54));
#1711 = LINE('',#1712,#1713);
#1712 = CARTESIAN_POINT('',(-1.016,-1.27,2.54));
#1713 = VECTOR('',#1714,1.);
#1714 = DIRECTION('',(-0.707106781187,-0.707106781187,0.));
#1715 = ORIENTED_EDGE('',*,*,#1716,.T.);
#1716 = EDGE_CURVE('',#1709,#1717,#1719,.T.);
#1717 = VERTEX_POINT('',#1718);
#1718 = CARTESIAN_POINT('',(-1.27,-3.556,2.54));
#1719 = LINE('',#1720,#1721);
#1720 = CARTESIAN_POINT('',(-1.27,-1.524,2.54));
#1721 = VECTOR('',#1722,1.);
#1722 = DIRECTION('',(0.,-1.,0.));
#1723 = ORIENTED_EDGE('',*,*,#1724,.T.);
#1724 = EDGE_CURVE('',#1717,#1725,#1727,.T.);
#1725 = VERTEX_POINT('',#1726);
#1726 = CARTESIAN_POINT('',(-1.016,-3.81,2.54));
#1727 = LINE('',#1728,#1729);
#1728 = CARTESIAN_POINT('',(-1.27,-3.556,2.54));
#1729 = VECTOR('',#1730,1.);
#1730 = DIRECTION('',(0.707106781187,-0.707106781187,0.));
#1731 = ORIENTED_EDGE('',*,*,#1732,.T.);
#1732 = EDGE_CURVE('',#1725,#1733,#1735,.T.);
#1733 = VERTEX_POINT('',#1734);
#1734 = CARTESIAN_POINT('',(-1.27,-4.064,2.54));
#1735 = LINE('',#1736,#1737);
#1736 = CARTESIAN_POINT('',(-1.016,-3.81,2.54));
#1737 = VECTOR('',#1738,1.);
#1738 = DIRECTION('',(-0.707106781187,-0.707106781187,0.));
#1739 = ORIENTED_EDGE('',*,*,#1740,.T.);
#1740 = EDGE_CURVE('',#1733,#1741,#1743,.T.);
#1741 = VERTEX_POINT('',#1742);
#1742 = CARTESIAN_POINT('',(-1.27,-6.096,2.54));
#1743 = LINE('',#1744,#1745);
#1744 = CARTESIAN_POINT('',(-1.27,-4.064,2.54));
#1745 = VECTOR('',#1746,1.);
#1746 = DIRECTION('',(0.,-1.,0.));
#1747 = ORIENTED_EDGE('',*,*,#1748,.T.);
#1748 = EDGE_CURVE('',#1741,#1749,#1751,.T.);
#1749 = VERTEX_POINT('',#1750);
#1750 = CARTESIAN_POINT('',(-1.016,-6.35,2.54));
#1751 = LINE('',#1752,#1753);
#1752 = CARTESIAN_POINT('',(-1.27,-6.096,2.54));
#1753 = VECTOR('',#1754,1.);
#1754 = DIRECTION('',(0.707106781187,-0.707106781187,0.));
#1755 = ORIENTED_EDGE('',*,*,#1756,.T.);
#1756 = EDGE_CURVE('',#1749,#1757,#1759,.T.);
#1757 = VERTEX_POINT('',#1758);
#1758 = CARTESIAN_POINT('',(1.016,-6.35,2.54));
#1759 = LINE('',#1760,#1761);
#1760 = CARTESIAN_POINT('',(-1.016,-6.35,2.54));
#1761 = VECTOR('',#1762,1.);
#1762 = DIRECTION('',(1.,0.,0.));
#1763 = ORIENTED_EDGE('',*,*,#1764,.T.);
#1764 = EDGE_CURVE('',#1757,#1765,#1767,.T.);
#1765 = VERTEX_POINT('',#1766);
#1766 = CARTESIAN_POINT('',(1.27,-6.096,2.54));
#1767 = LINE('',#1768,#1769);
#1768 = CARTESIAN_POINT('',(1.016,-6.35,2.54));
#1769 = VECTOR('',#1770,1.);
#1770 = DIRECTION('',(0.707106781187,0.707106781187,0.));
#1771 = ORIENTED_EDGE('',*,*,#1772,.T.);
#1772 = EDGE_CURVE('',#1765,#1773,#1775,.T.);
#1773 = VERTEX_POINT('',#1774);
#1774 = CARTESIAN_POINT('',(1.27,-4.064,2.54));
#1775 = LINE('',#1776,#1777);
#1776 = CARTESIAN_POINT('',(1.27,-6.096,2.54));
#1777 = VECTOR('',#1778,1.);
#1778 = DIRECTION('',(0.,1.,0.));
#1779 = ORIENTED_EDGE('',*,*,#1780,.T.);
#1780 = EDGE_CURVE('',#1773,#1781,#1783,.T.);
#1781 = VERTEX_POINT('',#1782);
#1782 = CARTESIAN_POINT('',(1.016,-3.81,2.54));
#1783 = LINE('',#1784,#1785);
#1784 = CARTESIAN_POINT('',(1.27,-4.064,2.54));
#1785 = VECTOR('',#1786,1.);
#1786 = DIRECTION('',(-0.707106781187,0.707106781187,0.));
#1787 = ORIENTED_EDGE('',*,*,#1788,.T.);
#1788 = EDGE_CURVE('',#1781,#1789,#1791,.T.);
#1789 = VERTEX_POINT('',#1790);
#1790 = CARTESIAN_POINT('',(1.27,-3.556,2.54));
#1791 = LINE('',#1792,#1793);
#1792 = CARTESIAN_POINT('',(1.016,-3.81,2.54));
#1793 = VECTOR('',#1794,1.);
#1794 = DIRECTION('',(0.707106781187,0.707106781187,0.));
#1795 = ORIENTED_EDGE('',*,*,#1796,.T.);
#1796 = EDGE_CURVE('',#1789,#1797,#1799,.T.);
#1797 = VERTEX_POINT('',#1798);
#1798 = CARTESIAN_POINT('',(1.27,-1.524,2.54));
#1799 = LINE('',#1800,#1801);
#1800 = CARTESIAN_POINT('',(1.27,-3.556,2.54));
#1801 = VECTOR('',#1802,1.);
#1802 = DIRECTION('',(0.,1.,0.));
#1803 = ORIENTED_EDGE('',*,*,#1804,.T.);
#1804 = EDGE_CURVE('',#1797,#1805,#1807,.T.);
#1805 = VERTEX_POINT('',#1806);
#1806 = CARTESIAN_POINT('',(1.016,-1.27,2.54));
#1807 = LINE('',#1808,#1809);
#1808 = CARTESIAN_POINT('',(1.27,-1.524,2.54));
#1809 = VECTOR('',#1810,1.);
#1810 = DIRECTION('',(-0.707106781187,0.707106781187,0.));
#1811 = ORIENTED_EDGE('',*,*,#1812,.T.);
#1812 = EDGE_CURVE('',#1805,#1813,#1815,.T.);
#1813 = VERTEX_POINT('',#1814);
#1814 = CARTESIAN_POINT('',(1.27,-1.016,2.54));
#1815 = LINE('',#1816,#1817);
#1816 = CARTESIAN_POINT('',(1.016,-1.27,2.54));
#1817 = VECTOR('',#1818,1.);
#1818 = DIRECTION('',(0.707106781187,0.707106781187,0.));
#1819 = ORIENTED_EDGE('',*,*,#1820,.T.);
#1820 = EDGE_CURVE('',#1813,#1821,#1823,.T.);
#1821 = VERTEX_POINT('',#1822);
#1822 = CARTESIAN_POINT('',(1.27,1.016,2.54));
#1823 = LINE('',#1824,#1825);
#1824 = CARTESIAN_POINT('',(1.27,-1.016,2.54));
#1825 = VECTOR('',#1826,1.);
#1826 = DIRECTION('',(0.,1.,0.));
#1827 = ORIENTED_EDGE('',*,*,#1828,.T.);
#1828 = EDGE_CURVE('',#1821,#1392,#1829,.T.);
#1829 = LINE('',#1830,#1831);
#1830 = CARTESIAN_POINT('',(1.27,1.016,2.54));
#1831 = VECTOR('',#1832,1.);
#1832 = DIRECTION('',(-0.707106781187,0.707106781187,0.));
#1833 = ORIENTED_EDGE('',*,*,#1399,.T.);
#1834 = FACE_BOUND('',#1835,.T.);
#1835 = EDGE_LOOP('',(#1836,#1846,#1854,#1862));
#1836 = ORIENTED_EDGE('',*,*,#1837,.F.);
#1837 = EDGE_CURVE('',#1838,#1840,#1842,.T.);
#1838 = VERTEX_POINT('',#1839);
#1839 = CARTESIAN_POINT('',(0.32,-0.32,2.54));
#1840 = VERTEX_POINT('',#1841);
#1841 = CARTESIAN_POINT('',(0.32,0.32,2.54));
#1842 = LINE('',#1843,#1844);
#1843 = CARTESIAN_POINT('',(0.32,-1.43,2.54));
#1844 = VECTOR('',#1845,1.);
#1845 = DIRECTION('',(0.,1.,0.));
#1846 = ORIENTED_EDGE('',*,*,#1847,.T.);
#1847 = EDGE_CURVE('',#1838,#1848,#1850,.T.);
#1848 = VERTEX_POINT('',#1849);
#1849 = CARTESIAN_POINT('',(-0.32,-0.32,2.54));
#1850 = LINE('',#1851,#1852);
#1851 = CARTESIAN_POINT('',(-0.16,-0.32,2.54));
#1852 = VECTOR('',#1853,1.);
#1853 = DIRECTION('',(-1.,0.,0.));
#1854 = ORIENTED_EDGE('',*,*,#1855,.T.);
#1855 = EDGE_CURVE('',#1848,#1856,#1858,.T.);
#1856 = VERTEX_POINT('',#1857);
#1857 = CARTESIAN_POINT('',(-0.32,0.32,2.54));
#1858 = LINE('',#1859,#1860);
#1859 = CARTESIAN_POINT('',(-0.32,-1.43,2.54));
#1860 = VECTOR('',#1861,1.);
#1861 = DIRECTION('',(0.,1.,0.));
#1862 = ORIENTED_EDGE('',*,*,#1863,.F.);
#1863 = EDGE_CURVE('',#1840,#1856,#1864,.T.);
#1864 = LINE('',#1865,#1866);
#1865 = CARTESIAN_POINT('',(-0.16,0.32,2.54));
#1866 = VECTOR('',#1867,1.);
#1867 = DIRECTION('',(-1.,0.,0.));
#1868 = FACE_BOUND('',#1869,.T.);
#1869 = EDGE_LOOP('',(#1870,#1880,#1888,#1896));
#1870 = ORIENTED_EDGE('',*,*,#1871,.T.);
#1871 = EDGE_CURVE('',#1872,#1874,#1876,.T.);
#1872 = VERTEX_POINT('',#1873);
#1873 = CARTESIAN_POINT('',(0.32,-2.86,2.54));
#1874 = VERTEX_POINT('',#1875);
#1875 = CARTESIAN_POINT('',(-0.32,-2.86,2.54));
#1876 = LINE('',#1877,#1878);
#1877 = CARTESIAN_POINT('',(-0.16,-2.86,2.54));
#1878 = VECTOR('',#1879,1.);
#1879 = DIRECTION('',(-1.,0.,0.));
#1880 = ORIENTED_EDGE('',*,*,#1881,.T.);
#1881 = EDGE_CURVE('',#1874,#1882,#1884,.T.);
#1882 = VERTEX_POINT('',#1883);
#1883 = CARTESIAN_POINT('',(-0.32,-2.22,2.54));
#1884 = LINE('',#1885,#1886);
#1885 = CARTESIAN_POINT('',(-0.32,-2.7,2.54));
#1886 = VECTOR('',#1887,1.);
#1887 = DIRECTION('',(0.,1.,0.));
#1888 = ORIENTED_EDGE('',*,*,#1889,.F.);
#1889 = EDGE_CURVE('',#1890,#1882,#1892,.T.);
#1890 = VERTEX_POINT('',#1891);
#1891 = CARTESIAN_POINT('',(0.32,-2.22,2.54));
#1892 = LINE('',#1893,#1894);
#1893 = CARTESIAN_POINT('',(-0.16,-2.22,2.54));
#1894 = VECTOR('',#1895,1.);
#1895 = DIRECTION('',(-1.,0.,0.));
#1896 = ORIENTED_EDGE('',*,*,#1897,.F.);
#1897 = EDGE_CURVE('',#1872,#1890,#1898,.T.);
#1898 = LINE('',#1899,#1900);
#1899 = CARTESIAN_POINT('',(0.32,-2.7,2.54));
#1900 = VECTOR('',#1901,1.);
#1901 = DIRECTION('',(0.,1.,0.));
#1902 = FACE_BOUND('',#1903,.T.);
#1903 = EDGE_LOOP('',(#1904,#1914,#1922,#1930));
#1904 = ORIENTED_EDGE('',*,*,#1905,.F.);
#1905 = EDGE_CURVE('',#1906,#1908,#1910,.T.);
#1906 = VERTEX_POINT('',#1907);
#1907 = CARTESIAN_POINT('',(0.32,-4.76,2.54));
#1908 = VERTEX_POINT('',#1909);
#1909 = CARTESIAN_POINT('',(-0.32,-4.76,2.54));
#1910 = LINE('',#1911,#1912);
#1911 = CARTESIAN_POINT('',(-0.16,-4.76,2.54));
#1912 = VECTOR('',#1913,1.);
#1913 = DIRECTION('',(-1.,0.,0.));
#1914 = ORIENTED_EDGE('',*,*,#1915,.F.);
#1915 = EDGE_CURVE('',#1916,#1906,#1918,.T.);
#1916 = VERTEX_POINT('',#1917);
#1917 = CARTESIAN_POINT('',(0.32,-5.4,2.54));
#1918 = LINE('',#1919,#1920);
#1919 = CARTESIAN_POINT('',(0.32,-3.97,2.54));
#1920 = VECTOR('',#1921,1.);
#1921 = DIRECTION('',(0.,1.,0.));
#1922 = ORIENTED_EDGE('',*,*,#1923,.T.);
#1923 = EDGE_CURVE('',#1916,#1924,#1926,.T.);
#1924 = VERTEX_POINT('',#1925);
#1925 = CARTESIAN_POINT('',(-0.32,-5.4,2.54));
#1926 = LINE('',#1927,#1928);
#1927 = CARTESIAN_POINT('',(-0.16,-5.4,2.54));
#1928 = VECTOR('',#1929,1.);
#1929 = DIRECTION('',(-1.,0.,0.));
#1930 = ORIENTED_EDGE('',*,*,#1931,.T.);
#1931 = EDGE_CURVE('',#1924,#1908,#1932,.T.);
#1932 = LINE('',#1933,#1934);
#1933 = CARTESIAN_POINT('',(-0.32,-3.97,2.54));
#1934 = VECTOR('',#1935,1.);
#1935 = DIRECTION('',(0.,1.,0.));
#1936 = PLANE('',#1937);
#1937 = AXIS2_PLACEMENT_3D('',#1938,#1939,#1940);
#1938 = CARTESIAN_POINT('',(5.398204781459E-17,-2.54,2.54));
#1939 = DIRECTION('',(0.,0.,1.));
#1940 = DIRECTION('',(1.,0.,-0.));
#1941 = ADVANCED_FACE('',(#1942),#1953,.F.);
#1942 = FACE_BOUND('',#1943,.F.);
#1943 = EDGE_LOOP('',(#1944,#1950,#1951,#1952));
#1944 = ORIENTED_EDGE('',*,*,#1945,.T.);
#1945 = EDGE_CURVE('',#1574,#1821,#1946,.T.);
#1946 = LINE('',#1947,#1948);
#1947 = CARTESIAN_POINT('',(1.27,1.016,0.));
#1948 = VECTOR('',#1949,1.);
#1949 = DIRECTION('',(0.,0.,1.));
#1950 = ORIENTED_EDGE('',*,*,#1828,.T.);
#1951 = ORIENTED_EDGE('',*,*,#1389,.F.);
#1952 = ORIENTED_EDGE('',*,*,#1581,.F.);
#1953 = PLANE('',#1954);
#1954 = AXIS2_PLACEMENT_3D('',#1955,#1956,#1957);
#1955 = CARTESIAN_POINT('',(1.27,1.016,0.));
#1956 = DIRECTION('',(-0.707106781187,-0.707106781187,0.));
#1957 = DIRECTION('',(-0.707106781187,0.707106781187,0.));
#1958 = ADVANCED_FACE('',(#1959),#1970,.F.);
#1959 = FACE_BOUND('',#1960,.F.);
#1960 = EDGE_LOOP('',(#1961,#1962,#1963,#1969));
#1961 = ORIENTED_EDGE('',*,*,#1429,.T.);
#1962 = ORIENTED_EDGE('',*,*,#1700,.T.);
#1963 = ORIENTED_EDGE('',*,*,#1964,.F.);
#1964 = EDGE_CURVE('',#1454,#1701,#1965,.T.);
#1965 = LINE('',#1966,#1967);
#1966 = CARTESIAN_POINT('',(-1.016,-1.27,0.));
#1967 = VECTOR('',#1968,1.);
#1968 = DIRECTION('',(0.,0.,1.));
#1969 = ORIENTED_EDGE('',*,*,#1453,.F.);
#1970 = PLANE('',#1971);
#1971 = AXIS2_PLACEMENT_3D('',#1972,#1973,#1974);
#1972 = CARTESIAN_POINT('',(-1.27,-1.016,0.));
#1973 = DIRECTION('',(0.707106781187,0.707106781187,0.));
#1974 = DIRECTION('',(0.707106781187,-0.707106781187,0.));
#1975 = ADVANCED_FACE('',(#1976),#1987,.F.);
#1976 = FACE_BOUND('',#1977,.F.);
#1977 = EDGE_LOOP('',(#1978,#1984,#1985,#1986));
#1978 = ORIENTED_EDGE('',*,*,#1979,.T.);
#1979 = EDGE_CURVE('',#1566,#1813,#1980,.T.);
#1980 = LINE('',#1981,#1982);
#1981 = CARTESIAN_POINT('',(1.27,-1.016,0.));
#1982 = VECTOR('',#1983,1.);
#1983 = DIRECTION('',(0.,0.,1.));
#1984 = ORIENTED_EDGE('',*,*,#1820,.T.);
#1985 = ORIENTED_EDGE('',*,*,#1945,.F.);
#1986 = ORIENTED_EDGE('',*,*,#1573,.F.);
#1987 = PLANE('',#1988);
#1988 = AXIS2_PLACEMENT_3D('',#1989,#1990,#1991);
#1989 = CARTESIAN_POINT('',(1.27,-1.016,0.));
#1990 = DIRECTION('',(-1.,0.,0.));
#1991 = DIRECTION('',(0.,1.,0.));
#1992 = ADVANCED_FACE('',(#1993),#2004,.F.);
#1993 = FACE_BOUND('',#1994,.F.);
#1994 = EDGE_LOOP('',(#1995,#1996,#1997,#2003));
#1995 = ORIENTED_EDGE('',*,*,#1964,.T.);
#1996 = ORIENTED_EDGE('',*,*,#1708,.T.);
#1997 = ORIENTED_EDGE('',*,*,#1998,.F.);
#1998 = EDGE_CURVE('',#1462,#1709,#1999,.T.);
#1999 = LINE('',#2000,#2001);
#2000 = CARTESIAN_POINT('',(-1.27,-1.524,0.));
#2001 = VECTOR('',#2002,1.);
#2002 = DIRECTION('',(0.,0.,1.));
#2003 = ORIENTED_EDGE('',*,*,#1461,.F.);
#2004 = PLANE('',#2005);
#2005 = AXIS2_PLACEMENT_3D('',#2006,#2007,#2008);
#2006 = CARTESIAN_POINT('',(-1.016,-1.27,0.));
#2007 = DIRECTION('',(0.707106781187,-0.707106781187,0.));
#2008 = DIRECTION('',(-0.707106781187,-0.707106781187,0.));
#2009 = ADVANCED_FACE('',(#2010),#2021,.F.);
#2010 = FACE_BOUND('',#2011,.F.);
#2011 = EDGE_LOOP('',(#2012,#2018,#2019,#2020));
#2012 = ORIENTED_EDGE('',*,*,#2013,.T.);
#2013 = EDGE_CURVE('',#1558,#1805,#2014,.T.);
#2014 = LINE('',#2015,#2016);
#2015 = CARTESIAN_POINT('',(1.016,-1.27,0.));
#2016 = VECTOR('',#2017,1.);
#2017 = DIRECTION('',(0.,0.,1.));
#2018 = ORIENTED_EDGE('',*,*,#1812,.T.);
#2019 = ORIENTED_EDGE('',*,*,#1979,.F.);
#2020 = ORIENTED_EDGE('',*,*,#1565,.F.);
#2021 = PLANE('',#2022);
#2022 = AXIS2_PLACEMENT_3D('',#2023,#2024,#2025);
#2023 = CARTESIAN_POINT('',(1.016,-1.27,0.));
#2024 = DIRECTION('',(-0.707106781187,0.707106781187,0.));
#2025 = DIRECTION('',(0.707106781187,0.707106781187,0.));
#2026 = ADVANCED_FACE('',(#2027),#2038,.F.);
#2027 = FACE_BOUND('',#2028,.F.);
#2028 = EDGE_LOOP('',(#2029,#2030,#2031,#2037));
#2029 = ORIENTED_EDGE('',*,*,#1998,.T.);
#2030 = ORIENTED_EDGE('',*,*,#1716,.T.);
#2031 = ORIENTED_EDGE('',*,*,#2032,.F.);
#2032 = EDGE_CURVE('',#1470,#1717,#2033,.T.);
#2033 = LINE('',#2034,#2035);
#2034 = CARTESIAN_POINT('',(-1.27,-3.556,0.));
#2035 = VECTOR('',#2036,1.);
#2036 = DIRECTION('',(0.,0.,1.));
#2037 = ORIENTED_EDGE('',*,*,#1469,.F.);
#2038 = PLANE('',#2039);
#2039 = AXIS2_PLACEMENT_3D('',#2040,#2041,#2042);
#2040 = CARTESIAN_POINT('',(-1.27,-1.524,0.));
#2041 = DIRECTION('',(1.,0.,0.));
#2042 = DIRECTION('',(0.,-1.,0.));
#2043 = ADVANCED_FACE('',(#2044),#2055,.F.);
#2044 = FACE_BOUND('',#2045,.F.);
#2045 = EDGE_LOOP('',(#2046,#2052,#2053,#2054));
#2046 = ORIENTED_EDGE('',*,*,#2047,.T.);
#2047 = EDGE_CURVE('',#1550,#1797,#2048,.T.);
#2048 = LINE('',#2049,#2050);
#2049 = CARTESIAN_POINT('',(1.27,-1.524,0.));
#2050 = VECTOR('',#2051,1.);
#2051 = DIRECTION('',(0.,0.,1.));
#2052 = ORIENTED_EDGE('',*,*,#1804,.T.);
#2053 = ORIENTED_EDGE('',*,*,#2013,.F.);
#2054 = ORIENTED_EDGE('',*,*,#1557,.F.);
#2055 = PLANE('',#2056);
#2056 = AXIS2_PLACEMENT_3D('',#2057,#2058,#2059);
#2057 = CARTESIAN_POINT('',(1.27,-1.524,0.));
#2058 = DIRECTION('',(-0.707106781187,-0.707106781187,0.));
#2059 = DIRECTION('',(-0.707106781187,0.707106781187,0.));
#2060 = ADVANCED_FACE('',(#2061),#2072,.F.);
#2061 = FACE_BOUND('',#2062,.F.);
#2062 = EDGE_LOOP('',(#2063,#2064,#2065,#2071));
#2063 = ORIENTED_EDGE('',*,*,#2032,.T.);
#2064 = ORIENTED_EDGE('',*,*,#1724,.T.);
#2065 = ORIENTED_EDGE('',*,*,#2066,.F.);
#2066 = EDGE_CURVE('',#1478,#1725,#2067,.T.);
#2067 = LINE('',#2068,#2069);
#2068 = CARTESIAN_POINT('',(-1.016,-3.81,0.));
#2069 = VECTOR('',#2070,1.);
#2070 = DIRECTION('',(0.,0.,1.));
#2071 = ORIENTED_EDGE('',*,*,#1477,.F.);
#2072 = PLANE('',#2073);
#2073 = AXIS2_PLACEMENT_3D('',#2074,#2075,#2076);
#2074 = CARTESIAN_POINT('',(-1.27,-3.556,0.));
#2075 = DIRECTION('',(0.707106781187,0.707106781187,0.));
#2076 = DIRECTION('',(0.707106781187,-0.707106781187,0.));
#2077 = ADVANCED_FACE('',(#2078),#2089,.F.);
#2078 = FACE_BOUND('',#2079,.F.);
#2079 = EDGE_LOOP('',(#2080,#2086,#2087,#2088));
#2080 = ORIENTED_EDGE('',*,*,#2081,.T.);
#2081 = EDGE_CURVE('',#1542,#1789,#2082,.T.);
#2082 = LINE('',#2083,#2084);
#2083 = CARTESIAN_POINT('',(1.27,-3.556,0.));
#2084 = VECTOR('',#2085,1.);
#2085 = DIRECTION('',(0.,0.,1.));
#2086 = ORIENTED_EDGE('',*,*,#1796,.T.);
#2087 = ORIENTED_EDGE('',*,*,#2047,.F.);
#2088 = ORIENTED_EDGE('',*,*,#1549,.F.);
#2089 = PLANE('',#2090);
#2090 = AXIS2_PLACEMENT_3D('',#2091,#2092,#2093);
#2091 = CARTESIAN_POINT('',(1.27,-3.556,0.));
#2092 = DIRECTION('',(-1.,0.,0.));
#2093 = DIRECTION('',(0.,1.,0.));
#2094 = ADVANCED_FACE('',(#2095),#2106,.F.);
#2095 = FACE_BOUND('',#2096,.F.);
#2096 = EDGE_LOOP('',(#2097,#2098,#2099,#2105));
#2097 = ORIENTED_EDGE('',*,*,#2066,.T.);
#2098 = ORIENTED_EDGE('',*,*,#1732,.T.);
#2099 = ORIENTED_EDGE('',*,*,#2100,.F.);
#2100 = EDGE_CURVE('',#1486,#1733,#2101,.T.);
#2101 = LINE('',#2102,#2103);
#2102 = CARTESIAN_POINT('',(-1.27,-4.064,0.));
#2103 = VECTOR('',#2104,1.);
#2104 = DIRECTION('',(0.,0.,1.));
#2105 = ORIENTED_EDGE('',*,*,#1485,.F.);
#2106 = PLANE('',#2107);
#2107 = AXIS2_PLACEMENT_3D('',#2108,#2109,#2110);
#2108 = CARTESIAN_POINT('',(-1.016,-3.81,0.));
#2109 = DIRECTION('',(0.707106781187,-0.707106781187,0.));
#2110 = DIRECTION('',(-0.707106781187,-0.707106781187,0.));
#2111 = ADVANCED_FACE('',(#2112),#2123,.F.);
#2112 = FACE_BOUND('',#2113,.F.);
#2113 = EDGE_LOOP('',(#2114,#2120,#2121,#2122));
#2114 = ORIENTED_EDGE('',*,*,#2115,.T.);
#2115 = EDGE_CURVE('',#1534,#1781,#2116,.T.);
#2116 = LINE('',#2117,#2118);
#2117 = CARTESIAN_POINT('',(1.016,-3.81,0.));
#2118 = VECTOR('',#2119,1.);
#2119 = DIRECTION('',(0.,0.,1.));
#2120 = ORIENTED_EDGE('',*,*,#1788,.T.);
#2121 = ORIENTED_EDGE('',*,*,#2081,.F.);
#2122 = ORIENTED_EDGE('',*,*,#1541,.F.);
#2123 = PLANE('',#2124);
#2124 = AXIS2_PLACEMENT_3D('',#2125,#2126,#2127);
#2125 = CARTESIAN_POINT('',(1.016,-3.81,0.));
#2126 = DIRECTION('',(-0.707106781187,0.707106781187,0.));
#2127 = DIRECTION('',(0.707106781187,0.707106781187,0.));
#2128 = ADVANCED_FACE('',(#2129),#2140,.F.);
#2129 = FACE_BOUND('',#2130,.F.);
#2130 = EDGE_LOOP('',(#2131,#2132,#2133,#2139));
#2131 = ORIENTED_EDGE('',*,*,#2100,.T.);
#2132 = ORIENTED_EDGE('',*,*,#1740,.T.);
#2133 = ORIENTED_EDGE('',*,*,#2134,.F.);
#2134 = EDGE_CURVE('',#1494,#1741,#2135,.T.);
#2135 = LINE('',#2136,#2137);
#2136 = CARTESIAN_POINT('',(-1.27,-6.096,0.));
#2137 = VECTOR('',#2138,1.);
#2138 = DIRECTION('',(0.,0.,1.));
#2139 = ORIENTED_EDGE('',*,*,#1493,.F.);
#2140 = PLANE('',#2141);
#2141 = AXIS2_PLACEMENT_3D('',#2142,#2143,#2144);
#2142 = CARTESIAN_POINT('',(-1.27,-4.064,0.));
#2143 = DIRECTION('',(1.,0.,0.));
#2144 = DIRECTION('',(0.,-1.,0.));
#2145 = ADVANCED_FACE('',(#2146),#2157,.F.);
#2146 = FACE_BOUND('',#2147,.F.);
#2147 = EDGE_LOOP('',(#2148,#2154,#2155,#2156));
#2148 = ORIENTED_EDGE('',*,*,#2149,.T.);
#2149 = EDGE_CURVE('',#1526,#1773,#2150,.T.);
#2150 = LINE('',#2151,#2152);
#2151 = CARTESIAN_POINT('',(1.27,-4.064,0.));
#2152 = VECTOR('',#2153,1.);
#2153 = DIRECTION('',(0.,0.,1.));
#2154 = ORIENTED_EDGE('',*,*,#1780,.T.);
#2155 = ORIENTED_EDGE('',*,*,#2115,.F.);
#2156 = ORIENTED_EDGE('',*,*,#1533,.F.);
#2157 = PLANE('',#2158);
#2158 = AXIS2_PLACEMENT_3D('',#2159,#2160,#2161);
#2159 = CARTESIAN_POINT('',(1.27,-4.064,0.));
#2160 = DIRECTION('',(-0.707106781187,-0.707106781187,0.));
#2161 = DIRECTION('',(-0.707106781187,0.707106781187,0.));
#2162 = ADVANCED_FACE('',(#2163),#2174,.F.);
#2163 = FACE_BOUND('',#2164,.F.);
#2164 = EDGE_LOOP('',(#2165,#2166,#2167,#2173));
#2165 = ORIENTED_EDGE('',*,*,#2134,.T.);
#2166 = ORIENTED_EDGE('',*,*,#1748,.T.);
#2167 = ORIENTED_EDGE('',*,*,#2168,.F.);
#2168 = EDGE_CURVE('',#1502,#1749,#2169,.T.);
#2169 = LINE('',#2170,#2171);
#2170 = CARTESIAN_POINT('',(-1.016,-6.35,0.));
#2171 = VECTOR('',#2172,1.);
#2172 = DIRECTION('',(0.,0.,1.));
#2173 = ORIENTED_EDGE('',*,*,#1501,.F.);
#2174 = PLANE('',#2175);
#2175 = AXIS2_PLACEMENT_3D('',#2176,#2177,#2178);
#2176 = CARTESIAN_POINT('',(-1.27,-6.096,0.));
#2177 = DIRECTION('',(0.707106781187,0.707106781187,0.));
#2178 = DIRECTION('',(0.707106781187,-0.707106781187,0.));
#2179 = ADVANCED_FACE('',(#2180),#2191,.F.);
#2180 = FACE_BOUND('',#2181,.F.);
#2181 = EDGE_LOOP('',(#2182,#2188,#2189,#2190));
#2182 = ORIENTED_EDGE('',*,*,#2183,.T.);
#2183 = EDGE_CURVE('',#1518,#1765,#2184,.T.);
#2184 = LINE('',#2185,#2186);
#2185 = CARTESIAN_POINT('',(1.27,-6.096,0.));
#2186 = VECTOR('',#2187,1.);
#2187 = DIRECTION('',(0.,0.,1.));
#2188 = ORIENTED_EDGE('',*,*,#1772,.T.);
#2189 = ORIENTED_EDGE('',*,*,#2149,.F.);
#2190 = ORIENTED_EDGE('',*,*,#1525,.F.);
#2191 = PLANE('',#2192);
#2192 = AXIS2_PLACEMENT_3D('',#2193,#2194,#2195);
#2193 = CARTESIAN_POINT('',(1.27,-6.096,0.));
#2194 = DIRECTION('',(-1.,0.,0.));
#2195 = DIRECTION('',(0.,1.,0.));
#2196 = ADVANCED_FACE('',(#2197),#2208,.F.);
#2197 = FACE_BOUND('',#2198,.F.);
#2198 = EDGE_LOOP('',(#2199,#2200,#2201,#2207));
#2199 = ORIENTED_EDGE('',*,*,#2168,.T.);
#2200 = ORIENTED_EDGE('',*,*,#1756,.T.);
#2201 = ORIENTED_EDGE('',*,*,#2202,.F.);
#2202 = EDGE_CURVE('',#1510,#1757,#2203,.T.);
#2203 = LINE('',#2204,#2205);
#2204 = CARTESIAN_POINT('',(1.016,-6.35,0.));
#2205 = VECTOR('',#2206,1.);
#2206 = DIRECTION('',(0.,0.,1.));
#2207 = ORIENTED_EDGE('',*,*,#1509,.F.);
#2208 = PLANE('',#2209);
#2209 = AXIS2_PLACEMENT_3D('',#2210,#2211,#2212);
#2210 = CARTESIAN_POINT('',(-1.016,-6.35,0.));
#2211 = DIRECTION('',(0.,1.,0.));
#2212 = DIRECTION('',(1.,0.,0.));
#2213 = ADVANCED_FACE('',(#2214),#2220,.F.);
#2214 = FACE_BOUND('',#2215,.F.);
#2215 = EDGE_LOOP('',(#2216,#2217,#2218,#2219));
#2216 = ORIENTED_EDGE('',*,*,#2202,.T.);
#2217 = ORIENTED_EDGE('',*,*,#1764,.T.);
#2218 = ORIENTED_EDGE('',*,*,#2183,.F.);
#2219 = ORIENTED_EDGE('',*,*,#1517,.F.);
#2220 = PLANE('',#2221);
#2221 = AXIS2_PLACEMENT_3D('',#2222,#2223,#2224);
#2222 = CARTESIAN_POINT('',(1.016,-6.35,0.));
#2223 = DIRECTION('',(-0.707106781187,0.707106781187,0.));
#2224 = DIRECTION('',(0.707106781187,0.707106781187,0.));
#2225 = ADVANCED_FACE('',(#2226),#2251,.T.);
#2226 = FACE_BOUND('',#2227,.T.);
#2227 = EDGE_LOOP('',(#2228,#2236,#2244,#2250));
#2228 = ORIENTED_EDGE('',*,*,#2229,.F.);
#2229 = EDGE_CURVE('',#2230,#1591,#2232,.T.);
#2230 = VERTEX_POINT('',#2231);
#2231 = CARTESIAN_POINT('',(0.32,-0.32,-2.84));
#2232 = LINE('',#2233,#2234);
#2233 = CARTESIAN_POINT('',(0.32,-0.32,-3.));
#2234 = VECTOR('',#2235,1.);
#2235 = DIRECTION('',(0.,0.,1.));
#2236 = ORIENTED_EDGE('',*,*,#2237,.T.);
#2237 = EDGE_CURVE('',#2230,#2238,#2240,.T.);
#2238 = VERTEX_POINT('',#2239);
#2239 = CARTESIAN_POINT('',(0.32,0.32,-2.84));
#2240 = LINE('',#2241,#2242);
#2241 = CARTESIAN_POINT('',(0.32,-0.32,-2.84));
#2242 = VECTOR('',#2243,1.);
#2243 = DIRECTION('',(0.,1.,0.));
#2244 = ORIENTED_EDGE('',*,*,#2245,.T.);
#2245 = EDGE_CURVE('',#2238,#1593,#2246,.T.);
#2246 = LINE('',#2247,#2248);
#2247 = CARTESIAN_POINT('',(0.32,0.32,-3.));
#2248 = VECTOR('',#2249,1.);
#2249 = DIRECTION('',(0.,0.,1.));
#2250 = ORIENTED_EDGE('',*,*,#1590,.F.);
#2251 = PLANE('',#2252);
#2252 = AXIS2_PLACEMENT_3D('',#2253,#2254,#2255);
#2253 = CARTESIAN_POINT('',(0.32,-0.32,-3.));
#2254 = DIRECTION('',(1.,0.,0.));
#2255 = DIRECTION('',(0.,0.,1.));
#2256 = ADVANCED_FACE('',(#2257),#2275,.T.);
#2257 = FACE_BOUND('',#2258,.T.);
#2258 = EDGE_LOOP('',(#2259,#2260,#2268,#2274));
#2259 = ORIENTED_EDGE('',*,*,#2245,.F.);
#2260 = ORIENTED_EDGE('',*,*,#2261,.F.);
#2261 = EDGE_CURVE('',#2262,#2238,#2264,.T.);
#2262 = VERTEX_POINT('',#2263);
#2263 = CARTESIAN_POINT('',(-0.32,0.32,-2.84));
#2264 = LINE('',#2265,#2266);
#2265 = CARTESIAN_POINT('',(-0.32,0.32,-2.84));
#2266 = VECTOR('',#2267,1.);
#2267 = DIRECTION('',(1.,0.,0.));
#2268 = ORIENTED_EDGE('',*,*,#2269,.T.);
#2269 = EDGE_CURVE('',#2262,#1609,#2270,.T.);
#2270 = LINE('',#2271,#2272);
#2271 = CARTESIAN_POINT('',(-0.32,0.32,-3.));
#2272 = VECTOR('',#2273,1.);
#2273 = DIRECTION('',(0.,0.,1.));
#2274 = ORIENTED_EDGE('',*,*,#1616,.F.);
#2275 = PLANE('',#2276);
#2276 = AXIS2_PLACEMENT_3D('',#2277,#2278,#2279);
#2277 = CARTESIAN_POINT('',(-0.32,0.32,-3.));
#2278 = DIRECTION('',(0.,1.,0.));
#2279 = DIRECTION('',(0.,-0.,1.));
#2280 = ADVANCED_FACE('',(#2281),#2299,.F.);
#2281 = FACE_BOUND('',#2282,.F.);
#2282 = EDGE_LOOP('',(#2283,#2291,#2297,#2298));
#2283 = ORIENTED_EDGE('',*,*,#2284,.F.);
#2284 = EDGE_CURVE('',#2285,#1601,#2287,.T.);
#2285 = VERTEX_POINT('',#2286);
#2286 = CARTESIAN_POINT('',(-0.32,-0.32,-2.84));
#2287 = LINE('',#2288,#2289);
#2288 = CARTESIAN_POINT('',(-0.32,-0.32,-3.));
#2289 = VECTOR('',#2290,1.);
#2290 = DIRECTION('',(0.,0.,1.));
#2291 = ORIENTED_EDGE('',*,*,#2292,.T.);
#2292 = EDGE_CURVE('',#2285,#2262,#2293,.T.);
#2293 = LINE('',#2294,#2295);
#2294 = CARTESIAN_POINT('',(-0.32,-0.32,-2.84));
#2295 = VECTOR('',#2296,1.);
#2296 = DIRECTION('',(0.,1.,0.));
#2297 = ORIENTED_EDGE('',*,*,#2269,.T.);
#2298 = ORIENTED_EDGE('',*,*,#1608,.F.);
#2299 = PLANE('',#2300);
#2300 = AXIS2_PLACEMENT_3D('',#2301,#2302,#2303);
#2301 = CARTESIAN_POINT('',(-0.32,-0.32,-3.));
#2302 = DIRECTION('',(1.,0.,0.));
#2303 = DIRECTION('',(0.,0.,1.));
#2304 = ADVANCED_FACE('',(#2305),#2316,.F.);
#2305 = FACE_BOUND('',#2306,.F.);
#2306 = EDGE_LOOP('',(#2307,#2308,#2314,#2315));
#2307 = ORIENTED_EDGE('',*,*,#2229,.F.);
#2308 = ORIENTED_EDGE('',*,*,#2309,.F.);
#2309 = EDGE_CURVE('',#2285,#2230,#2310,.T.);
#2310 = LINE('',#2311,#2312);
#2311 = CARTESIAN_POINT('',(-0.32,-0.32,-2.84));
#2312 = VECTOR('',#2313,1.);
#2313 = DIRECTION('',(1.,0.,0.));
#2314 = ORIENTED_EDGE('',*,*,#2284,.T.);
#2315 = ORIENTED_EDGE('',*,*,#1600,.F.);
#2316 = PLANE('',#2317);
#2317 = AXIS2_PLACEMENT_3D('',#2318,#2319,#2320);
#2318 = CARTESIAN_POINT('',(-0.32,-0.32,-3.));
#2319 = DIRECTION('',(0.,1.,0.));
#2320 = DIRECTION('',(0.,-0.,1.));
#2321 = ADVANCED_FACE('',(#2322),#2347,.F.);
#2322 = FACE_BOUND('',#2323,.F.);
#2323 = EDGE_LOOP('',(#2324,#2332,#2340,#2346));
#2324 = ORIENTED_EDGE('',*,*,#2325,.F.);
#2325 = EDGE_CURVE('',#2326,#1625,#2328,.T.);
#2326 = VERTEX_POINT('',#2327);
#2327 = CARTESIAN_POINT('',(0.32,-2.86,-2.84));
#2328 = LINE('',#2329,#2330);
#2329 = CARTESIAN_POINT('',(0.32,-2.86,-3.));
#2330 = VECTOR('',#2331,1.);
#2331 = DIRECTION('',(0.,0.,1.));
#2332 = ORIENTED_EDGE('',*,*,#2333,.F.);
#2333 = EDGE_CURVE('',#2334,#2326,#2336,.T.);
#2334 = VERTEX_POINT('',#2335);
#2335 = CARTESIAN_POINT('',(-0.32,-2.86,-2.84));
#2336 = LINE('',#2337,#2338);
#2337 = CARTESIAN_POINT('',(-0.32,-2.86,-2.84));
#2338 = VECTOR('',#2339,1.);
#2339 = DIRECTION('',(1.,0.,0.));
#2340 = ORIENTED_EDGE('',*,*,#2341,.T.);
#2341 = EDGE_CURVE('',#2334,#1627,#2342,.T.);
#2342 = LINE('',#2343,#2344);
#2343 = CARTESIAN_POINT('',(-0.32,-2.86,-3.));
#2344 = VECTOR('',#2345,1.);
#2345 = DIRECTION('',(0.,0.,1.));
#2346 = ORIENTED_EDGE('',*,*,#1624,.F.);
#2347 = PLANE('',#2348);
#2348 = AXIS2_PLACEMENT_3D('',#2349,#2350,#2351);
#2349 = CARTESIAN_POINT('',(-0.32,-2.86,-3.));
#2350 = DIRECTION('',(0.,1.,0.));
#2351 = DIRECTION('',(0.,-0.,1.));
#2352 = ADVANCED_FACE('',(#2353),#2371,.T.);
#2353 = FACE_BOUND('',#2354,.T.);
#2354 = EDGE_LOOP('',(#2355,#2356,#2364,#2370));
#2355 = ORIENTED_EDGE('',*,*,#2325,.F.);
#2356 = ORIENTED_EDGE('',*,*,#2357,.T.);
#2357 = EDGE_CURVE('',#2326,#2358,#2360,.T.);
#2358 = VERTEX_POINT('',#2359);
#2359 = CARTESIAN_POINT('',(0.32,-2.22,-2.84));
#2360 = LINE('',#2361,#2362);
#2361 = CARTESIAN_POINT('',(0.32,-2.86,-2.84));
#2362 = VECTOR('',#2363,1.);
#2363 = DIRECTION('',(0.,1.,0.));
#2364 = ORIENTED_EDGE('',*,*,#2365,.T.);
#2365 = EDGE_CURVE('',#2358,#1643,#2366,.T.);
#2366 = LINE('',#2367,#2368);
#2367 = CARTESIAN_POINT('',(0.32,-2.22,-3.));
#2368 = VECTOR('',#2369,1.);
#2369 = DIRECTION('',(0.,0.,1.));
#2370 = ORIENTED_EDGE('',*,*,#1650,.F.);
#2371 = PLANE('',#2372);
#2372 = AXIS2_PLACEMENT_3D('',#2373,#2374,#2375);
#2373 = CARTESIAN_POINT('',(0.32,-2.86,-3.));
#2374 = DIRECTION('',(1.,0.,0.));
#2375 = DIRECTION('',(0.,0.,1.));
#2376 = ADVANCED_FACE('',(#2377),#2395,.T.);
#2377 = FACE_BOUND('',#2378,.T.);
#2378 = EDGE_LOOP('',(#2379,#2380,#2388,#2394));
#2379 = ORIENTED_EDGE('',*,*,#2365,.F.);
#2380 = ORIENTED_EDGE('',*,*,#2381,.F.);
#2381 = EDGE_CURVE('',#2382,#2358,#2384,.T.);
#2382 = VERTEX_POINT('',#2383);
#2383 = CARTESIAN_POINT('',(-0.32,-2.22,-2.84));
#2384 = LINE('',#2385,#2386);
#2385 = CARTESIAN_POINT('',(-0.32,-2.22,-2.84));
#2386 = VECTOR('',#2387,1.);
#2387 = DIRECTION('',(1.,0.,0.));
#2388 = ORIENTED_EDGE('',*,*,#2389,.T.);
#2389 = EDGE_CURVE('',#2382,#1635,#2390,.T.);
#2390 = LINE('',#2391,#2392);
#2391 = CARTESIAN_POINT('',(-0.32,-2.22,-3.));
#2392 = VECTOR('',#2393,1.);
#2393 = DIRECTION('',(0.,0.,1.));
#2394 = ORIENTED_EDGE('',*,*,#1642,.F.);
#2395 = PLANE('',#2396);
#2396 = AXIS2_PLACEMENT_3D('',#2397,#2398,#2399);
#2397 = CARTESIAN_POINT('',(-0.32,-2.22,-3.));
#2398 = DIRECTION('',(0.,1.,0.));
#2399 = DIRECTION('',(0.,-0.,1.));
#2400 = ADVANCED_FACE('',(#2401),#2412,.F.);
#2401 = FACE_BOUND('',#2402,.F.);
#2402 = EDGE_LOOP('',(#2403,#2404,#2410,#2411));
#2403 = ORIENTED_EDGE('',*,*,#2341,.F.);
#2404 = ORIENTED_EDGE('',*,*,#2405,.T.);
#2405 = EDGE_CURVE('',#2334,#2382,#2406,.T.);
#2406 = LINE('',#2407,#2408);
#2407 = CARTESIAN_POINT('',(-0.32,-2.86,-2.84));
#2408 = VECTOR('',#2409,1.);
#2409 = DIRECTION('',(0.,1.,0.));
#2410 = ORIENTED_EDGE('',*,*,#2389,.T.);
#2411 = ORIENTED_EDGE('',*,*,#1634,.F.);
#2412 = PLANE('',#2413);
#2413 = AXIS2_PLACEMENT_3D('',#2414,#2415,#2416);
#2414 = CARTESIAN_POINT('',(-0.32,-2.86,-3.));
#2415 = DIRECTION('',(1.,0.,0.));
#2416 = DIRECTION('',(0.,0.,1.));
#2417 = ADVANCED_FACE('',(#2418),#2443,.T.);
#2418 = FACE_BOUND('',#2419,.T.);
#2419 = EDGE_LOOP('',(#2420,#2428,#2436,#2442));
#2420 = ORIENTED_EDGE('',*,*,#2421,.F.);
#2421 = EDGE_CURVE('',#2422,#1659,#2424,.T.);
#2422 = VERTEX_POINT('',#2423);
#2423 = CARTESIAN_POINT('',(0.32,-4.76,-2.84));
#2424 = LINE('',#2425,#2426);
#2425 = CARTESIAN_POINT('',(0.32,-4.76,-3.));
#2426 = VECTOR('',#2427,1.);
#2427 = DIRECTION('',(0.,0.,1.));
#2428 = ORIENTED_EDGE('',*,*,#2429,.F.);
#2429 = EDGE_CURVE('',#2430,#2422,#2432,.T.);
#2430 = VERTEX_POINT('',#2431);
#2431 = CARTESIAN_POINT('',(-0.32,-4.76,-2.84));
#2432 = LINE('',#2433,#2434);
#2433 = CARTESIAN_POINT('',(-0.32,-4.76,-2.84));
#2434 = VECTOR('',#2435,1.);
#2435 = DIRECTION('',(1.,0.,0.));
#2436 = ORIENTED_EDGE('',*,*,#2437,.T.);
#2437 = EDGE_CURVE('',#2430,#1661,#2438,.T.);
#2438 = LINE('',#2439,#2440);
#2439 = CARTESIAN_POINT('',(-0.32,-4.76,-3.));
#2440 = VECTOR('',#2441,1.);
#2441 = DIRECTION('',(0.,0.,1.));
#2442 = ORIENTED_EDGE('',*,*,#1658,.F.);
#2443 = PLANE('',#2444);
#2444 = AXIS2_PLACEMENT_3D('',#2445,#2446,#2447);
#2445 = CARTESIAN_POINT('',(-0.32,-4.76,-3.));
#2446 = DIRECTION('',(0.,1.,0.));
#2447 = DIRECTION('',(0.,-0.,1.));
#2448 = ADVANCED_FACE('',(#2449),#2467,.F.);
#2449 = FACE_BOUND('',#2450,.F.);
#2450 = EDGE_LOOP('',(#2451,#2459,#2465,#2466));
#2451 = ORIENTED_EDGE('',*,*,#2452,.F.);
#2452 = EDGE_CURVE('',#2453,#1677,#2455,.T.);
#2453 = VERTEX_POINT('',#2454);
#2454 = CARTESIAN_POINT('',(-0.32,-5.4,-2.84));
#2455 = LINE('',#2456,#2457);
#2456 = CARTESIAN_POINT('',(-0.32,-5.4,-3.));
#2457 = VECTOR('',#2458,1.);
#2458 = DIRECTION('',(0.,0.,1.));
#2459 = ORIENTED_EDGE('',*,*,#2460,.T.);
#2460 = EDGE_CURVE('',#2453,#2430,#2461,.T.);
#2461 = LINE('',#2462,#2463);
#2462 = CARTESIAN_POINT('',(-0.32,-5.4,-2.84));
#2463 = VECTOR('',#2464,1.);
#2464 = DIRECTION('',(0.,1.,0.));
#2465 = ORIENTED_EDGE('',*,*,#2437,.T.);
#2466 = ORIENTED_EDGE('',*,*,#1684,.F.);
#2467 = PLANE('',#2468);
#2468 = AXIS2_PLACEMENT_3D('',#2469,#2470,#2471);
#2469 = CARTESIAN_POINT('',(-0.32,-5.4,-3.));
#2470 = DIRECTION('',(1.,0.,0.));
#2471 = DIRECTION('',(0.,0.,1.));
#2472 = ADVANCED_FACE('',(#2473),#2491,.F.);
#2473 = FACE_BOUND('',#2474,.F.);
#2474 = EDGE_LOOP('',(#2475,#2483,#2489,#2490));
#2475 = ORIENTED_EDGE('',*,*,#2476,.F.);
#2476 = EDGE_CURVE('',#2477,#1669,#2479,.T.);
#2477 = VERTEX_POINT('',#2478);
#2478 = CARTESIAN_POINT('',(0.32,-5.4,-2.84));
#2479 = LINE('',#2480,#2481);
#2480 = CARTESIAN_POINT('',(0.32,-5.4,-3.));
#2481 = VECTOR('',#2482,1.);
#2482 = DIRECTION('',(0.,0.,1.));
#2483 = ORIENTED_EDGE('',*,*,#2484,.F.);
#2484 = EDGE_CURVE('',#2453,#2477,#2485,.T.);
#2485 = LINE('',#2486,#2487);
#2486 = CARTESIAN_POINT('',(-0.32,-5.4,-2.84));
#2487 = VECTOR('',#2488,1.);
#2488 = DIRECTION('',(1.,0.,0.));
#2489 = ORIENTED_EDGE('',*,*,#2452,.T.);
#2490 = ORIENTED_EDGE('',*,*,#1676,.F.);
#2491 = PLANE('',#2492);
#2492 = AXIS2_PLACEMENT_3D('',#2493,#2494,#2495);
#2493 = CARTESIAN_POINT('',(-0.32,-5.4,-3.));
#2494 = DIRECTION('',(0.,1.,0.));
#2495 = DIRECTION('',(0.,-0.,1.));
#2496 = ADVANCED_FACE('',(#2497),#2508,.T.);
#2497 = FACE_BOUND('',#2498,.T.);
#2498 = EDGE_LOOP('',(#2499,#2500,#2506,#2507));
#2499 = ORIENTED_EDGE('',*,*,#2476,.F.);
#2500 = ORIENTED_EDGE('',*,*,#2501,.T.);
#2501 = EDGE_CURVE('',#2477,#2422,#2502,.T.);
#2502 = LINE('',#2503,#2504);
#2503 = CARTESIAN_POINT('',(0.32,-5.4,-2.84));
#2504 = VECTOR('',#2505,1.);
#2505 = DIRECTION('',(0.,1.,0.));
#2506 = ORIENTED_EDGE('',*,*,#2421,.T.);
#2507 = ORIENTED_EDGE('',*,*,#1668,.F.);
#2508 = PLANE('',#2509);
#2509 = AXIS2_PLACEMENT_3D('',#2510,#2511,#2512);
#2510 = CARTESIAN_POINT('',(0.32,-5.4,-3.));
#2511 = DIRECTION('',(1.,0.,0.));
#2512 = DIRECTION('',(0.,0.,1.));
#2513 = ADVANCED_FACE('',(#2514),#2539,.T.);
#2514 = FACE_BOUND('',#2515,.T.);
#2515 = EDGE_LOOP('',(#2516,#2524,#2525,#2533));
#2516 = ORIENTED_EDGE('',*,*,#2517,.F.);
#2517 = EDGE_CURVE('',#1838,#2518,#2520,.T.);
#2518 = VERTEX_POINT('',#2519);
#2519 = CARTESIAN_POINT('',(0.32,-0.32,8.38));
#2520 = LINE('',#2521,#2522);
#2521 = CARTESIAN_POINT('',(0.32,-0.32,-3.));
#2522 = VECTOR('',#2523,1.);
#2523 = DIRECTION('',(0.,0.,1.));
#2524 = ORIENTED_EDGE('',*,*,#1837,.T.);
#2525 = ORIENTED_EDGE('',*,*,#2526,.T.);
#2526 = EDGE_CURVE('',#1840,#2527,#2529,.T.);
#2527 = VERTEX_POINT('',#2528);
#2528 = CARTESIAN_POINT('',(0.32,0.32,8.38));
#2529 = LINE('',#2530,#2531);
#2530 = CARTESIAN_POINT('',(0.32,0.32,-3.));
#2531 = VECTOR('',#2532,1.);
#2532 = DIRECTION('',(0.,0.,1.));
#2533 = ORIENTED_EDGE('',*,*,#2534,.F.);
#2534 = EDGE_CURVE('',#2518,#2527,#2535,.T.);
#2535 = LINE('',#2536,#2537);
#2536 = CARTESIAN_POINT('',(0.32,-0.32,8.38));
#2537 = VECTOR('',#2538,1.);
#2538 = DIRECTION('',(0.,1.,0.));
#2539 = PLANE('',#2540);
#2540 = AXIS2_PLACEMENT_3D('',#2541,#2542,#2543);
#2541 = CARTESIAN_POINT('',(0.32,-0.32,-3.));
#2542 = DIRECTION('',(1.,0.,0.));
#2543 = DIRECTION('',(0.,0.,1.));
#2544 = ADVANCED_FACE('',(#2545),#2563,.T.);
#2545 = FACE_BOUND('',#2546,.T.);
#2546 = EDGE_LOOP('',(#2547,#2548,#2549,#2557));
#2547 = ORIENTED_EDGE('',*,*,#2526,.F.);
#2548 = ORIENTED_EDGE('',*,*,#1863,.T.);
#2549 = ORIENTED_EDGE('',*,*,#2550,.T.);
#2550 = EDGE_CURVE('',#1856,#2551,#2553,.T.);
#2551 = VERTEX_POINT('',#2552);
#2552 = CARTESIAN_POINT('',(-0.32,0.32,8.38));
#2553 = LINE('',#2554,#2555);
#2554 = CARTESIAN_POINT('',(-0.32,0.32,-3.));
#2555 = VECTOR('',#2556,1.);
#2556 = DIRECTION('',(0.,0.,1.));
#2557 = ORIENTED_EDGE('',*,*,#2558,.T.);
#2558 = EDGE_CURVE('',#2551,#2527,#2559,.T.);
#2559 = LINE('',#2560,#2561);
#2560 = CARTESIAN_POINT('',(-0.32,0.32,8.38));
#2561 = VECTOR('',#2562,1.);
#2562 = DIRECTION('',(1.,0.,0.));
#2563 = PLANE('',#2564);
#2564 = AXIS2_PLACEMENT_3D('',#2565,#2566,#2567);
#2565 = CARTESIAN_POINT('',(-0.32,0.32,-3.));
#2566 = DIRECTION('',(0.,1.,0.));
#2567 = DIRECTION('',(0.,-0.,1.));
#2568 = ADVANCED_FACE('',(#2569),#2587,.F.);
#2569 = FACE_BOUND('',#2570,.F.);
#2570 = EDGE_LOOP('',(#2571,#2579,#2580,#2581));
#2571 = ORIENTED_EDGE('',*,*,#2572,.F.);
#2572 = EDGE_CURVE('',#1848,#2573,#2575,.T.);
#2573 = VERTEX_POINT('',#2574);
#2574 = CARTESIAN_POINT('',(-0.32,-0.32,8.38));
#2575 = LINE('',#2576,#2577);
#2576 = CARTESIAN_POINT('',(-0.32,-0.32,-3.));
#2577 = VECTOR('',#2578,1.);
#2578 = DIRECTION('',(0.,0.,1.));
#2579 = ORIENTED_EDGE('',*,*,#1855,.T.);
#2580 = ORIENTED_EDGE('',*,*,#2550,.T.);
#2581 = ORIENTED_EDGE('',*,*,#2582,.F.);
#2582 = EDGE_CURVE('',#2573,#2551,#2583,.T.);
#2583 = LINE('',#2584,#2585);
#2584 = CARTESIAN_POINT('',(-0.32,-0.32,8.38));
#2585 = VECTOR('',#2586,1.);
#2586 = DIRECTION('',(0.,1.,0.));
#2587 = PLANE('',#2588);
#2588 = AXIS2_PLACEMENT_3D('',#2589,#2590,#2591);
#2589 = CARTESIAN_POINT('',(-0.32,-0.32,-3.));
#2590 = DIRECTION('',(1.,0.,0.));
#2591 = DIRECTION('',(0.,0.,1.));
#2592 = ADVANCED_FACE('',(#2593),#2604,.F.);
#2593 = FACE_BOUND('',#2594,.F.);
#2594 = EDGE_LOOP('',(#2595,#2596,#2597,#2598));
#2595 = ORIENTED_EDGE('',*,*,#2517,.F.);
#2596 = ORIENTED_EDGE('',*,*,#1847,.T.);
#2597 = ORIENTED_EDGE('',*,*,#2572,.T.);
#2598 = ORIENTED_EDGE('',*,*,#2599,.T.);
#2599 = EDGE_CURVE('',#2573,#2518,#2600,.T.);
#2600 = LINE('',#2601,#2602);
#2601 = CARTESIAN_POINT('',(-0.32,-0.32,8.38));
#2602 = VECTOR('',#2603,1.);
#2603 = DIRECTION('',(1.,0.,0.));
#2604 = PLANE('',#2605);
#2605 = AXIS2_PLACEMENT_3D('',#2606,#2607,#2608);
#2606 = CARTESIAN_POINT('',(-0.32,-0.32,-3.));
#2607 = DIRECTION('',(0.,1.,0.));
#2608 = DIRECTION('',(0.,-0.,1.));
#2609 = ADVANCED_FACE('',(#2610),#2635,.F.);
#2610 = FACE_BOUND('',#2611,.F.);
#2611 = EDGE_LOOP('',(#2612,#2620,#2621,#2629));
#2612 = ORIENTED_EDGE('',*,*,#2613,.F.);
#2613 = EDGE_CURVE('',#1872,#2614,#2616,.T.);
#2614 = VERTEX_POINT('',#2615);
#2615 = CARTESIAN_POINT('',(0.32,-2.86,8.38));
#2616 = LINE('',#2617,#2618);
#2617 = CARTESIAN_POINT('',(0.32,-2.86,-3.));
#2618 = VECTOR('',#2619,1.);
#2619 = DIRECTION('',(0.,0.,1.));
#2620 = ORIENTED_EDGE('',*,*,#1871,.T.);
#2621 = ORIENTED_EDGE('',*,*,#2622,.T.);
#2622 = EDGE_CURVE('',#1874,#2623,#2625,.T.);
#2623 = VERTEX_POINT('',#2624);
#2624 = CARTESIAN_POINT('',(-0.32,-2.86,8.38));
#2625 = LINE('',#2626,#2627);
#2626 = CARTESIAN_POINT('',(-0.32,-2.86,-3.));
#2627 = VECTOR('',#2628,1.);
#2628 = DIRECTION('',(0.,0.,1.));
#2629 = ORIENTED_EDGE('',*,*,#2630,.T.);
#2630 = EDGE_CURVE('',#2623,#2614,#2631,.T.);
#2631 = LINE('',#2632,#2633);
#2632 = CARTESIAN_POINT('',(-0.32,-2.86,8.38));
#2633 = VECTOR('',#2634,1.);
#2634 = DIRECTION('',(1.,0.,0.));
#2635 = PLANE('',#2636);
#2636 = AXIS2_PLACEMENT_3D('',#2637,#2638,#2639);
#2637 = CARTESIAN_POINT('',(-0.32,-2.86,-3.));
#2638 = DIRECTION('',(0.,1.,0.));
#2639 = DIRECTION('',(0.,-0.,1.));
#2640 = ADVANCED_FACE('',(#2641),#2659,.T.);
#2641 = FACE_BOUND('',#2642,.T.);
#2642 = EDGE_LOOP('',(#2643,#2644,#2645,#2653));
#2643 = ORIENTED_EDGE('',*,*,#2613,.F.);
#2644 = ORIENTED_EDGE('',*,*,#1897,.T.);
#2645 = ORIENTED_EDGE('',*,*,#2646,.T.);
#2646 = EDGE_CURVE('',#1890,#2647,#2649,.T.);
#2647 = VERTEX_POINT('',#2648);
#2648 = CARTESIAN_POINT('',(0.32,-2.22,8.38));
#2649 = LINE('',#2650,#2651);
#2650 = CARTESIAN_POINT('',(0.32,-2.22,-3.));
#2651 = VECTOR('',#2652,1.);
#2652 = DIRECTION('',(0.,0.,1.));
#2653 = ORIENTED_EDGE('',*,*,#2654,.F.);
#2654 = EDGE_CURVE('',#2614,#2647,#2655,.T.);
#2655 = LINE('',#2656,#2657);
#2656 = CARTESIAN_POINT('',(0.32,-2.86,8.38));
#2657 = VECTOR('',#2658,1.);
#2658 = DIRECTION('',(0.,1.,0.));
#2659 = PLANE('',#2660);
#2660 = AXIS2_PLACEMENT_3D('',#2661,#2662,#2663);
#2661 = CARTESIAN_POINT('',(0.32,-2.86,-3.));
#2662 = DIRECTION('',(1.,0.,0.));
#2663 = DIRECTION('',(0.,0.,1.));
#2664 = ADVANCED_FACE('',(#2665),#2683,.T.);
#2665 = FACE_BOUND('',#2666,.T.);
#2666 = EDGE_LOOP('',(#2667,#2668,#2669,#2677));
#2667 = ORIENTED_EDGE('',*,*,#2646,.F.);
#2668 = ORIENTED_EDGE('',*,*,#1889,.T.);
#2669 = ORIENTED_EDGE('',*,*,#2670,.T.);
#2670 = EDGE_CURVE('',#1882,#2671,#2673,.T.);
#2671 = VERTEX_POINT('',#2672);
#2672 = CARTESIAN_POINT('',(-0.32,-2.22,8.38));
#2673 = LINE('',#2674,#2675);
#2674 = CARTESIAN_POINT('',(-0.32,-2.22,-3.));
#2675 = VECTOR('',#2676,1.);
#2676 = DIRECTION('',(0.,0.,1.));
#2677 = ORIENTED_EDGE('',*,*,#2678,.T.);
#2678 = EDGE_CURVE('',#2671,#2647,#2679,.T.);
#2679 = LINE('',#2680,#2681);
#2680 = CARTESIAN_POINT('',(-0.32,-2.22,8.38));
#2681 = VECTOR('',#2682,1.);
#2682 = DIRECTION('',(1.,0.,0.));
#2683 = PLANE('',#2684);
#2684 = AXIS2_PLACEMENT_3D('',#2685,#2686,#2687);
#2685 = CARTESIAN_POINT('',(-0.32,-2.22,-3.));
#2686 = DIRECTION('',(0.,1.,0.));
#2687 = DIRECTION('',(0.,-0.,1.));
#2688 = ADVANCED_FACE('',(#2689),#2700,.F.);
#2689 = FACE_BOUND('',#2690,.F.);
#2690 = EDGE_LOOP('',(#2691,#2692,#2693,#2694));
#2691 = ORIENTED_EDGE('',*,*,#2622,.F.);
#2692 = ORIENTED_EDGE('',*,*,#1881,.T.);
#2693 = ORIENTED_EDGE('',*,*,#2670,.T.);
#2694 = ORIENTED_EDGE('',*,*,#2695,.F.);
#2695 = EDGE_CURVE('',#2623,#2671,#2696,.T.);
#2696 = LINE('',#2697,#2698);
#2697 = CARTESIAN_POINT('',(-0.32,-2.86,8.38));
#2698 = VECTOR('',#2699,1.);
#2699 = DIRECTION('',(0.,1.,0.));
#2700 = PLANE('',#2701);
#2701 = AXIS2_PLACEMENT_3D('',#2702,#2703,#2704);
#2702 = CARTESIAN_POINT('',(-0.32,-2.86,-3.));
#2703 = DIRECTION('',(1.,0.,0.));
#2704 = DIRECTION('',(0.,0.,1.));
#2705 = ADVANCED_FACE('',(#2706),#2731,.T.);
#2706 = FACE_BOUND('',#2707,.T.);
#2707 = EDGE_LOOP('',(#2708,#2716,#2717,#2725));
#2708 = ORIENTED_EDGE('',*,*,#2709,.F.);
#2709 = EDGE_CURVE('',#1906,#2710,#2712,.T.);
#2710 = VERTEX_POINT('',#2711);
#2711 = CARTESIAN_POINT('',(0.32,-4.76,8.38));
#2712 = LINE('',#2713,#2714);
#2713 = CARTESIAN_POINT('',(0.32,-4.76,-3.));
#2714 = VECTOR('',#2715,1.);
#2715 = DIRECTION('',(0.,0.,1.));
#2716 = ORIENTED_EDGE('',*,*,#1905,.T.);
#2717 = ORIENTED_EDGE('',*,*,#2718,.T.);
#2718 = EDGE_CURVE('',#1908,#2719,#2721,.T.);
#2719 = VERTEX_POINT('',#2720);
#2720 = CARTESIAN_POINT('',(-0.32,-4.76,8.38));
#2721 = LINE('',#2722,#2723);
#2722 = CARTESIAN_POINT('',(-0.32,-4.76,-3.));
#2723 = VECTOR('',#2724,1.);
#2724 = DIRECTION('',(0.,0.,1.));
#2725 = ORIENTED_EDGE('',*,*,#2726,.T.);
#2726 = EDGE_CURVE('',#2719,#2710,#2727,.T.);
#2727 = LINE('',#2728,#2729);
#2728 = CARTESIAN_POINT('',(-0.32,-4.76,8.38));
#2729 = VECTOR('',#2730,1.);
#2730 = DIRECTION('',(1.,0.,0.));
#2731 = PLANE('',#2732);
#2732 = AXIS2_PLACEMENT_3D('',#2733,#2734,#2735);
#2733 = CARTESIAN_POINT('',(-0.32,-4.76,-3.));
#2734 = DIRECTION('',(0.,1.,0.));
#2735 = DIRECTION('',(0.,-0.,1.));
#2736 = ADVANCED_FACE('',(#2737),#2755,.F.);
#2737 = FACE_BOUND('',#2738,.F.);
#2738 = EDGE_LOOP('',(#2739,#2747,#2748,#2749));
#2739 = ORIENTED_EDGE('',*,*,#2740,.F.);
#2740 = EDGE_CURVE('',#1924,#2741,#2743,.T.);
#2741 = VERTEX_POINT('',#2742);
#2742 = CARTESIAN_POINT('',(-0.32,-5.4,8.38));
#2743 = LINE('',#2744,#2745);
#2744 = CARTESIAN_POINT('',(-0.32,-5.4,-3.));
#2745 = VECTOR('',#2746,1.);
#2746 = DIRECTION('',(0.,0.,1.));
#2747 = ORIENTED_EDGE('',*,*,#1931,.T.);
#2748 = ORIENTED_EDGE('',*,*,#2718,.T.);
#2749 = ORIENTED_EDGE('',*,*,#2750,.F.);
#2750 = EDGE_CURVE('',#2741,#2719,#2751,.T.);
#2751 = LINE('',#2752,#2753);
#2752 = CARTESIAN_POINT('',(-0.32,-5.4,8.38));
#2753 = VECTOR('',#2754,1.);
#2754 = DIRECTION('',(0.,1.,0.));
#2755 = PLANE('',#2756);
#2756 = AXIS2_PLACEMENT_3D('',#2757,#2758,#2759);
#2757 = CARTESIAN_POINT('',(-0.32,-5.4,-3.));
#2758 = DIRECTION('',(1.,0.,0.));
#2759 = DIRECTION('',(0.,0.,1.));
#2760 = ADVANCED_FACE('',(#2761),#2779,.F.);
#2761 = FACE_BOUND('',#2762,.F.);
#2762 = EDGE_LOOP('',(#2763,#2771,#2772,#2773));
#2763 = ORIENTED_EDGE('',*,*,#2764,.F.);
#2764 = EDGE_CURVE('',#1916,#2765,#2767,.T.);
#2765 = VERTEX_POINT('',#2766);
#2766 = CARTESIAN_POINT('',(0.32,-5.4,8.38));
#2767 = LINE('',#2768,#2769);
#2768 = CARTESIAN_POINT('',(0.32,-5.4,-3.));
#2769 = VECTOR('',#2770,1.);
#2770 = DIRECTION('',(0.,0.,1.));
#2771 = ORIENTED_EDGE('',*,*,#1923,.T.);
#2772 = ORIENTED_EDGE('',*,*,#2740,.T.);
#2773 = ORIENTED_EDGE('',*,*,#2774,.T.);
#2774 = EDGE_CURVE('',#2741,#2765,#2775,.T.);
#2775 = LINE('',#2776,#2777);
#2776 = CARTESIAN_POINT('',(-0.32,-5.4,8.38));
#2777 = VECTOR('',#2778,1.);
#2778 = DIRECTION('',(1.,0.,0.));
#2779 = PLANE('',#2780);
#2780 = AXIS2_PLACEMENT_3D('',#2781,#2782,#2783);
#2781 = CARTESIAN_POINT('',(-0.32,-5.4,-3.));
#2782 = DIRECTION('',(0.,1.,0.));
#2783 = DIRECTION('',(0.,-0.,1.));
#2784 = ADVANCED_FACE('',(#2785),#2796,.T.);
#2785 = FACE_BOUND('',#2786,.T.);
#2786 = EDGE_LOOP('',(#2787,#2788,#2789,#2790));
#2787 = ORIENTED_EDGE('',*,*,#2764,.F.);
#2788 = ORIENTED_EDGE('',*,*,#1915,.T.);
#2789 = ORIENTED_EDGE('',*,*,#2709,.T.);
#2790 = ORIENTED_EDGE('',*,*,#2791,.F.);
#2791 = EDGE_CURVE('',#2765,#2710,#2792,.T.);
#2792 = LINE('',#2793,#2794);
#2793 = CARTESIAN_POINT('',(0.32,-5.4,8.38));
#2794 = VECTOR('',#2795,1.);
#2795 = DIRECTION('',(0.,1.,0.));
#2796 = PLANE('',#2797);
#2797 = AXIS2_PLACEMENT_3D('',#2798,#2799,#2800);
#2798 = CARTESIAN_POINT('',(0.32,-5.4,-3.));
#2799 = DIRECTION('',(1.,0.,0.));
#2800 = DIRECTION('',(0.,0.,1.));
#2801 = ADVANCED_FACE('',(#2802),#2827,.F.);
#2802 = FACE_BOUND('',#2803,.F.);
#2803 = EDGE_LOOP('',(#2804,#2812,#2813,#2821));
#2804 = ORIENTED_EDGE('',*,*,#2805,.F.);
#2805 = EDGE_CURVE('',#2230,#2806,#2808,.T.);
#2806 = VERTEX_POINT('',#2807);
#2807 = CARTESIAN_POINT('',(0.16,-0.16,-3.));
#2808 = LINE('',#2809,#2810);
#2809 = CARTESIAN_POINT('',(0.16,-0.16,-3.));
#2810 = VECTOR('',#2811,1.);
#2811 = DIRECTION('',(-0.57735026919,0.57735026919,-0.57735026919));
#2812 = ORIENTED_EDGE('',*,*,#2237,.T.);
#2813 = ORIENTED_EDGE('',*,*,#2814,.T.);
#2814 = EDGE_CURVE('',#2238,#2815,#2817,.T.);
#2815 = VERTEX_POINT('',#2816);
#2816 = CARTESIAN_POINT('',(0.16,0.16,-3.));
#2817 = LINE('',#2818,#2819);
#2818 = CARTESIAN_POINT('',(5.333333333333E-02,5.333333333333E-02,
    -3.106666666667));
#2819 = VECTOR('',#2820,1.);
#2820 = DIRECTION('',(-0.57735026919,-0.57735026919,-0.57735026919));
#2821 = ORIENTED_EDGE('',*,*,#2822,.F.);
#2822 = EDGE_CURVE('',#2806,#2815,#2823,.T.);
#2823 = LINE('',#2824,#2825);
#2824 = CARTESIAN_POINT('',(0.16,-0.32,-3.));
#2825 = VECTOR('',#2826,1.);
#2826 = DIRECTION('',(0.,1.,0.));
#2827 = PLANE('',#2828);
#2828 = AXIS2_PLACEMENT_3D('',#2829,#2830,#2831);
#2829 = CARTESIAN_POINT('',(0.24,-0.32,-2.92));
#2830 = DIRECTION('',(-0.707106781187,1.735167508357E-18,0.707106781187)
  );
#2831 = DIRECTION('',(1.226948711654E-18,1.,-1.226948711654E-18));
#2832 = ADVANCED_FACE('',(#2833),#2851,.F.);
#2833 = FACE_BOUND('',#2834,.T.);
#2834 = EDGE_LOOP('',(#2835,#2843,#2844,#2845));
#2835 = ORIENTED_EDGE('',*,*,#2836,.F.);
#2836 = EDGE_CURVE('',#2262,#2837,#2839,.T.);
#2837 = VERTEX_POINT('',#2838);
#2838 = CARTESIAN_POINT('',(-0.16,0.16,-3.));
#2839 = LINE('',#2840,#2841);
#2840 = CARTESIAN_POINT('',(-0.16,0.16,-3.));
#2841 = VECTOR('',#2842,1.);
#2842 = DIRECTION('',(0.57735026919,-0.57735026919,-0.57735026919));
#2843 = ORIENTED_EDGE('',*,*,#2261,.T.);
#2844 = ORIENTED_EDGE('',*,*,#2814,.T.);
#2845 = ORIENTED_EDGE('',*,*,#2846,.F.);
#2846 = EDGE_CURVE('',#2837,#2815,#2847,.T.);
#2847 = LINE('',#2848,#2849);
#2848 = CARTESIAN_POINT('',(-0.32,0.16,-3.));
#2849 = VECTOR('',#2850,1.);
#2850 = DIRECTION('',(1.,0.,0.));
#2851 = PLANE('',#2852);
#2852 = AXIS2_PLACEMENT_3D('',#2853,#2854,#2855);
#2853 = CARTESIAN_POINT('',(-0.32,0.24,-2.92));
#2854 = DIRECTION('',(-1.735167508357E-18,-0.707106781187,0.707106781187
    ));
#2855 = DIRECTION('',(-1.,1.226948711654E-18,-1.226948711654E-18));
#2856 = ADVANCED_FACE('',(#2857),#2875,.T.);
#2857 = FACE_BOUND('',#2858,.T.);
#2858 = EDGE_LOOP('',(#2859,#2867,#2868,#2869));
#2859 = ORIENTED_EDGE('',*,*,#2860,.F.);
#2860 = EDGE_CURVE('',#2285,#2861,#2863,.T.);
#2861 = VERTEX_POINT('',#2862);
#2862 = CARTESIAN_POINT('',(-0.16,-0.16,-3.));
#2863 = LINE('',#2864,#2865);
#2864 = CARTESIAN_POINT('',(-0.266666666667,-0.266666666667,
    -2.893333333333));
#2865 = VECTOR('',#2866,1.);
#2866 = DIRECTION('',(0.57735026919,0.57735026919,-0.57735026919));
#2867 = ORIENTED_EDGE('',*,*,#2292,.T.);
#2868 = ORIENTED_EDGE('',*,*,#2836,.T.);
#2869 = ORIENTED_EDGE('',*,*,#2870,.F.);
#2870 = EDGE_CURVE('',#2861,#2837,#2871,.T.);
#2871 = LINE('',#2872,#2873);
#2872 = CARTESIAN_POINT('',(-0.16,-0.32,-3.));
#2873 = VECTOR('',#2874,1.);
#2874 = DIRECTION('',(0.,1.,0.));
#2875 = PLANE('',#2876);
#2876 = AXIS2_PLACEMENT_3D('',#2877,#2878,#2879);
#2877 = CARTESIAN_POINT('',(-0.24,-0.32,-2.92));
#2878 = DIRECTION('',(-0.707106781187,-1.735167508357E-18,
    -0.707106781187));
#2879 = DIRECTION('',(-1.226948711654E-18,1.,-1.226948711654E-18));
#2880 = ADVANCED_FACE('',(#2881),#2892,.T.);
#2881 = FACE_BOUND('',#2882,.F.);
#2882 = EDGE_LOOP('',(#2883,#2884,#2885,#2886));
#2883 = ORIENTED_EDGE('',*,*,#2860,.F.);
#2884 = ORIENTED_EDGE('',*,*,#2309,.T.);
#2885 = ORIENTED_EDGE('',*,*,#2805,.T.);
#2886 = ORIENTED_EDGE('',*,*,#2887,.F.);
#2887 = EDGE_CURVE('',#2861,#2806,#2888,.T.);
#2888 = LINE('',#2889,#2890);
#2889 = CARTESIAN_POINT('',(-0.32,-0.16,-3.));
#2890 = VECTOR('',#2891,1.);
#2891 = DIRECTION('',(1.,0.,0.));
#2892 = PLANE('',#2893);
#2893 = AXIS2_PLACEMENT_3D('',#2894,#2895,#2896);
#2894 = CARTESIAN_POINT('',(-0.32,-0.24,-2.92));
#2895 = DIRECTION('',(1.735167508357E-18,-0.707106781187,-0.707106781187
    ));
#2896 = DIRECTION('',(-1.,-1.226948711654E-18,-1.226948711654E-18));
#2897 = ADVANCED_FACE('',(#2898),#2923,.T.);
#2898 = FACE_BOUND('',#2899,.F.);
#2899 = EDGE_LOOP('',(#2900,#2908,#2909,#2917));
#2900 = ORIENTED_EDGE('',*,*,#2901,.F.);
#2901 = EDGE_CURVE('',#2334,#2902,#2904,.T.);
#2902 = VERTEX_POINT('',#2903);
#2903 = CARTESIAN_POINT('',(-0.16,-2.7,-3.));
#2904 = LINE('',#2905,#2906);
#2905 = CARTESIAN_POINT('',(-0.266666666667,-2.806666666667,
    -2.893333333333));
#2906 = VECTOR('',#2907,1.);
#2907 = DIRECTION('',(0.57735026919,0.57735026919,-0.57735026919));
#2908 = ORIENTED_EDGE('',*,*,#2333,.T.);
#2909 = ORIENTED_EDGE('',*,*,#2910,.T.);
#2910 = EDGE_CURVE('',#2326,#2911,#2913,.T.);
#2911 = VERTEX_POINT('',#2912);
#2912 = CARTESIAN_POINT('',(0.16,-2.7,-3.));
#2913 = LINE('',#2914,#2915);
#2914 = CARTESIAN_POINT('',(0.16,-2.7,-3.));
#2915 = VECTOR('',#2916,1.);
#2916 = DIRECTION('',(-0.57735026919,0.57735026919,-0.57735026919));
#2917 = ORIENTED_EDGE('',*,*,#2918,.F.);
#2918 = EDGE_CURVE('',#2902,#2911,#2919,.T.);
#2919 = LINE('',#2920,#2921);
#2920 = CARTESIAN_POINT('',(-0.32,-2.7,-3.));
#2921 = VECTOR('',#2922,1.);
#2922 = DIRECTION('',(1.,0.,0.));
#2923 = PLANE('',#2924);
#2924 = AXIS2_PLACEMENT_3D('',#2925,#2926,#2927);
#2925 = CARTESIAN_POINT('',(-0.32,-2.78,-2.92));
#2926 = DIRECTION('',(1.735167508357E-18,-0.707106781187,-0.707106781187
    ));
#2927 = DIRECTION('',(-1.,-1.226948711654E-18,-1.226948711654E-18));
#2928 = ADVANCED_FACE('',(#2929),#2947,.F.);
#2929 = FACE_BOUND('',#2930,.F.);
#2930 = EDGE_LOOP('',(#2931,#2932,#2933,#2941));
#2931 = ORIENTED_EDGE('',*,*,#2910,.F.);
#2932 = ORIENTED_EDGE('',*,*,#2357,.T.);
#2933 = ORIENTED_EDGE('',*,*,#2934,.T.);
#2934 = EDGE_CURVE('',#2358,#2935,#2937,.T.);
#2935 = VERTEX_POINT('',#2936);
#2936 = CARTESIAN_POINT('',(0.16,-2.38,-3.));
#2937 = LINE('',#2938,#2939);
#2938 = CARTESIAN_POINT('',(5.333333333333E-02,-2.486666666667,
    -3.106666666667));
#2939 = VECTOR('',#2940,1.);
#2940 = DIRECTION('',(-0.57735026919,-0.57735026919,-0.57735026919));
#2941 = ORIENTED_EDGE('',*,*,#2942,.F.);
#2942 = EDGE_CURVE('',#2911,#2935,#2943,.T.);
#2943 = LINE('',#2944,#2945);
#2944 = CARTESIAN_POINT('',(0.16,-2.86,-3.));
#2945 = VECTOR('',#2946,1.);
#2946 = DIRECTION('',(0.,1.,0.));
#2947 = PLANE('',#2948);
#2948 = AXIS2_PLACEMENT_3D('',#2949,#2950,#2951);
#2949 = CARTESIAN_POINT('',(0.24,-2.86,-2.92));
#2950 = DIRECTION('',(-0.707106781187,1.735167508357E-18,0.707106781187)
  );
#2951 = DIRECTION('',(1.226948711654E-18,1.,-1.226948711654E-18));
#2952 = ADVANCED_FACE('',(#2953),#2971,.F.);
#2953 = FACE_BOUND('',#2954,.T.);
#2954 = EDGE_LOOP('',(#2955,#2963,#2964,#2965));
#2955 = ORIENTED_EDGE('',*,*,#2956,.F.);
#2956 = EDGE_CURVE('',#2382,#2957,#2959,.T.);
#2957 = VERTEX_POINT('',#2958);
#2958 = CARTESIAN_POINT('',(-0.16,-2.38,-3.));
#2959 = LINE('',#2960,#2961);
#2960 = CARTESIAN_POINT('',(-0.16,-2.38,-3.));
#2961 = VECTOR('',#2962,1.);
#2962 = DIRECTION('',(0.57735026919,-0.57735026919,-0.57735026919));
#2963 = ORIENTED_EDGE('',*,*,#2381,.T.);
#2964 = ORIENTED_EDGE('',*,*,#2934,.T.);
#2965 = ORIENTED_EDGE('',*,*,#2966,.F.);
#2966 = EDGE_CURVE('',#2957,#2935,#2967,.T.);
#2967 = LINE('',#2968,#2969);
#2968 = CARTESIAN_POINT('',(-0.32,-2.38,-3.));
#2969 = VECTOR('',#2970,1.);
#2970 = DIRECTION('',(1.,0.,0.));
#2971 = PLANE('',#2972);
#2972 = AXIS2_PLACEMENT_3D('',#2973,#2974,#2975);
#2973 = CARTESIAN_POINT('',(-0.32,-2.3,-2.92));
#2974 = DIRECTION('',(-1.735167508357E-18,-0.707106781187,0.707106781187
    ));
#2975 = DIRECTION('',(-1.,1.226948711654E-18,-1.226948711654E-18));
#2976 = ADVANCED_FACE('',(#2977),#2988,.T.);
#2977 = FACE_BOUND('',#2978,.T.);
#2978 = EDGE_LOOP('',(#2979,#2980,#2981,#2982));
#2979 = ORIENTED_EDGE('',*,*,#2901,.F.);
#2980 = ORIENTED_EDGE('',*,*,#2405,.T.);
#2981 = ORIENTED_EDGE('',*,*,#2956,.T.);
#2982 = ORIENTED_EDGE('',*,*,#2983,.F.);
#2983 = EDGE_CURVE('',#2902,#2957,#2984,.T.);
#2984 = LINE('',#2985,#2986);
#2985 = CARTESIAN_POINT('',(-0.16,-2.86,-3.));
#2986 = VECTOR('',#2987,1.);
#2987 = DIRECTION('',(0.,1.,0.));
#2988 = PLANE('',#2989);
#2989 = AXIS2_PLACEMENT_3D('',#2990,#2991,#2992);
#2990 = CARTESIAN_POINT('',(-0.24,-2.86,-2.92));
#2991 = DIRECTION('',(-0.707106781187,-1.735167508357E-18,
    -0.707106781187));
#2992 = DIRECTION('',(-1.226948711654E-18,1.,-1.226948711654E-18));
#2993 = ADVANCED_FACE('',(#2994),#3019,.F.);
#2994 = FACE_BOUND('',#2995,.T.);
#2995 = EDGE_LOOP('',(#2996,#3004,#3005,#3013));
#2996 = ORIENTED_EDGE('',*,*,#2997,.F.);
#2997 = EDGE_CURVE('',#2430,#2998,#3000,.T.);
#2998 = VERTEX_POINT('',#2999);
#2999 = CARTESIAN_POINT('',(-0.16,-4.92,-3.));
#3000 = LINE('',#3001,#3002);
#3001 = CARTESIAN_POINT('',(-0.16,-4.92,-3.));
#3002 = VECTOR('',#3003,1.);
#3003 = DIRECTION('',(0.57735026919,-0.57735026919,-0.57735026919));
#3004 = ORIENTED_EDGE('',*,*,#2429,.T.);
#3005 = ORIENTED_EDGE('',*,*,#3006,.T.);
#3006 = EDGE_CURVE('',#2422,#3007,#3009,.T.);
#3007 = VERTEX_POINT('',#3008);
#3008 = CARTESIAN_POINT('',(0.16,-4.92,-3.));
#3009 = LINE('',#3010,#3011);
#3010 = CARTESIAN_POINT('',(5.333333333333E-02,-5.026666666667,
    -3.106666666667));
#3011 = VECTOR('',#3012,1.);
#3012 = DIRECTION('',(-0.57735026919,-0.57735026919,-0.57735026919));
#3013 = ORIENTED_EDGE('',*,*,#3014,.F.);
#3014 = EDGE_CURVE('',#2998,#3007,#3015,.T.);
#3015 = LINE('',#3016,#3017);
#3016 = CARTESIAN_POINT('',(-0.32,-4.92,-3.));
#3017 = VECTOR('',#3018,1.);
#3018 = DIRECTION('',(1.,0.,0.));
#3019 = PLANE('',#3020);
#3020 = AXIS2_PLACEMENT_3D('',#3021,#3022,#3023);
#3021 = CARTESIAN_POINT('',(-0.32,-4.84,-2.92));
#3022 = DIRECTION('',(-1.735167508357E-18,-0.707106781187,0.707106781187
    ));
#3023 = DIRECTION('',(-1.,1.226948711654E-18,-1.226948711654E-18));
#3024 = ADVANCED_FACE('',(#3025),#3043,.T.);
#3025 = FACE_BOUND('',#3026,.T.);
#3026 = EDGE_LOOP('',(#3027,#3035,#3036,#3037));
#3027 = ORIENTED_EDGE('',*,*,#3028,.F.);
#3028 = EDGE_CURVE('',#2453,#3029,#3031,.T.);
#3029 = VERTEX_POINT('',#3030);
#3030 = CARTESIAN_POINT('',(-0.16,-5.24,-3.));
#3031 = LINE('',#3032,#3033);
#3032 = CARTESIAN_POINT('',(-0.266666666667,-5.346666666667,
    -2.893333333333));
#3033 = VECTOR('',#3034,1.);
#3034 = DIRECTION('',(0.57735026919,0.57735026919,-0.57735026919));
#3035 = ORIENTED_EDGE('',*,*,#2460,.T.);
#3036 = ORIENTED_EDGE('',*,*,#2997,.T.);
#3037 = ORIENTED_EDGE('',*,*,#3038,.F.);
#3038 = EDGE_CURVE('',#3029,#2998,#3039,.T.);
#3039 = LINE('',#3040,#3041);
#3040 = CARTESIAN_POINT('',(-0.16,-5.4,-3.));
#3041 = VECTOR('',#3042,1.);
#3042 = DIRECTION('',(0.,1.,0.));
#3043 = PLANE('',#3044);
#3044 = AXIS2_PLACEMENT_3D('',#3045,#3046,#3047);
#3045 = CARTESIAN_POINT('',(-0.24,-5.4,-2.92));
#3046 = DIRECTION('',(-0.707106781187,-1.735167508357E-18,
    -0.707106781187));
#3047 = DIRECTION('',(-1.226948711654E-18,1.,-1.226948711654E-18));
#3048 = ADVANCED_FACE('',(#3049),#3067,.T.);
#3049 = FACE_BOUND('',#3050,.F.);
#3050 = EDGE_LOOP('',(#3051,#3052,#3053,#3061));
#3051 = ORIENTED_EDGE('',*,*,#3028,.F.);
#3052 = ORIENTED_EDGE('',*,*,#2484,.T.);
#3053 = ORIENTED_EDGE('',*,*,#3054,.T.);
#3054 = EDGE_CURVE('',#2477,#3055,#3057,.T.);
#3055 = VERTEX_POINT('',#3056);
#3056 = CARTESIAN_POINT('',(0.16,-5.24,-3.));
#3057 = LINE('',#3058,#3059);
#3058 = CARTESIAN_POINT('',(0.16,-5.24,-3.));
#3059 = VECTOR('',#3060,1.);
#3060 = DIRECTION('',(-0.57735026919,0.57735026919,-0.57735026919));
#3061 = ORIENTED_EDGE('',*,*,#3062,.F.);
#3062 = EDGE_CURVE('',#3029,#3055,#3063,.T.);
#3063 = LINE('',#3064,#3065);
#3064 = CARTESIAN_POINT('',(-0.32,-5.24,-3.));
#3065 = VECTOR('',#3066,1.);
#3066 = DIRECTION('',(1.,0.,0.));
#3067 = PLANE('',#3068);
#3068 = AXIS2_PLACEMENT_3D('',#3069,#3070,#3071);
#3069 = CARTESIAN_POINT('',(-0.32,-5.32,-2.92));
#3070 = DIRECTION('',(1.735167508357E-18,-0.707106781187,-0.707106781187
    ));
#3071 = DIRECTION('',(-1.,-1.226948711654E-18,-1.226948711654E-18));
#3072 = ADVANCED_FACE('',(#3073),#3084,.F.);
#3073 = FACE_BOUND('',#3074,.F.);
#3074 = EDGE_LOOP('',(#3075,#3076,#3077,#3078));
#3075 = ORIENTED_EDGE('',*,*,#3054,.F.);
#3076 = ORIENTED_EDGE('',*,*,#2501,.T.);
#3077 = ORIENTED_EDGE('',*,*,#3006,.T.);
#3078 = ORIENTED_EDGE('',*,*,#3079,.F.);
#3079 = EDGE_CURVE('',#3055,#3007,#3080,.T.);
#3080 = LINE('',#3081,#3082);
#3081 = CARTESIAN_POINT('',(0.16,-5.4,-3.));
#3082 = VECTOR('',#3083,1.);
#3083 = DIRECTION('',(0.,1.,0.));
#3084 = PLANE('',#3085);
#3085 = AXIS2_PLACEMENT_3D('',#3086,#3087,#3088);
#3086 = CARTESIAN_POINT('',(0.24,-5.4,-2.92));
#3087 = DIRECTION('',(-0.707106781187,1.735167508357E-18,0.707106781187)
  );
#3088 = DIRECTION('',(1.226948711654E-18,1.,-1.226948711654E-18));
#3089 = ADVANCED_FACE('',(#3090),#3115,.T.);
#3090 = FACE_BOUND('',#3091,.T.);
#3091 = EDGE_LOOP('',(#3092,#3100,#3101,#3109));
#3092 = ORIENTED_EDGE('',*,*,#3093,.F.);
#3093 = EDGE_CURVE('',#2518,#3094,#3096,.T.);
#3094 = VERTEX_POINT('',#3095);
#3095 = CARTESIAN_POINT('',(0.16,-0.16,8.54));
#3096 = LINE('',#3097,#3098);
#3097 = CARTESIAN_POINT('',(0.16,-0.16,8.54));
#3098 = VECTOR('',#3099,1.);
#3099 = DIRECTION('',(-0.57735026919,0.57735026919,0.57735026919));
#3100 = ORIENTED_EDGE('',*,*,#2534,.T.);
#3101 = ORIENTED_EDGE('',*,*,#3102,.T.);
#3102 = EDGE_CURVE('',#2527,#3103,#3105,.T.);
#3103 = VERTEX_POINT('',#3104);
#3104 = CARTESIAN_POINT('',(0.16,0.16,8.54));
#3105 = LINE('',#3106,#3107);
#3106 = CARTESIAN_POINT('',(5.333333333333E-02,5.333333333333E-02,
    8.646666666667));
#3107 = VECTOR('',#3108,1.);
#3108 = DIRECTION('',(-0.57735026919,-0.57735026919,0.57735026919));
#3109 = ORIENTED_EDGE('',*,*,#3110,.F.);
#3110 = EDGE_CURVE('',#3094,#3103,#3111,.T.);
#3111 = LINE('',#3112,#3113);
#3112 = CARTESIAN_POINT('',(0.16,-0.32,8.54));
#3113 = VECTOR('',#3114,1.);
#3114 = DIRECTION('',(0.,1.,0.));
#3115 = PLANE('',#3116);
#3116 = AXIS2_PLACEMENT_3D('',#3117,#3118,#3119);
#3117 = CARTESIAN_POINT('',(0.24,-0.32,8.46));
#3118 = DIRECTION('',(0.707106781187,-1.735167508357E-18,0.707106781187)
  );
#3119 = DIRECTION('',(1.226948711654E-18,1.,1.226948711654E-18));
#3120 = ADVANCED_FACE('',(#3121),#3139,.T.);
#3121 = FACE_BOUND('',#3122,.F.);
#3122 = EDGE_LOOP('',(#3123,#3131,#3132,#3133));
#3123 = ORIENTED_EDGE('',*,*,#3124,.F.);
#3124 = EDGE_CURVE('',#2551,#3125,#3127,.T.);
#3125 = VERTEX_POINT('',#3126);
#3126 = CARTESIAN_POINT('',(-0.16,0.16,8.54));
#3127 = LINE('',#3128,#3129);
#3128 = CARTESIAN_POINT('',(-0.16,0.16,8.54));
#3129 = VECTOR('',#3130,1.);
#3130 = DIRECTION('',(0.57735026919,-0.57735026919,0.57735026919));
#3131 = ORIENTED_EDGE('',*,*,#2558,.T.);
#3132 = ORIENTED_EDGE('',*,*,#3102,.T.);
#3133 = ORIENTED_EDGE('',*,*,#3134,.F.);
#3134 = EDGE_CURVE('',#3125,#3103,#3135,.T.);
#3135 = LINE('',#3136,#3137);
#3136 = CARTESIAN_POINT('',(-0.32,0.16,8.54));
#3137 = VECTOR('',#3138,1.);
#3138 = DIRECTION('',(1.,0.,0.));
#3139 = PLANE('',#3140);
#3140 = AXIS2_PLACEMENT_3D('',#3141,#3142,#3143);
#3141 = CARTESIAN_POINT('',(-0.32,0.24,8.46));
#3142 = DIRECTION('',(1.735167508357E-18,0.707106781187,0.707106781187)
  );
#3143 = DIRECTION('',(-1.,1.226948711654E-18,1.226948711654E-18));
#3144 = ADVANCED_FACE('',(#3145),#3163,.F.);
#3145 = FACE_BOUND('',#3146,.F.);
#3146 = EDGE_LOOP('',(#3147,#3155,#3156,#3157));
#3147 = ORIENTED_EDGE('',*,*,#3148,.F.);
#3148 = EDGE_CURVE('',#2573,#3149,#3151,.T.);
#3149 = VERTEX_POINT('',#3150);
#3150 = CARTESIAN_POINT('',(-0.16,-0.16,8.54));
#3151 = LINE('',#3152,#3153);
#3152 = CARTESIAN_POINT('',(-0.266666666667,-0.266666666667,
    8.433333333333));
#3153 = VECTOR('',#3154,1.);
#3154 = DIRECTION('',(0.57735026919,0.57735026919,0.57735026919));
#3155 = ORIENTED_EDGE('',*,*,#2582,.T.);
#3156 = ORIENTED_EDGE('',*,*,#3124,.T.);
#3157 = ORIENTED_EDGE('',*,*,#3158,.F.);
#3158 = EDGE_CURVE('',#3149,#3125,#3159,.T.);
#3159 = LINE('',#3160,#3161);
#3160 = CARTESIAN_POINT('',(-0.16,-0.32,8.54));
#3161 = VECTOR('',#3162,1.);
#3162 = DIRECTION('',(0.,1.,0.));
#3163 = PLANE('',#3164);
#3164 = AXIS2_PLACEMENT_3D('',#3165,#3166,#3167);
#3165 = CARTESIAN_POINT('',(-0.24,-0.32,8.46));
#3166 = DIRECTION('',(0.707106781187,1.735167508357E-18,-0.707106781187)
  );
#3167 = DIRECTION('',(-1.226948711654E-18,1.,1.226948711654E-18));
#3168 = ADVANCED_FACE('',(#3169),#3180,.F.);
#3169 = FACE_BOUND('',#3170,.T.);
#3170 = EDGE_LOOP('',(#3171,#3172,#3173,#3174));
#3171 = ORIENTED_EDGE('',*,*,#3148,.F.);
#3172 = ORIENTED_EDGE('',*,*,#2599,.T.);
#3173 = ORIENTED_EDGE('',*,*,#3093,.T.);
#3174 = ORIENTED_EDGE('',*,*,#3175,.F.);
#3175 = EDGE_CURVE('',#3149,#3094,#3176,.T.);
#3176 = LINE('',#3177,#3178);
#3177 = CARTESIAN_POINT('',(-0.32,-0.16,8.54));
#3178 = VECTOR('',#3179,1.);
#3179 = DIRECTION('',(1.,0.,0.));
#3180 = PLANE('',#3181);
#3181 = AXIS2_PLACEMENT_3D('',#3182,#3183,#3184);
#3182 = CARTESIAN_POINT('',(-0.32,-0.24,8.46));
#3183 = DIRECTION('',(-1.735167508357E-18,0.707106781187,-0.707106781187
    ));
#3184 = DIRECTION('',(-1.,-1.226948711654E-18,1.226948711654E-18));
#3185 = ADVANCED_FACE('',(#3186),#3211,.F.);
#3186 = FACE_BOUND('',#3187,.T.);
#3187 = EDGE_LOOP('',(#3188,#3196,#3197,#3205));
#3188 = ORIENTED_EDGE('',*,*,#3189,.F.);
#3189 = EDGE_CURVE('',#2623,#3190,#3192,.T.);
#3190 = VERTEX_POINT('',#3191);
#3191 = CARTESIAN_POINT('',(-0.16,-2.7,8.54));
#3192 = LINE('',#3193,#3194);
#3193 = CARTESIAN_POINT('',(-0.266666666667,-2.806666666667,
    8.433333333333));
#3194 = VECTOR('',#3195,1.);
#3195 = DIRECTION('',(0.57735026919,0.57735026919,0.57735026919));
#3196 = ORIENTED_EDGE('',*,*,#2630,.T.);
#3197 = ORIENTED_EDGE('',*,*,#3198,.T.);
#3198 = EDGE_CURVE('',#2614,#3199,#3201,.T.);
#3199 = VERTEX_POINT('',#3200);
#3200 = CARTESIAN_POINT('',(0.16,-2.7,8.54));
#3201 = LINE('',#3202,#3203);
#3202 = CARTESIAN_POINT('',(0.16,-2.7,8.54));
#3203 = VECTOR('',#3204,1.);
#3204 = DIRECTION('',(-0.57735026919,0.57735026919,0.57735026919));
#3205 = ORIENTED_EDGE('',*,*,#3206,.F.);
#3206 = EDGE_CURVE('',#3190,#3199,#3207,.T.);
#3207 = LINE('',#3208,#3209);
#3208 = CARTESIAN_POINT('',(-0.32,-2.7,8.54));
#3209 = VECTOR('',#3210,1.);
#3210 = DIRECTION('',(1.,0.,0.));
#3211 = PLANE('',#3212);
#3212 = AXIS2_PLACEMENT_3D('',#3213,#3214,#3215);
#3213 = CARTESIAN_POINT('',(-0.32,-2.78,8.46));
#3214 = DIRECTION('',(-1.735167508357E-18,0.707106781187,-0.707106781187
    ));
#3215 = DIRECTION('',(-1.,-1.226948711654E-18,1.226948711654E-18));
#3216 = ADVANCED_FACE('',(#3217),#3235,.T.);
#3217 = FACE_BOUND('',#3218,.T.);
#3218 = EDGE_LOOP('',(#3219,#3220,#3221,#3229));
#3219 = ORIENTED_EDGE('',*,*,#3198,.F.);
#3220 = ORIENTED_EDGE('',*,*,#2654,.T.);
#3221 = ORIENTED_EDGE('',*,*,#3222,.T.);
#3222 = EDGE_CURVE('',#2647,#3223,#3225,.T.);
#3223 = VERTEX_POINT('',#3224);
#3224 = CARTESIAN_POINT('',(0.16,-2.38,8.54));
#3225 = LINE('',#3226,#3227);
#3226 = CARTESIAN_POINT('',(5.333333333333E-02,-2.486666666667,
    8.646666666667));
#3227 = VECTOR('',#3228,1.);
#3228 = DIRECTION('',(-0.57735026919,-0.57735026919,0.57735026919));
#3229 = ORIENTED_EDGE('',*,*,#3230,.F.);
#3230 = EDGE_CURVE('',#3199,#3223,#3231,.T.);
#3231 = LINE('',#3232,#3233);
#3232 = CARTESIAN_POINT('',(0.16,-2.86,8.54));
#3233 = VECTOR('',#3234,1.);
#3234 = DIRECTION('',(0.,1.,0.));
#3235 = PLANE('',#3236);
#3236 = AXIS2_PLACEMENT_3D('',#3237,#3238,#3239);
#3237 = CARTESIAN_POINT('',(0.24,-2.86,8.46));
#3238 = DIRECTION('',(0.707106781187,-1.735167508357E-18,0.707106781187)
  );
#3239 = DIRECTION('',(1.226948711654E-18,1.,1.226948711654E-18));
#3240 = ADVANCED_FACE('',(#3241),#3259,.T.);
#3241 = FACE_BOUND('',#3242,.F.);
#3242 = EDGE_LOOP('',(#3243,#3251,#3252,#3253));
#3243 = ORIENTED_EDGE('',*,*,#3244,.F.);
#3244 = EDGE_CURVE('',#2671,#3245,#3247,.T.);
#3245 = VERTEX_POINT('',#3246);
#3246 = CARTESIAN_POINT('',(-0.16,-2.38,8.54));
#3247 = LINE('',#3248,#3249);
#3248 = CARTESIAN_POINT('',(-0.16,-2.38,8.54));
#3249 = VECTOR('',#3250,1.);
#3250 = DIRECTION('',(0.57735026919,-0.57735026919,0.57735026919));
#3251 = ORIENTED_EDGE('',*,*,#2678,.T.);
#3252 = ORIENTED_EDGE('',*,*,#3222,.T.);
#3253 = ORIENTED_EDGE('',*,*,#3254,.F.);
#3254 = EDGE_CURVE('',#3245,#3223,#3255,.T.);
#3255 = LINE('',#3256,#3257);
#3256 = CARTESIAN_POINT('',(-0.32,-2.38,8.54));
#3257 = VECTOR('',#3258,1.);
#3258 = DIRECTION('',(1.,0.,0.));
#3259 = PLANE('',#3260);
#3260 = AXIS2_PLACEMENT_3D('',#3261,#3262,#3263);
#3261 = CARTESIAN_POINT('',(-0.32,-2.3,8.46));
#3262 = DIRECTION('',(1.735167508357E-18,0.707106781187,0.707106781187)
  );
#3263 = DIRECTION('',(-1.,1.226948711654E-18,1.226948711654E-18));
#3264 = ADVANCED_FACE('',(#3265),#3276,.F.);
#3265 = FACE_BOUND('',#3266,.F.);
#3266 = EDGE_LOOP('',(#3267,#3268,#3269,#3270));
#3267 = ORIENTED_EDGE('',*,*,#3189,.F.);
#3268 = ORIENTED_EDGE('',*,*,#2695,.T.);
#3269 = ORIENTED_EDGE('',*,*,#3244,.T.);
#3270 = ORIENTED_EDGE('',*,*,#3271,.F.);
#3271 = EDGE_CURVE('',#3190,#3245,#3272,.T.);
#3272 = LINE('',#3273,#3274);
#3273 = CARTESIAN_POINT('',(-0.16,-2.86,8.54));
#3274 = VECTOR('',#3275,1.);
#3275 = DIRECTION('',(0.,1.,0.));
#3276 = PLANE('',#3277);
#3277 = AXIS2_PLACEMENT_3D('',#3278,#3279,#3280);
#3278 = CARTESIAN_POINT('',(-0.24,-2.86,8.46));
#3279 = DIRECTION('',(0.707106781187,1.735167508357E-18,-0.707106781187)
  );
#3280 = DIRECTION('',(-1.226948711654E-18,1.,1.226948711654E-18));
#3281 = ADVANCED_FACE('',(#3282),#3307,.T.);
#3282 = FACE_BOUND('',#3283,.F.);
#3283 = EDGE_LOOP('',(#3284,#3292,#3293,#3301));
#3284 = ORIENTED_EDGE('',*,*,#3285,.F.);
#3285 = EDGE_CURVE('',#2719,#3286,#3288,.T.);
#3286 = VERTEX_POINT('',#3287);
#3287 = CARTESIAN_POINT('',(-0.16,-4.92,8.54));
#3288 = LINE('',#3289,#3290);
#3289 = CARTESIAN_POINT('',(-0.16,-4.92,8.54));
#3290 = VECTOR('',#3291,1.);
#3291 = DIRECTION('',(0.57735026919,-0.57735026919,0.57735026919));
#3292 = ORIENTED_EDGE('',*,*,#2726,.T.);
#3293 = ORIENTED_EDGE('',*,*,#3294,.T.);
#3294 = EDGE_CURVE('',#2710,#3295,#3297,.T.);
#3295 = VERTEX_POINT('',#3296);
#3296 = CARTESIAN_POINT('',(0.16,-4.92,8.54));
#3297 = LINE('',#3298,#3299);
#3298 = CARTESIAN_POINT('',(5.333333333333E-02,-5.026666666667,
    8.646666666667));
#3299 = VECTOR('',#3300,1.);
#3300 = DIRECTION('',(-0.57735026919,-0.57735026919,0.57735026919));
#3301 = ORIENTED_EDGE('',*,*,#3302,.F.);
#3302 = EDGE_CURVE('',#3286,#3295,#3303,.T.);
#3303 = LINE('',#3304,#3305);
#3304 = CARTESIAN_POINT('',(-0.32,-4.92,8.54));
#3305 = VECTOR('',#3306,1.);
#3306 = DIRECTION('',(1.,0.,0.));
#3307 = PLANE('',#3308);
#3308 = AXIS2_PLACEMENT_3D('',#3309,#3310,#3311);
#3309 = CARTESIAN_POINT('',(-0.32,-4.84,8.46));
#3310 = DIRECTION('',(1.735167508357E-18,0.707106781187,0.707106781187)
  );
#3311 = DIRECTION('',(-1.,1.226948711654E-18,1.226948711654E-18));
#3312 = ADVANCED_FACE('',(#3313),#3331,.F.);
#3313 = FACE_BOUND('',#3314,.F.);
#3314 = EDGE_LOOP('',(#3315,#3323,#3324,#3325));
#3315 = ORIENTED_EDGE('',*,*,#3316,.F.);
#3316 = EDGE_CURVE('',#2741,#3317,#3319,.T.);
#3317 = VERTEX_POINT('',#3318);
#3318 = CARTESIAN_POINT('',(-0.16,-5.24,8.54));
#3319 = LINE('',#3320,#3321);
#3320 = CARTESIAN_POINT('',(-0.266666666667,-5.346666666667,
    8.433333333333));
#3321 = VECTOR('',#3322,1.);
#3322 = DIRECTION('',(0.57735026919,0.57735026919,0.57735026919));
#3323 = ORIENTED_EDGE('',*,*,#2750,.T.);
#3324 = ORIENTED_EDGE('',*,*,#3285,.T.);
#3325 = ORIENTED_EDGE('',*,*,#3326,.F.);
#3326 = EDGE_CURVE('',#3317,#3286,#3327,.T.);
#3327 = LINE('',#3328,#3329);
#3328 = CARTESIAN_POINT('',(-0.16,-5.4,8.54));
#3329 = VECTOR('',#3330,1.);
#3330 = DIRECTION('',(0.,1.,0.));
#3331 = PLANE('',#3332);
#3332 = AXIS2_PLACEMENT_3D('',#3333,#3334,#3335);
#3333 = CARTESIAN_POINT('',(-0.24,-5.4,8.46));
#3334 = DIRECTION('',(0.707106781187,1.735167508357E-18,-0.707106781187)
  );
#3335 = DIRECTION('',(-1.226948711654E-18,1.,1.226948711654E-18));
#3336 = ADVANCED_FACE('',(#3337),#3355,.F.);
#3337 = FACE_BOUND('',#3338,.T.);
#3338 = EDGE_LOOP('',(#3339,#3340,#3341,#3349));
#3339 = ORIENTED_EDGE('',*,*,#3316,.F.);
#3340 = ORIENTED_EDGE('',*,*,#2774,.T.);
#3341 = ORIENTED_EDGE('',*,*,#3342,.T.);
#3342 = EDGE_CURVE('',#2765,#3343,#3345,.T.);
#3343 = VERTEX_POINT('',#3344);
#3344 = CARTESIAN_POINT('',(0.16,-5.24,8.54));
#3345 = LINE('',#3346,#3347);
#3346 = CARTESIAN_POINT('',(0.16,-5.24,8.54));
#3347 = VECTOR('',#3348,1.);
#3348 = DIRECTION('',(-0.57735026919,0.57735026919,0.57735026919));
#3349 = ORIENTED_EDGE('',*,*,#3350,.F.);
#3350 = EDGE_CURVE('',#3317,#3343,#3351,.T.);
#3351 = LINE('',#3352,#3353);
#3352 = CARTESIAN_POINT('',(-0.32,-5.24,8.54));
#3353 = VECTOR('',#3354,1.);
#3354 = DIRECTION('',(1.,0.,0.));
#3355 = PLANE('',#3356);
#3356 = AXIS2_PLACEMENT_3D('',#3357,#3358,#3359);
#3357 = CARTESIAN_POINT('',(-0.32,-5.32,8.46));
#3358 = DIRECTION('',(-1.735167508357E-18,0.707106781187,-0.707106781187
    ));
#3359 = DIRECTION('',(-1.,-1.226948711654E-18,1.226948711654E-18));
#3360 = ADVANCED_FACE('',(#3361),#3372,.T.);
#3361 = FACE_BOUND('',#3362,.T.);
#3362 = EDGE_LOOP('',(#3363,#3364,#3365,#3366));
#3363 = ORIENTED_EDGE('',*,*,#3342,.F.);
#3364 = ORIENTED_EDGE('',*,*,#2791,.T.);
#3365 = ORIENTED_EDGE('',*,*,#3294,.T.);
#3366 = ORIENTED_EDGE('',*,*,#3367,.F.);
#3367 = EDGE_CURVE('',#3343,#3295,#3368,.T.);
#3368 = LINE('',#3369,#3370);
#3369 = CARTESIAN_POINT('',(0.16,-5.4,8.54));
#3370 = VECTOR('',#3371,1.);
#3371 = DIRECTION('',(0.,1.,0.));
#3372 = PLANE('',#3373);
#3373 = AXIS2_PLACEMENT_3D('',#3374,#3375,#3376);
#3374 = CARTESIAN_POINT('',(0.24,-5.4,8.46));
#3375 = DIRECTION('',(0.707106781187,-1.735167508357E-18,0.707106781187)
  );
#3376 = DIRECTION('',(1.226948711654E-18,1.,1.226948711654E-18));
#3377 = ADVANCED_FACE('',(#3378),#3384,.F.);
#3378 = FACE_BOUND('',#3379,.F.);
#3379 = EDGE_LOOP('',(#3380,#3381,#3382,#3383));
#3380 = ORIENTED_EDGE('',*,*,#2846,.F.);
#3381 = ORIENTED_EDGE('',*,*,#2870,.F.);
#3382 = ORIENTED_EDGE('',*,*,#2887,.T.);
#3383 = ORIENTED_EDGE('',*,*,#2822,.T.);
#3384 = PLANE('',#3385);
#3385 = AXIS2_PLACEMENT_3D('',#3386,#3387,#3388);
#3386 = CARTESIAN_POINT('',(-0.32,-0.32,-3.));
#3387 = DIRECTION('',(0.,0.,1.));
#3388 = DIRECTION('',(1.,0.,-0.));
#3389 = ADVANCED_FACE('',(#3390),#3396,.F.);
#3390 = FACE_BOUND('',#3391,.F.);
#3391 = EDGE_LOOP('',(#3392,#3393,#3394,#3395));
#3392 = ORIENTED_EDGE('',*,*,#2966,.F.);
#3393 = ORIENTED_EDGE('',*,*,#2983,.F.);
#3394 = ORIENTED_EDGE('',*,*,#2918,.T.);
#3395 = ORIENTED_EDGE('',*,*,#2942,.T.);
#3396 = PLANE('',#3397);
#3397 = AXIS2_PLACEMENT_3D('',#3398,#3399,#3400);
#3398 = CARTESIAN_POINT('',(-0.32,-2.86,-3.));
#3399 = DIRECTION('',(0.,0.,1.));
#3400 = DIRECTION('',(1.,0.,-0.));
#3401 = ADVANCED_FACE('',(#3402),#3408,.F.);
#3402 = FACE_BOUND('',#3403,.F.);
#3403 = EDGE_LOOP('',(#3404,#3405,#3406,#3407));
#3404 = ORIENTED_EDGE('',*,*,#3014,.F.);
#3405 = ORIENTED_EDGE('',*,*,#3038,.F.);
#3406 = ORIENTED_EDGE('',*,*,#3062,.T.);
#3407 = ORIENTED_EDGE('',*,*,#3079,.T.);
#3408 = PLANE('',#3409);
#3409 = AXIS2_PLACEMENT_3D('',#3410,#3411,#3412);
#3410 = CARTESIAN_POINT('',(-0.32,-5.4,-3.));
#3411 = DIRECTION('',(0.,0.,1.));
#3412 = DIRECTION('',(1.,0.,-0.));
#3413 = ADVANCED_FACE('',(#3414),#3420,.T.);
#3414 = FACE_BOUND('',#3415,.T.);
#3415 = EDGE_LOOP('',(#3416,#3417,#3418,#3419));
#3416 = ORIENTED_EDGE('',*,*,#3175,.T.);
#3417 = ORIENTED_EDGE('',*,*,#3110,.T.);
#3418 = ORIENTED_EDGE('',*,*,#3134,.F.);
#3419 = ORIENTED_EDGE('',*,*,#3158,.F.);
#3420 = PLANE('',#3421);
#3421 = AXIS2_PLACEMENT_3D('',#3422,#3423,#3424);
#3422 = CARTESIAN_POINT('',(-0.32,-0.32,8.54));
#3423 = DIRECTION('',(0.,0.,1.));
#3424 = DIRECTION('',(1.,0.,-0.));
#3425 = ADVANCED_FACE('',(#3426),#3432,.T.);
#3426 = FACE_BOUND('',#3427,.T.);
#3427 = EDGE_LOOP('',(#3428,#3429,#3430,#3431));
#3428 = ORIENTED_EDGE('',*,*,#3206,.T.);
#3429 = ORIENTED_EDGE('',*,*,#3230,.T.);
#3430 = ORIENTED_EDGE('',*,*,#3254,.F.);
#3431 = ORIENTED_EDGE('',*,*,#3271,.F.);
#3432 = PLANE('',#3433);
#3433 = AXIS2_PLACEMENT_3D('',#3434,#3435,#3436);
#3434 = CARTESIAN_POINT('',(-0.32,-2.86,8.54));
#3435 = DIRECTION('',(0.,0.,1.));
#3436 = DIRECTION('',(1.,0.,-0.));
#3437 = ADVANCED_FACE('',(#3438),#3444,.T.);
#3438 = FACE_BOUND('',#3439,.T.);
#3439 = EDGE_LOOP('',(#3440,#3441,#3442,#3443));
#3440 = ORIENTED_EDGE('',*,*,#3350,.T.);
#3441 = ORIENTED_EDGE('',*,*,#3367,.T.);
#3442 = ORIENTED_EDGE('',*,*,#3302,.F.);
#3443 = ORIENTED_EDGE('',*,*,#3326,.F.);
#3444 = PLANE('',#3445);
#3445 = AXIS2_PLACEMENT_3D('',#3446,#3447,#3448);
#3446 = CARTESIAN_POINT('',(-0.32,-5.4,8.54));
#3447 = DIRECTION('',(0.,0.,1.));
#3448 = DIRECTION('',(1.,0.,-0.));
#3449 = ( GEOMETRIC_REPRESENTATION_CONTEXT(3) 
GLOBAL_UNCERTAINTY_ASSIGNED_CONTEXT((#3453)) 
GLOBAL_UNIT_ASSIGNED_CONTEXT((#3450,#3451,#3452)) REPRESENTATION_CONTEXT
('Context #1','3D Context with UNIT and UNCERTAINTY') );
#3450 = ( LENGTH_UNIT() NAMED_UNIT(*) SI_UNIT(.MILLI.,.METRE.) );
#3451 = ( NAMED_UNIT(*) PLANE_ANGLE_UNIT() SI_UNIT($,.RADIAN.) );
#3452 = ( NAMED_UNIT(*) SI_UNIT($,.STERADIAN.) SOLID_ANGLE_UNIT() );
#3453 = UNCERTAINTY_MEASURE_WITH_UNIT(LENGTH_MEASURE(1.E-07),#3450,
  'distance_accuracy_value','confusion accuracy');
#3454 = CONTEXT_DEPENDENT_SHAPE_REPRESENTATION(#3455,#3457);
#3455 = ( REPRESENTATION_RELATIONSHIP('','',#1342,#10) 
REPRESENTATION_RELATIONSHIP_WITH_TRANSFORMATION(#3456) 
SHAPE_REPRESENTATION_RELATIONSHIP() );
#3456 = ITEM_DEFINED_TRANSFORMATION('','',#11,#31);
#3457 = PRODUCT_DEFINITION_SHAPE('Placement','Placement of an item',
  #3458);
#3458 = NEXT_ASSEMBLY_USAGE_OCCURRENCE('5','J1','',#5,#1337,$);
#3459 = PRODUCT_RELATED_PRODUCT_CATEGORY('part',$,(#1339));
#3460 = SHAPE_DEFINITION_REPRESENTATION(#3461,#3467);
#3461 = PRODUCT_DEFINITION_SHAPE('','',#3462);
#3462 = PRODUCT_DEFINITION('design','',#3463,#3466);
#3463 = PRODUCT_DEFINITION_FORMATION('','',#3464);
#3464 = PRODUCT('winder_led_copper','winder_led_copper','',(#3465));
#3465 = PRODUCT_CONTEXT('',#2,'mechanical');
#3466 = PRODUCT_DEFINITION_CONTEXT('part definition',#2,'design');
#3467 = SHAPE_REPRESENTATION('',(#11,#3468,#4178,#4854,#8125,#8816),
  #9507);
#3468 = MANIFOLD_SOLID_BREP('',#3469);
#3469 = CLOSED_SHELL('',(#3470,#3510,#3665,#3707,#3765,#3782,#3804,#3821
    ,#3838,#3862,#3921,#3940,#3969,#3996,#4013,#4030,#4047,#4064,#4076,
    #4096,#4116,#4141,#4166));
#3470 = ADVANCED_FACE('',(#3471),#3505,.T.);
#3471 = FACE_BOUND('',#3472,.T.);
#3472 = EDGE_LOOP('',(#3473,#3483,#3491,#3499));
#3473 = ORIENTED_EDGE('',*,*,#3474,.F.);
#3474 = EDGE_CURVE('',#3475,#3477,#3479,.T.);
#3475 = VERTEX_POINT('',#3476);
#3476 = CARTESIAN_POINT('',(115.96,-64.902894,1.51));
#3477 = VERTEX_POINT('',#3478);
#3478 = CARTESIAN_POINT('',(117.01910912501,-65.96200312501,1.51));
#3479 = LINE('',#3480,#3481);
#3480 = CARTESIAN_POINT('',(115.96,-64.902894,1.51));
#3481 = VECTOR('',#3482,1.);
#3482 = DIRECTION('',(0.707106781187,-0.707106781187,0.));
#3483 = ORIENTED_EDGE('',*,*,#3484,.T.);
#3484 = EDGE_CURVE('',#3475,#3485,#3487,.T.);
#3485 = VERTEX_POINT('',#3486);
#3486 = CARTESIAN_POINT('',(115.96,-64.902894,1.545));
#3487 = LINE('',#3488,#3489);
#3488 = CARTESIAN_POINT('',(115.96,-64.902894,1.51));
#3489 = VECTOR('',#3490,1.);
#3490 = DIRECTION('',(0.,0.,1.));
#3491 = ORIENTED_EDGE('',*,*,#3492,.T.);
#3492 = EDGE_CURVE('',#3485,#3493,#3495,.T.);
#3493 = VERTEX_POINT('',#3494);
#3494 = CARTESIAN_POINT('',(117.01910912501,-65.96200312501,1.545));
#3495 = LINE('',#3496,#3497);
#3496 = CARTESIAN_POINT('',(115.96,-64.902894,1.545));
#3497 = VECTOR('',#3498,1.);
#3498 = DIRECTION('',(0.707106781187,-0.707106781187,0.));
#3499 = ORIENTED_EDGE('',*,*,#3500,.T.);
#3500 = EDGE_CURVE('',#3493,#3477,#3501,.T.);
#3501 = LINE('',#3502,#3503);
#3502 = CARTESIAN_POINT('',(117.01910912501,-65.96200312501,1.51));
#3503 = VECTOR('',#3504,1.);
#3504 = DIRECTION('',(0.,0.,-1.));
#3505 = PLANE('',#3506);
#3506 = AXIS2_PLACEMENT_3D('',#3507,#3508,#3509);
#3507 = CARTESIAN_POINT('',(115.96,-64.902894,1.51));
#3508 = DIRECTION('',(0.707106781187,0.707106781187,-0.));
#3509 = DIRECTION('',(0.707106781187,-0.707106781187,0.));
#3510 = ADVANCED_FACE('',(#3511,#3631),#3660,.F.);
#3511 = FACE_BOUND('',#3512,.F.);
#3512 = EDGE_LOOP('',(#3513,#3514,#3522,#3531,#3540,#3548,#3557,#3565,
    #3573,#3582,#3590,#3599,#3607,#3616,#3624));
#3513 = ORIENTED_EDGE('',*,*,#3474,.F.);
#3514 = ORIENTED_EDGE('',*,*,#3515,.F.);
#3515 = EDGE_CURVE('',#3516,#3475,#3518,.T.);
#3516 = VERTEX_POINT('',#3517);
#3517 = CARTESIAN_POINT('',(115.96,-62.68738511767,1.51));
#3518 = LINE('',#3519,#3520);
#3519 = CARTESIAN_POINT('',(115.96,-62.,1.51));
#3520 = VECTOR('',#3521,1.);
#3521 = DIRECTION('',(0.,-1.,0.));
#3522 = ORIENTED_EDGE('',*,*,#3523,.T.);
#3523 = EDGE_CURVE('',#3516,#3524,#3526,.T.);
#3524 = VERTEX_POINT('',#3525);
#3525 = CARTESIAN_POINT('',(116.309999,-62.,1.51));
#3526 = CIRCLE('',#3527,0.849999);
#3527 = AXIS2_PLACEMENT_3D('',#3528,#3529,#3530);
#3528 = CARTESIAN_POINT('',(115.46,-62.,1.51));
#3529 = DIRECTION('',(0.,0.,1.));
#3530 = DIRECTION('',(1.,0.,-0.));
#3531 = ORIENTED_EDGE('',*,*,#3532,.T.);
#3532 = EDGE_CURVE('',#3524,#3533,#3535,.T.);
#3533 = VERTEX_POINT('',#3534);
#3534 = CARTESIAN_POINT('',(114.96,-62.68738511767,1.51));
#3535 = CIRCLE('',#3536,0.849999);
#3536 = AXIS2_PLACEMENT_3D('',#3537,#3538,#3539);
#3537 = CARTESIAN_POINT('',(115.46,-62.,1.51));
#3538 = DIRECTION('',(0.,0.,1.));
#3539 = DIRECTION('',(1.,0.,-0.));
#3540 = ORIENTED_EDGE('',*,*,#3541,.F.);
#3541 = EDGE_CURVE('',#3542,#3533,#3544,.T.);
#3542 = VERTEX_POINT('',#3543);
#3543 = CARTESIAN_POINT('',(114.96,-65.11,1.51));
#3544 = LINE('',#3545,#3546);
#3545 = CARTESIAN_POINT('',(114.96,-65.11,1.51));
#3546 = VECTOR('',#3547,1.);
#3547 = DIRECTION('',(0.,1.,0.));
#3548 = ORIENTED_EDGE('',*,*,#3549,.F.);
#3549 = EDGE_CURVE('',#3550,#3542,#3552,.T.);
#3550 = VERTEX_POINT('',#3551);
#3551 = CARTESIAN_POINT('',(115.106447,-65.463553,1.51));
#3552 = CIRCLE('',#3553,0.499992432518);
#3553 = AXIS2_PLACEMENT_3D('',#3554,#3555,#3556);
#3554 = CARTESIAN_POINT('',(115.45999243251,-65.11000235338,1.51));
#3555 = DIRECTION('',(0.,0.,-1.));
#3556 = DIRECTION('',(-0.707101566982,-0.707111995353,-0.));
#3557 = ORIENTED_EDGE('',*,*,#3558,.F.);
#3558 = EDGE_CURVE('',#3559,#3550,#3561,.T.);
#3559 = VERTEX_POINT('',#3560);
#3560 = CARTESIAN_POINT('',(116.9000005033,-67.2571065033,1.51));
#3561 = LINE('',#3562,#3563);
#3562 = CARTESIAN_POINT('',(117.246447,-67.603553,1.51));
#3563 = VECTOR('',#3564,1.);
#3564 = DIRECTION('',(-0.707106781187,0.707106781187,0.));
#3565 = ORIENTED_EDGE('',*,*,#3566,.F.);
#3566 = EDGE_CURVE('',#3567,#3559,#3569,.T.);
#3567 = VERTEX_POINT('',#3568);
#3568 = CARTESIAN_POINT('',(116.900001,-68.325,1.51));
#3569 = LINE('',#3570,#3571);
#3570 = CARTESIAN_POINT('',(116.900001,-68.325,1.51));
#3571 = VECTOR('',#3572,1.);
#3572 = DIRECTION('',(-4.651160615624E-07,1.,0.));
#3573 = ORIENTED_EDGE('',*,*,#3574,.F.);
#3574 = EDGE_CURVE('',#3575,#3567,#3577,.T.);
#3575 = VERTEX_POINT('',#3576);
#3576 = CARTESIAN_POINT('',(117.149999,-68.575,1.51));
#3577 = CIRCLE('',#3578,0.249997252596);
#3578 = AXIS2_PLACEMENT_3D('',#3579,#3580,#3581);
#3579 = CARTESIAN_POINT('',(117.14999825258,-68.3250027474,1.51));
#3580 = DIRECTION('',(0.,0.,-1.));
#3581 = DIRECTION('',(2.989708662224E-06,-0.999999999996,0.));
#3582 = ORIENTED_EDGE('',*,*,#3583,.F.);
#3583 = EDGE_CURVE('',#3584,#3575,#3586,.T.);
#3584 = VERTEX_POINT('',#3585);
#3585 = CARTESIAN_POINT('',(118.05,-68.574999,1.51));
#3586 = LINE('',#3587,#3588);
#3587 = CARTESIAN_POINT('',(118.05,-68.574999,1.51));
#3588 = VECTOR('',#3589,1.);
#3589 = DIRECTION('',(-0.999999999999,-1.111109873739E-06,0.));
#3590 = ORIENTED_EDGE('',*,*,#3591,.F.);
#3591 = EDGE_CURVE('',#3592,#3584,#3594,.T.);
#3592 = VERTEX_POINT('',#3593);
#3593 = CARTESIAN_POINT('',(118.3,-68.325001,1.51));
#3594 = CIRCLE('',#3595,0.249997252596);
#3595 = AXIS2_PLACEMENT_3D('',#3596,#3597,#3598);
#3596 = CARTESIAN_POINT('',(118.0500027474,-68.32500174741,1.51));
#3597 = DIRECTION('',(0.,0.,-1.));
#3598 = DIRECTION('',(0.999999999996,2.989708719068E-06,0.));
#3599 = ORIENTED_EDGE('',*,*,#3600,.F.);
#3600 = EDGE_CURVE('',#3601,#3592,#3603,.T.);
#3601 = VERTEX_POINT('',#3602);
#3602 = CARTESIAN_POINT('',(118.299999,-66.175,1.51));
#3603 = LINE('',#3604,#3605);
#3604 = CARTESIAN_POINT('',(118.299999,-66.175,1.51));
#3605 = VECTOR('',#3606,1.);
#3606 = DIRECTION('',(4.651160615624E-07,-1.,0.));
#3607 = ORIENTED_EDGE('',*,*,#3608,.F.);
#3608 = EDGE_CURVE('',#3609,#3601,#3611,.T.);
#3609 = VERTEX_POINT('',#3610);
#3610 = CARTESIAN_POINT('',(118.050001,-65.925,1.51));
#3611 = CIRCLE('',#3612,0.249997252596);
#3612 = AXIS2_PLACEMENT_3D('',#3613,#3614,#3615);
#3613 = CARTESIAN_POINT('',(118.05000174741,-66.17499725259,1.51));
#3614 = DIRECTION('',(0.,0.,-1.));
#3615 = DIRECTION('',(-2.989708719068E-06,0.999999999996,0.));
#3616 = ORIENTED_EDGE('',*,*,#3617,.F.);
#3617 = EDGE_CURVE('',#3618,#3609,#3620,.T.);
#3618 = VERTEX_POINT('',#3619);
#3619 = CARTESIAN_POINT('',(117.15,-65.925001,1.51));
#3620 = LINE('',#3621,#3622);
#3621 = CARTESIAN_POINT('',(117.15,-65.925001,1.51));
#3622 = VECTOR('',#3623,1.);
#3623 = DIRECTION('',(0.999999999999,1.111109873739E-06,0.));
#3624 = ORIENTED_EDGE('',*,*,#3625,.F.);
#3625 = EDGE_CURVE('',#3477,#3618,#3626,.T.);
#3626 = CIRCLE('',#3627,0.249997252596);
#3627 = AXIS2_PLACEMENT_3D('',#3628,#3629,#3630);
#3628 = CARTESIAN_POINT('',(117.14999725259,-66.17499825258,1.51));
#3629 = DIRECTION('',(0.,0.,-1.));
#3630 = DIRECTION('',(-0.999999999996,-2.989708719068E-06,-0.));
#3631 = FACE_BOUND('',#3632,.F.);
#3632 = EDGE_LOOP('',(#3633,#3644,#3653));
#3633 = ORIENTED_EDGE('',*,*,#3634,.T.);
#3634 = EDGE_CURVE('',#3635,#3637,#3639,.T.);
#3635 = VERTEX_POINT('',#3636);
#3636 = CARTESIAN_POINT('',(115.46,-62.5,1.51));
#3637 = VERTEX_POINT('',#3638);
#3638 = CARTESIAN_POINT('',(114.96,-62.,1.51));
#3639 = CIRCLE('',#3640,0.5);
#3640 = AXIS2_PLACEMENT_3D('',#3641,#3642,#3643);
#3641 = CARTESIAN_POINT('',(115.46,-62.,1.51));
#3642 = DIRECTION('',(-0.,0.,-1.));
#3643 = DIRECTION('',(-0.,-1.,0.));
#3644 = ORIENTED_EDGE('',*,*,#3645,.T.);
#3645 = EDGE_CURVE('',#3637,#3646,#3648,.T.);
#3646 = VERTEX_POINT('',#3647);
#3647 = CARTESIAN_POINT('',(115.96,-62.,1.51));
#3648 = CIRCLE('',#3649,0.500000000001);
#3649 = AXIS2_PLACEMENT_3D('',#3650,#3651,#3652);
#3650 = CARTESIAN_POINT('',(115.46,-61.99999915187,1.51));
#3651 = DIRECTION('',(0.,0.,-1.));
#3652 = DIRECTION('',(-0.999999999999,-1.696250677694E-06,-0.));
#3653 = ORIENTED_EDGE('',*,*,#3654,.T.);
#3654 = EDGE_CURVE('',#3646,#3635,#3655,.T.);
#3655 = CIRCLE('',#3656,0.5);
#3656 = AXIS2_PLACEMENT_3D('',#3657,#3658,#3659);
#3657 = CARTESIAN_POINT('',(115.46,-62.,1.51));
#3658 = DIRECTION('',(-0.,0.,-1.));
#3659 = DIRECTION('',(-0.,-1.,0.));
#3660 = PLANE('',#3661);
#3661 = AXIS2_PLACEMENT_3D('',#3662,#3663,#3664);
#3662 = CARTESIAN_POINT('',(0.,0.,1.51));
#3663 = DIRECTION('',(0.,0.,1.));
#3664 = DIRECTION('',(1.,0.,-0.));
#3665 = ADVANCED_FACE('',(#3666),#3702,.T.);
#3666 = FACE_BOUND('',#3667,.T.);
#3667 = EDGE_LOOP('',(#3668,#3677,#3685,#3694,#3700,#3701));
#3668 = ORIENTED_EDGE('',*,*,#3669,.F.);
#3669 = EDGE_CURVE('',#3670,#3493,#3672,.T.);
#3670 = VERTEX_POINT('',#3671);
#3671 = CARTESIAN_POINT('',(116.9,-66.174999,1.545));
#3672 = CIRCLE('',#3673,0.249997252596);
#3673 = AXIS2_PLACEMENT_3D('',#3674,#3675,#3676);
#3674 = CARTESIAN_POINT('',(117.14999725259,-66.17499825258,1.545));
#3675 = DIRECTION('',(0.,0.,-1.));
#3676 = DIRECTION('',(-0.999999999996,-2.989708719068E-06,-0.));
#3677 = ORIENTED_EDGE('',*,*,#3678,.T.);
#3678 = EDGE_CURVE('',#3670,#3679,#3681,.T.);
#3679 = VERTEX_POINT('',#3680);
#3680 = CARTESIAN_POINT('',(116.9,-66.174999,1.55));
#3681 = LINE('',#3682,#3683);
#3682 = CARTESIAN_POINT('',(116.9,-66.174999,1.51));
#3683 = VECTOR('',#3684,1.);
#3684 = DIRECTION('',(0.,0.,1.));
#3685 = ORIENTED_EDGE('',*,*,#3686,.T.);
#3686 = EDGE_CURVE('',#3679,#3687,#3689,.T.);
#3687 = VERTEX_POINT('',#3688);
#3688 = CARTESIAN_POINT('',(117.15,-65.925001,1.55));
#3689 = CIRCLE('',#3690,0.249997252596);
#3690 = AXIS2_PLACEMENT_3D('',#3691,#3692,#3693);
#3691 = CARTESIAN_POINT('',(117.14999725259,-66.17499825258,1.55));
#3692 = DIRECTION('',(0.,0.,-1.));
#3693 = DIRECTION('',(-0.999999999996,-2.989708719068E-06,-0.));
#3694 = ORIENTED_EDGE('',*,*,#3695,.F.);
#3695 = EDGE_CURVE('',#3618,#3687,#3696,.T.);
#3696 = LINE('',#3697,#3698);
#3697 = CARTESIAN_POINT('',(117.15,-65.925001,1.51));
#3698 = VECTOR('',#3699,1.);
#3699 = DIRECTION('',(0.,0.,1.));
#3700 = ORIENTED_EDGE('',*,*,#3625,.F.);
#3701 = ORIENTED_EDGE('',*,*,#3500,.F.);
#3702 = CYLINDRICAL_SURFACE('',#3703,0.249997252596);
#3703 = AXIS2_PLACEMENT_3D('',#3704,#3705,#3706);
#3704 = CARTESIAN_POINT('',(117.14999725259,-66.17499825258,1.51));
#3705 = DIRECTION('',(0.,0.,-1.));
#3706 = DIRECTION('',(-0.999999999996,-2.989708719068E-06,-0.));
#3707 = ADVANCED_FACE('',(#3708),#3760,.T.);
#3708 = FACE_BOUND('',#3709,.T.);
#3709 = EDGE_LOOP('',(#3710,#3711,#3719,#3728,#3736,#3745,#3753,#3759));
#3710 = ORIENTED_EDGE('',*,*,#3492,.F.);
#3711 = ORIENTED_EDGE('',*,*,#3712,.F.);
#3712 = EDGE_CURVE('',#3713,#3485,#3715,.T.);
#3713 = VERTEX_POINT('',#3714);
#3714 = CARTESIAN_POINT('',(115.96,-62.68738511767,1.545));
#3715 = LINE('',#3716,#3717);
#3716 = CARTESIAN_POINT('',(115.96,-62.,1.545));
#3717 = VECTOR('',#3718,1.);
#3718 = DIRECTION('',(0.,-1.,0.));
#3719 = ORIENTED_EDGE('',*,*,#3720,.T.);
#3720 = EDGE_CURVE('',#3713,#3721,#3723,.T.);
#3721 = VERTEX_POINT('',#3722);
#3722 = CARTESIAN_POINT('',(114.96,-62.68738511767,1.545));
#3723 = CIRCLE('',#3724,0.849999);
#3724 = AXIS2_PLACEMENT_3D('',#3725,#3726,#3727);
#3725 = CARTESIAN_POINT('',(115.46,-62.,1.545));
#3726 = DIRECTION('',(0.,-0.,-1.));
#3727 = DIRECTION('',(1.,0.,-0.));
#3728 = ORIENTED_EDGE('',*,*,#3729,.F.);
#3729 = EDGE_CURVE('',#3730,#3721,#3732,.T.);
#3730 = VERTEX_POINT('',#3731);
#3731 = CARTESIAN_POINT('',(114.96,-65.11,1.545));
#3732 = LINE('',#3733,#3734);
#3733 = CARTESIAN_POINT('',(114.96,-65.11,1.545));
#3734 = VECTOR('',#3735,1.);
#3735 = DIRECTION('',(0.,1.,0.));
#3736 = ORIENTED_EDGE('',*,*,#3737,.F.);
#3737 = EDGE_CURVE('',#3738,#3730,#3740,.T.);
#3738 = VERTEX_POINT('',#3739);
#3739 = CARTESIAN_POINT('',(115.106447,-65.463553,1.545));
#3740 = CIRCLE('',#3741,0.499992432518);
#3741 = AXIS2_PLACEMENT_3D('',#3742,#3743,#3744);
#3742 = CARTESIAN_POINT('',(115.45999243251,-65.11000235338,1.545));
#3743 = DIRECTION('',(0.,0.,-1.));
#3744 = DIRECTION('',(-0.707101566982,-0.707111995353,-0.));
#3745 = ORIENTED_EDGE('',*,*,#3746,.F.);
#3746 = EDGE_CURVE('',#3747,#3738,#3749,.T.);
#3747 = VERTEX_POINT('',#3748);
#3748 = CARTESIAN_POINT('',(116.9000005033,-67.2571065033,1.545));
#3749 = LINE('',#3750,#3751);
#3750 = CARTESIAN_POINT('',(117.246447,-67.603553,1.545));
#3751 = VECTOR('',#3752,1.);
#3752 = DIRECTION('',(-0.707106781187,0.707106781187,0.));
#3753 = ORIENTED_EDGE('',*,*,#3754,.F.);
#3754 = EDGE_CURVE('',#3670,#3747,#3755,.T.);
#3755 = LINE('',#3756,#3757);
#3756 = CARTESIAN_POINT('',(116.89998511046,-34.16247281397,1.545));
#3757 = VECTOR('',#3758,1.);
#3758 = DIRECTION('',(4.651160615624E-07,-1.,0.));
#3759 = ORIENTED_EDGE('',*,*,#3669,.T.);
#3760 = PLANE('',#3761);
#3761 = AXIS2_PLACEMENT_3D('',#3762,#3763,#3764);
#3762 = CARTESIAN_POINT('',(0.,0.,1.545));
#3763 = DIRECTION('',(0.,0.,1.));
#3764 = DIRECTION('',(1.,0.,-0.));
#3765 = ADVANCED_FACE('',(#3766),#3777,.T.);
#3766 = FACE_BOUND('',#3767,.T.);
#3767 = EDGE_LOOP('',(#3768,#3769,#3775,#3776));
#3768 = ORIENTED_EDGE('',*,*,#3515,.F.);
#3769 = ORIENTED_EDGE('',*,*,#3770,.F.);
#3770 = EDGE_CURVE('',#3713,#3516,#3771,.T.);
#3771 = LINE('',#3772,#3773);
#3772 = CARTESIAN_POINT('',(115.96,-62.68738511767,1.51));
#3773 = VECTOR('',#3774,1.);
#3774 = DIRECTION('',(-0.,-0.,-1.));
#3775 = ORIENTED_EDGE('',*,*,#3712,.T.);
#3776 = ORIENTED_EDGE('',*,*,#3484,.F.);
#3777 = PLANE('',#3778);
#3778 = AXIS2_PLACEMENT_3D('',#3779,#3780,#3781);
#3779 = CARTESIAN_POINT('',(115.96,-62.,1.51));
#3780 = DIRECTION('',(1.,0.,-0.));
#3781 = DIRECTION('',(0.,-1.,0.));
#3782 = ADVANCED_FACE('',(#3783),#3799,.T.);
#3783 = FACE_BOUND('',#3784,.T.);
#3784 = EDGE_LOOP('',(#3785,#3786,#3792,#3793));
#3785 = ORIENTED_EDGE('',*,*,#3558,.F.);
#3786 = ORIENTED_EDGE('',*,*,#3787,.F.);
#3787 = EDGE_CURVE('',#3747,#3559,#3788,.T.);
#3788 = LINE('',#3789,#3790);
#3789 = CARTESIAN_POINT('',(116.9000005033,-67.2571065033,1.51));
#3790 = VECTOR('',#3791,1.);
#3791 = DIRECTION('',(0.,0.,-1.));
#3792 = ORIENTED_EDGE('',*,*,#3746,.T.);
#3793 = ORIENTED_EDGE('',*,*,#3794,.F.);
#3794 = EDGE_CURVE('',#3550,#3738,#3795,.T.);
#3795 = LINE('',#3796,#3797);
#3796 = CARTESIAN_POINT('',(115.106447,-65.463553,1.51));
#3797 = VECTOR('',#3798,1.);
#3798 = DIRECTION('',(0.,0.,1.));
#3799 = PLANE('',#3800);
#3800 = AXIS2_PLACEMENT_3D('',#3801,#3802,#3803);
#3801 = CARTESIAN_POINT('',(117.246447,-67.603553,1.51));
#3802 = DIRECTION('',(-0.707106781187,-0.707106781187,0.));
#3803 = DIRECTION('',(-0.707106781187,0.707106781187,0.));
#3804 = ADVANCED_FACE('',(#3805),#3816,.T.);
#3805 = FACE_BOUND('',#3806,.T.);
#3806 = EDGE_LOOP('',(#3807,#3808,#3809,#3815));
#3807 = ORIENTED_EDGE('',*,*,#3794,.T.);
#3808 = ORIENTED_EDGE('',*,*,#3737,.T.);
#3809 = ORIENTED_EDGE('',*,*,#3810,.F.);
#3810 = EDGE_CURVE('',#3542,#3730,#3811,.T.);
#3811 = LINE('',#3812,#3813);
#3812 = CARTESIAN_POINT('',(114.96,-65.11,1.51));
#3813 = VECTOR('',#3814,1.);
#3814 = DIRECTION('',(0.,0.,1.));
#3815 = ORIENTED_EDGE('',*,*,#3549,.F.);
#3816 = CYLINDRICAL_SURFACE('',#3817,0.499992432518);
#3817 = AXIS2_PLACEMENT_3D('',#3818,#3819,#3820);
#3818 = CARTESIAN_POINT('',(115.45999243251,-65.11000235338,1.51));
#3819 = DIRECTION('',(0.,0.,-1.));
#3820 = DIRECTION('',(-0.707101566982,-0.707111995353,-0.));
#3821 = ADVANCED_FACE('',(#3822),#3833,.T.);
#3822 = FACE_BOUND('',#3823,.T.);
#3823 = EDGE_LOOP('',(#3824,#3825,#3826,#3827));
#3824 = ORIENTED_EDGE('',*,*,#3541,.F.);
#3825 = ORIENTED_EDGE('',*,*,#3810,.T.);
#3826 = ORIENTED_EDGE('',*,*,#3729,.T.);
#3827 = ORIENTED_EDGE('',*,*,#3828,.T.);
#3828 = EDGE_CURVE('',#3721,#3533,#3829,.T.);
#3829 = LINE('',#3830,#3831);
#3830 = CARTESIAN_POINT('',(114.96,-62.68738511767,1.51));
#3831 = VECTOR('',#3832,1.);
#3832 = DIRECTION('',(-0.,-0.,-1.));
#3833 = PLANE('',#3834);
#3834 = AXIS2_PLACEMENT_3D('',#3835,#3836,#3837);
#3835 = CARTESIAN_POINT('',(114.96,-65.11,1.51));
#3836 = DIRECTION('',(-1.,0.,0.));
#3837 = DIRECTION('',(0.,1.,0.));
#3838 = ADVANCED_FACE('',(#3839),#3857,.T.);
#3839 = FACE_BOUND('',#3840,.T.);
#3840 = EDGE_LOOP('',(#3841,#3842,#3850,#3856));
#3841 = ORIENTED_EDGE('',*,*,#3695,.T.);
#3842 = ORIENTED_EDGE('',*,*,#3843,.T.);
#3843 = EDGE_CURVE('',#3687,#3844,#3846,.T.);
#3844 = VERTEX_POINT('',#3845);
#3845 = CARTESIAN_POINT('',(118.050001,-65.925,1.55));
#3846 = LINE('',#3847,#3848);
#3847 = CARTESIAN_POINT('',(117.15,-65.925001,1.55));
#3848 = VECTOR('',#3849,1.);
#3849 = DIRECTION('',(0.999999999999,1.111109873739E-06,0.));
#3850 = ORIENTED_EDGE('',*,*,#3851,.F.);
#3851 = EDGE_CURVE('',#3609,#3844,#3852,.T.);
#3852 = LINE('',#3853,#3854);
#3853 = CARTESIAN_POINT('',(118.050001,-65.925,1.51));
#3854 = VECTOR('',#3855,1.);
#3855 = DIRECTION('',(0.,0.,1.));
#3856 = ORIENTED_EDGE('',*,*,#3617,.F.);
#3857 = PLANE('',#3858);
#3858 = AXIS2_PLACEMENT_3D('',#3859,#3860,#3861);
#3859 = CARTESIAN_POINT('',(117.15,-65.925001,1.51));
#3860 = DIRECTION('',(-1.111109873739E-06,0.999999999999,0.));
#3861 = DIRECTION('',(0.999999999999,1.111109873739E-06,0.));
#3862 = ADVANCED_FACE('',(#3863),#3916,.T.);
#3863 = FACE_BOUND('',#3864,.F.);
#3864 = EDGE_LOOP('',(#3865,#3866,#3867,#3876,#3884,#3893,#3901,#3910));
#3865 = ORIENTED_EDGE('',*,*,#3686,.T.);
#3866 = ORIENTED_EDGE('',*,*,#3843,.T.);
#3867 = ORIENTED_EDGE('',*,*,#3868,.T.);
#3868 = EDGE_CURVE('',#3844,#3869,#3871,.T.);
#3869 = VERTEX_POINT('',#3870);
#3870 = CARTESIAN_POINT('',(118.299999,-66.175,1.55));
#3871 = CIRCLE('',#3872,0.249997252596);
#3872 = AXIS2_PLACEMENT_3D('',#3873,#3874,#3875);
#3873 = CARTESIAN_POINT('',(118.05000174741,-66.17499725259,1.55));
#3874 = DIRECTION('',(0.,0.,-1.));
#3875 = DIRECTION('',(-2.989708719068E-06,0.999999999996,0.));
#3876 = ORIENTED_EDGE('',*,*,#3877,.T.);
#3877 = EDGE_CURVE('',#3869,#3878,#3880,.T.);
#3878 = VERTEX_POINT('',#3879);
#3879 = CARTESIAN_POINT('',(118.3,-68.325001,1.55));
#3880 = LINE('',#3881,#3882);
#3881 = CARTESIAN_POINT('',(118.299999,-66.175,1.55));
#3882 = VECTOR('',#3883,1.);
#3883 = DIRECTION('',(4.651160615624E-07,-1.,0.));
#3884 = ORIENTED_EDGE('',*,*,#3885,.T.);
#3885 = EDGE_CURVE('',#3878,#3886,#3888,.T.);
#3886 = VERTEX_POINT('',#3887);
#3887 = CARTESIAN_POINT('',(118.05,-68.574999,1.55));
#3888 = CIRCLE('',#3889,0.249997252596);
#3889 = AXIS2_PLACEMENT_3D('',#3890,#3891,#3892);
#3890 = CARTESIAN_POINT('',(118.0500027474,-68.32500174741,1.55));
#3891 = DIRECTION('',(0.,0.,-1.));
#3892 = DIRECTION('',(0.999999999996,2.989708719068E-06,0.));
#3893 = ORIENTED_EDGE('',*,*,#3894,.T.);
#3894 = EDGE_CURVE('',#3886,#3895,#3897,.T.);
#3895 = VERTEX_POINT('',#3896);
#3896 = CARTESIAN_POINT('',(117.149999,-68.575,1.55));
#3897 = LINE('',#3898,#3899);
#3898 = CARTESIAN_POINT('',(118.05,-68.574999,1.55));
#3899 = VECTOR('',#3900,1.);
#3900 = DIRECTION('',(-0.999999999999,-1.111109873739E-06,0.));
#3901 = ORIENTED_EDGE('',*,*,#3902,.T.);
#3902 = EDGE_CURVE('',#3895,#3903,#3905,.T.);
#3903 = VERTEX_POINT('',#3904);
#3904 = CARTESIAN_POINT('',(116.900001,-68.325,1.55));
#3905 = CIRCLE('',#3906,0.249997252596);
#3906 = AXIS2_PLACEMENT_3D('',#3907,#3908,#3909);
#3907 = CARTESIAN_POINT('',(117.14999825258,-68.3250027474,1.55));
#3908 = DIRECTION('',(0.,0.,-1.));
#3909 = DIRECTION('',(2.989708662224E-06,-0.999999999996,0.));
#3910 = ORIENTED_EDGE('',*,*,#3911,.T.);
#3911 = EDGE_CURVE('',#3903,#3679,#3912,.T.);
#3912 = LINE('',#3913,#3914);
#3913 = CARTESIAN_POINT('',(116.900001,-68.325,1.55));
#3914 = VECTOR('',#3915,1.);
#3915 = DIRECTION('',(-4.651160615624E-07,1.,0.));
#3916 = PLANE('',#3917);
#3917 = AXIS2_PLACEMENT_3D('',#3918,#3919,#3920);
#3918 = CARTESIAN_POINT('',(0.,0.,1.55));
#3919 = DIRECTION('',(0.,0.,1.));
#3920 = DIRECTION('',(1.,0.,-0.));
#3921 = ADVANCED_FACE('',(#3922),#3935,.T.);
#3922 = FACE_BOUND('',#3923,.T.);
#3923 = EDGE_LOOP('',(#3924,#3925,#3931,#3932,#3933,#3934));
#3924 = ORIENTED_EDGE('',*,*,#3566,.F.);
#3925 = ORIENTED_EDGE('',*,*,#3926,.T.);
#3926 = EDGE_CURVE('',#3567,#3903,#3927,.T.);
#3927 = LINE('',#3928,#3929);
#3928 = CARTESIAN_POINT('',(116.900001,-68.325,1.51));
#3929 = VECTOR('',#3930,1.);
#3930 = DIRECTION('',(0.,0.,1.));
#3931 = ORIENTED_EDGE('',*,*,#3911,.T.);
#3932 = ORIENTED_EDGE('',*,*,#3678,.F.);
#3933 = ORIENTED_EDGE('',*,*,#3754,.T.);
#3934 = ORIENTED_EDGE('',*,*,#3787,.T.);
#3935 = PLANE('',#3936);
#3936 = AXIS2_PLACEMENT_3D('',#3937,#3938,#3939);
#3937 = CARTESIAN_POINT('',(116.900001,-68.325,1.51));
#3938 = DIRECTION('',(-1.,-4.651160615624E-07,0.));
#3939 = DIRECTION('',(-4.651160615624E-07,1.,0.));
#3940 = ADVANCED_FACE('',(#3941),#3964,.T.);
#3941 = FACE_BOUND('',#3942,.F.);
#3942 = EDGE_LOOP('',(#3943,#3944,#3952,#3959,#3960,#3961,#3962,#3963));
#3943 = ORIENTED_EDGE('',*,*,#3532,.F.);
#3944 = ORIENTED_EDGE('',*,*,#3945,.T.);
#3945 = EDGE_CURVE('',#3524,#3946,#3948,.T.);
#3946 = VERTEX_POINT('',#3947);
#3947 = CARTESIAN_POINT('',(116.309999,-62.,1.55));
#3948 = LINE('',#3949,#3950);
#3949 = CARTESIAN_POINT('',(116.309999,-62.,1.51));
#3950 = VECTOR('',#3951,1.);
#3951 = DIRECTION('',(0.,0.,1.));
#3952 = ORIENTED_EDGE('',*,*,#3953,.T.);
#3953 = EDGE_CURVE('',#3946,#3946,#3954,.T.);
#3954 = CIRCLE('',#3955,0.849999);
#3955 = AXIS2_PLACEMENT_3D('',#3956,#3957,#3958);
#3956 = CARTESIAN_POINT('',(115.46,-62.,1.55));
#3957 = DIRECTION('',(0.,0.,1.));
#3958 = DIRECTION('',(1.,0.,-0.));
#3959 = ORIENTED_EDGE('',*,*,#3945,.F.);
#3960 = ORIENTED_EDGE('',*,*,#3523,.F.);
#3961 = ORIENTED_EDGE('',*,*,#3770,.F.);
#3962 = ORIENTED_EDGE('',*,*,#3720,.T.);
#3963 = ORIENTED_EDGE('',*,*,#3828,.T.);
#3964 = CYLINDRICAL_SURFACE('',#3965,0.849999);
#3965 = AXIS2_PLACEMENT_3D('',#3966,#3967,#3968);
#3966 = CARTESIAN_POINT('',(115.46,-62.,1.51));
#3967 = DIRECTION('',(-0.,-0.,-1.));
#3968 = DIRECTION('',(1.,0.,-0.));
#3969 = ADVANCED_FACE('',(#3970),#3991,.T.);
#3970 = FACE_BOUND('',#3971,.F.);
#3971 = EDGE_LOOP('',(#3972,#3980,#3987,#3988,#3989,#3990));
#3972 = ORIENTED_EDGE('',*,*,#3973,.F.);
#3973 = EDGE_CURVE('',#3974,#3635,#3976,.T.);
#3974 = VERTEX_POINT('',#3975);
#3975 = CARTESIAN_POINT('',(115.46,-62.5,0.));
#3976 = LINE('',#3977,#3978);
#3977 = CARTESIAN_POINT('',(115.46,-62.5,-4.E-02));
#3978 = VECTOR('',#3979,1.);
#3979 = DIRECTION('',(0.,0.,1.));
#3980 = ORIENTED_EDGE('',*,*,#3981,.T.);
#3981 = EDGE_CURVE('',#3974,#3974,#3982,.T.);
#3982 = CIRCLE('',#3983,0.5);
#3983 = AXIS2_PLACEMENT_3D('',#3984,#3985,#3986);
#3984 = CARTESIAN_POINT('',(115.46,-62.,0.));
#3985 = DIRECTION('',(-0.,0.,-1.));
#3986 = DIRECTION('',(-0.,-1.,0.));
#3987 = ORIENTED_EDGE('',*,*,#3973,.T.);
#3988 = ORIENTED_EDGE('',*,*,#3654,.F.);
#3989 = ORIENTED_EDGE('',*,*,#3645,.F.);
#3990 = ORIENTED_EDGE('',*,*,#3634,.F.);
#3991 = CYLINDRICAL_SURFACE('',#3992,0.5);
#3992 = AXIS2_PLACEMENT_3D('',#3993,#3994,#3995);
#3993 = CARTESIAN_POINT('',(115.46,-62.,-4.E-02));
#3994 = DIRECTION('',(-0.,-0.,-1.));
#3995 = DIRECTION('',(-0.,-1.,0.));
#3996 = ADVANCED_FACE('',(#3997),#4008,.T.);
#3997 = FACE_BOUND('',#3998,.T.);
#3998 = EDGE_LOOP('',(#3999,#4000,#4001,#4007));
#3999 = ORIENTED_EDGE('',*,*,#3851,.T.);
#4000 = ORIENTED_EDGE('',*,*,#3868,.T.);
#4001 = ORIENTED_EDGE('',*,*,#4002,.F.);
#4002 = EDGE_CURVE('',#3601,#3869,#4003,.T.);
#4003 = LINE('',#4004,#4005);
#4004 = CARTESIAN_POINT('',(118.299999,-66.175,1.51));
#4005 = VECTOR('',#4006,1.);
#4006 = DIRECTION('',(0.,0.,1.));
#4007 = ORIENTED_EDGE('',*,*,#3608,.F.);
#4008 = CYLINDRICAL_SURFACE('',#4009,0.249997252596);
#4009 = AXIS2_PLACEMENT_3D('',#4010,#4011,#4012);
#4010 = CARTESIAN_POINT('',(118.05000174741,-66.17499725259,1.51));
#4011 = DIRECTION('',(0.,0.,-1.));
#4012 = DIRECTION('',(-2.989708719068E-06,0.999999999996,0.));
#4013 = ADVANCED_FACE('',(#4014),#4025,.T.);
#4014 = FACE_BOUND('',#4015,.T.);
#4015 = EDGE_LOOP('',(#4016,#4017,#4018,#4024));
#4016 = ORIENTED_EDGE('',*,*,#4002,.T.);
#4017 = ORIENTED_EDGE('',*,*,#3877,.T.);
#4018 = ORIENTED_EDGE('',*,*,#4019,.F.);
#4019 = EDGE_CURVE('',#3592,#3878,#4020,.T.);
#4020 = LINE('',#4021,#4022);
#4021 = CARTESIAN_POINT('',(118.3,-68.325001,1.51));
#4022 = VECTOR('',#4023,1.);
#4023 = DIRECTION('',(0.,0.,1.));
#4024 = ORIENTED_EDGE('',*,*,#3600,.F.);
#4025 = PLANE('',#4026);
#4026 = AXIS2_PLACEMENT_3D('',#4027,#4028,#4029);
#4027 = CARTESIAN_POINT('',(118.299999,-66.175,1.51));
#4028 = DIRECTION('',(1.,4.651160615624E-07,-0.));
#4029 = DIRECTION('',(4.651160615624E-07,-1.,0.));
#4030 = ADVANCED_FACE('',(#4031),#4042,.T.);
#4031 = FACE_BOUND('',#4032,.T.);
#4032 = EDGE_LOOP('',(#4033,#4034,#4035,#4041));
#4033 = ORIENTED_EDGE('',*,*,#4019,.T.);
#4034 = ORIENTED_EDGE('',*,*,#3885,.T.);
#4035 = ORIENTED_EDGE('',*,*,#4036,.F.);
#4036 = EDGE_CURVE('',#3584,#3886,#4037,.T.);
#4037 = LINE('',#4038,#4039);
#4038 = CARTESIAN_POINT('',(118.05,-68.574999,1.51));
#4039 = VECTOR('',#4040,1.);
#4040 = DIRECTION('',(0.,0.,1.));
#4041 = ORIENTED_EDGE('',*,*,#3591,.F.);
#4042 = CYLINDRICAL_SURFACE('',#4043,0.249997252596);
#4043 = AXIS2_PLACEMENT_3D('',#4044,#4045,#4046);
#4044 = CARTESIAN_POINT('',(118.0500027474,-68.32500174741,1.51));
#4045 = DIRECTION('',(0.,0.,-1.));
#4046 = DIRECTION('',(0.999999999996,2.989708719068E-06,0.));
#4047 = ADVANCED_FACE('',(#4048),#4059,.T.);
#4048 = FACE_BOUND('',#4049,.T.);
#4049 = EDGE_LOOP('',(#4050,#4051,#4052,#4058));
#4050 = ORIENTED_EDGE('',*,*,#4036,.T.);
#4051 = ORIENTED_EDGE('',*,*,#3894,.T.);
#4052 = ORIENTED_EDGE('',*,*,#4053,.F.);
#4053 = EDGE_CURVE('',#3575,#3895,#4054,.T.);
#4054 = LINE('',#4055,#4056);
#4055 = CARTESIAN_POINT('',(117.149999,-68.575,1.51));
#4056 = VECTOR('',#4057,1.);
#4057 = DIRECTION('',(0.,0.,1.));
#4058 = ORIENTED_EDGE('',*,*,#3583,.F.);
#4059 = PLANE('',#4060);
#4060 = AXIS2_PLACEMENT_3D('',#4061,#4062,#4063);
#4061 = CARTESIAN_POINT('',(118.05,-68.574999,1.51));
#4062 = DIRECTION('',(1.111109873739E-06,-0.999999999999,0.));
#4063 = DIRECTION('',(-0.999999999999,-1.111109873739E-06,0.));
#4064 = ADVANCED_FACE('',(#4065),#4071,.T.);
#4065 = FACE_BOUND('',#4066,.T.);
#4066 = EDGE_LOOP('',(#4067,#4068,#4069,#4070));
#4067 = ORIENTED_EDGE('',*,*,#4053,.T.);
#4068 = ORIENTED_EDGE('',*,*,#3902,.T.);
#4069 = ORIENTED_EDGE('',*,*,#3926,.F.);
#4070 = ORIENTED_EDGE('',*,*,#3574,.F.);
#4071 = CYLINDRICAL_SURFACE('',#4072,0.249997252596);
#4072 = AXIS2_PLACEMENT_3D('',#4073,#4074,#4075);
#4073 = CARTESIAN_POINT('',(117.14999825258,-68.3250027474,1.51));
#4074 = DIRECTION('',(0.,0.,-1.));
#4075 = DIRECTION('',(2.989708662224E-06,-0.999999999996,0.));
#4076 = ADVANCED_FACE('',(#4077,#4080),#4091,.T.);
#4077 = FACE_BOUND('',#4078,.T.);
#4078 = EDGE_LOOP('',(#4079));
#4079 = ORIENTED_EDGE('',*,*,#3953,.T.);
#4080 = FACE_BOUND('',#4081,.T.);
#4081 = EDGE_LOOP('',(#4082));
#4082 = ORIENTED_EDGE('',*,*,#4083,.T.);
#4083 = EDGE_CURVE('',#4084,#4084,#4086,.T.);
#4084 = VERTEX_POINT('',#4085);
#4085 = CARTESIAN_POINT('',(115.46,-62.475,1.55));
#4086 = CIRCLE('',#4087,0.475);
#4087 = AXIS2_PLACEMENT_3D('',#4088,#4089,#4090);
#4088 = CARTESIAN_POINT('',(115.46,-62.,1.55));
#4089 = DIRECTION('',(-0.,0.,-1.));
#4090 = DIRECTION('',(-2.991758887411E-14,-1.,0.));
#4091 = PLANE('',#4092);
#4092 = AXIS2_PLACEMENT_3D('',#4093,#4094,#4095);
#4093 = CARTESIAN_POINT('',(0.,0.,1.55));
#4094 = DIRECTION('',(0.,0.,1.));
#4095 = DIRECTION('',(1.,0.,-0.));
#4096 = ADVANCED_FACE('',(#4097,#4108),#4111,.F.);
#4097 = FACE_BOUND('',#4098,.F.);
#4098 = EDGE_LOOP('',(#4099));
#4099 = ORIENTED_EDGE('',*,*,#4100,.F.);
#4100 = EDGE_CURVE('',#4101,#4101,#4103,.T.);
#4101 = VERTEX_POINT('',#4102);
#4102 = CARTESIAN_POINT('',(116.309999,-62.,0.));
#4103 = CIRCLE('',#4104,0.849999);
#4104 = AXIS2_PLACEMENT_3D('',#4105,#4106,#4107);
#4105 = CARTESIAN_POINT('',(115.46,-62.,0.));
#4106 = DIRECTION('',(0.,0.,1.));
#4107 = DIRECTION('',(1.,0.,-0.));
#4108 = FACE_BOUND('',#4109,.F.);
#4109 = EDGE_LOOP('',(#4110));
#4110 = ORIENTED_EDGE('',*,*,#3981,.F.);
#4111 = PLANE('',#4112);
#4112 = AXIS2_PLACEMENT_3D('',#4113,#4114,#4115);
#4113 = CARTESIAN_POINT('',(0.,0.,0.));
#4114 = DIRECTION('',(-0.,-0.,-1.));
#4115 = DIRECTION('',(-1.,0.,0.));
#4116 = ADVANCED_FACE('',(#4117),#4136,.F.);
#4117 = FACE_BOUND('',#4118,.T.);
#4118 = EDGE_LOOP('',(#4119,#4128,#4134,#4135));
#4119 = ORIENTED_EDGE('',*,*,#4120,.T.);
#4120 = EDGE_CURVE('',#4121,#4121,#4123,.T.);
#4121 = VERTEX_POINT('',#4122);
#4122 = CARTESIAN_POINT('',(115.46,-62.475,-4.E-02));
#4123 = CIRCLE('',#4124,0.475);
#4124 = AXIS2_PLACEMENT_3D('',#4125,#4126,#4127);
#4125 = CARTESIAN_POINT('',(115.46,-62.,-4.E-02));
#4126 = DIRECTION('',(-0.,0.,-1.));
#4127 = DIRECTION('',(-2.991758887411E-14,-1.,0.));
#4128 = ORIENTED_EDGE('',*,*,#4129,.T.);
#4129 = EDGE_CURVE('',#4121,#4084,#4130,.T.);
#4130 = LINE('',#4131,#4132);
#4131 = CARTESIAN_POINT('',(115.46,-62.475,-4.6E-02));
#4132 = VECTOR('',#4133,1.);
#4133 = DIRECTION('',(0.,0.,1.));
#4134 = ORIENTED_EDGE('',*,*,#4083,.F.);
#4135 = ORIENTED_EDGE('',*,*,#4129,.F.);
#4136 = CYLINDRICAL_SURFACE('',#4137,0.475);
#4137 = AXIS2_PLACEMENT_3D('',#4138,#4139,#4140);
#4138 = CARTESIAN_POINT('',(115.46,-62.,-4.6E-02));
#4139 = DIRECTION('',(-0.,-0.,-1.));
#4140 = DIRECTION('',(-2.991758887411E-14,-1.,0.));
#4141 = ADVANCED_FACE('',(#4142),#4161,.T.);
#4142 = FACE_BOUND('',#4143,.T.);
#4143 = EDGE_LOOP('',(#4144,#4152,#4159,#4160));
#4144 = ORIENTED_EDGE('',*,*,#4145,.T.);
#4145 = EDGE_CURVE('',#4101,#4146,#4148,.T.);
#4146 = VERTEX_POINT('',#4147);
#4147 = CARTESIAN_POINT('',(116.309999,-62.,-4.E-02));
#4148 = LINE('',#4149,#4150);
#4149 = CARTESIAN_POINT('',(116.309999,-62.,0.));
#4150 = VECTOR('',#4151,1.);
#4151 = DIRECTION('',(0.,0.,-1.));
#4152 = ORIENTED_EDGE('',*,*,#4153,.T.);
#4153 = EDGE_CURVE('',#4146,#4146,#4154,.T.);
#4154 = CIRCLE('',#4155,0.849999);
#4155 = AXIS2_PLACEMENT_3D('',#4156,#4157,#4158);
#4156 = CARTESIAN_POINT('',(115.46,-62.,-4.E-02));
#4157 = DIRECTION('',(0.,0.,1.));
#4158 = DIRECTION('',(1.,0.,-0.));
#4159 = ORIENTED_EDGE('',*,*,#4145,.F.);
#4160 = ORIENTED_EDGE('',*,*,#4100,.F.);
#4161 = CYLINDRICAL_SURFACE('',#4162,0.849999);
#4162 = AXIS2_PLACEMENT_3D('',#4163,#4164,#4165);
#4163 = CARTESIAN_POINT('',(115.46,-62.,0.));
#4164 = DIRECTION('',(0.,0.,1.));
#4165 = DIRECTION('',(1.,0.,-0.));
#4166 = ADVANCED_FACE('',(#4167,#4170),#4173,.T.);
#4167 = FACE_BOUND('',#4168,.T.);
#4168 = EDGE_LOOP('',(#4169));
#4169 = ORIENTED_EDGE('',*,*,#4153,.F.);
#4170 = FACE_BOUND('',#4171,.T.);
#4171 = EDGE_LOOP('',(#4172));
#4172 = ORIENTED_EDGE('',*,*,#4120,.F.);
#4173 = PLANE('',#4174);
#4174 = AXIS2_PLACEMENT_3D('',#4175,#4176,#4177);
#4175 = CARTESIAN_POINT('',(0.,0.,-4.E-02));
#4176 = DIRECTION('',(-0.,-0.,-1.));
#4177 = DIRECTION('',(-1.,0.,0.));
#4178 = MANIFOLD_SOLID_BREP('',#4179);
#4179 = CLOSED_SHELL('',(#4180,#4222,#4253,#4284,#4407,#4458,#4492,#4525
    ,#4542,#4567,#4593,#4613,#4638,#4682,#4709,#4726,#4751,#4768,#4785,
    #4797,#4817,#4837));
#4180 = ADVANCED_FACE('',(#4181),#4217,.T.);
#4181 = FACE_BOUND('',#4182,.T.);
#4182 = EDGE_LOOP('',(#4183,#4193,#4202,#4210));
#4183 = ORIENTED_EDGE('',*,*,#4184,.T.);
#4184 = EDGE_CURVE('',#4185,#4187,#4189,.T.);
#4185 = VERTEX_POINT('',#4186);
#4186 = CARTESIAN_POINT('',(113.42,-66.73,1.51));
#4187 = VERTEX_POINT('',#4188);
#4188 = CARTESIAN_POINT('',(113.42,-66.73,1.545));
#4189 = LINE('',#4190,#4191);
#4190 = CARTESIAN_POINT('',(113.42,-66.73,1.51));
#4191 = VECTOR('',#4192,1.);
#4192 = DIRECTION('',(0.,0.,1.));
#4193 = ORIENTED_EDGE('',*,*,#4194,.T.);
#4194 = EDGE_CURVE('',#4187,#4195,#4197,.T.);
#4195 = VERTEX_POINT('',#4196);
#4196 = CARTESIAN_POINT('',(113.273553,-67.083553,1.545));
#4197 = CIRCLE('',#4198,0.499992432518);
#4198 = AXIS2_PLACEMENT_3D('',#4199,#4200,#4201);
#4199 = CARTESIAN_POINT('',(112.92000756748,-66.73000235338,1.545));
#4200 = DIRECTION('',(0.,0.,-1.));
#4201 = DIRECTION('',(0.999999999989,4.706832511801E-06,0.));
#4202 = ORIENTED_EDGE('',*,*,#4203,.F.);
#4203 = EDGE_CURVE('',#4204,#4195,#4206,.T.);
#4204 = VERTEX_POINT('',#4205);
#4205 = CARTESIAN_POINT('',(113.273553,-67.083553,1.51));
#4206 = LINE('',#4207,#4208);
#4207 = CARTESIAN_POINT('',(113.273553,-67.083553,1.51));
#4208 = VECTOR('',#4209,1.);
#4209 = DIRECTION('',(0.,0.,1.));
#4210 = ORIENTED_EDGE('',*,*,#4211,.F.);
#4211 = EDGE_CURVE('',#4185,#4204,#4212,.T.);
#4212 = CIRCLE('',#4213,0.499992432518);
#4213 = AXIS2_PLACEMENT_3D('',#4214,#4215,#4216);
#4214 = CARTESIAN_POINT('',(112.92000756748,-66.73000235338,1.51));
#4215 = DIRECTION('',(0.,0.,-1.));
#4216 = DIRECTION('',(0.999999999989,4.706832511801E-06,0.));
#4217 = CYLINDRICAL_SURFACE('',#4218,0.499992432518);
#4218 = AXIS2_PLACEMENT_3D('',#4219,#4220,#4221);
#4219 = CARTESIAN_POINT('',(112.92000756748,-66.73000235338,1.51));
#4220 = DIRECTION('',(0.,0.,-1.));
#4221 = DIRECTION('',(0.999999999989,4.706832511801E-06,0.));
#4222 = ADVANCED_FACE('',(#4223),#4248,.T.);
#4223 = FACE_BOUND('',#4224,.T.);
#4224 = EDGE_LOOP('',(#4225,#4233,#4241,#4247));
#4225 = ORIENTED_EDGE('',*,*,#4226,.F.);
#4226 = EDGE_CURVE('',#4227,#4185,#4229,.T.);
#4227 = VERTEX_POINT('',#4228);
#4228 = CARTESIAN_POINT('',(113.42,-62.68738511767,1.51));
#4229 = LINE('',#4230,#4231);
#4230 = CARTESIAN_POINT('',(113.42,-62.,1.51));
#4231 = VECTOR('',#4232,1.);
#4232 = DIRECTION('',(0.,-1.,0.));
#4233 = ORIENTED_EDGE('',*,*,#4234,.F.);
#4234 = EDGE_CURVE('',#4235,#4227,#4237,.T.);
#4235 = VERTEX_POINT('',#4236);
#4236 = CARTESIAN_POINT('',(113.42,-62.68738511767,1.545));
#4237 = LINE('',#4238,#4239);
#4238 = CARTESIAN_POINT('',(113.42,-62.68738511767,1.51));
#4239 = VECTOR('',#4240,1.);
#4240 = DIRECTION('',(-0.,-0.,-1.));
#4241 = ORIENTED_EDGE('',*,*,#4242,.T.);
#4242 = EDGE_CURVE('',#4235,#4187,#4243,.T.);
#4243 = LINE('',#4244,#4245);
#4244 = CARTESIAN_POINT('',(113.42,-62.,1.545));
#4245 = VECTOR('',#4246,1.);
#4246 = DIRECTION('',(0.,-1.,0.));
#4247 = ORIENTED_EDGE('',*,*,#4184,.F.);
#4248 = PLANE('',#4249);
#4249 = AXIS2_PLACEMENT_3D('',#4250,#4251,#4252);
#4250 = CARTESIAN_POINT('',(113.42,-62.,1.51));
#4251 = DIRECTION('',(1.,0.,-0.));
#4252 = DIRECTION('',(0.,-1.,0.));
#4253 = ADVANCED_FACE('',(#4254),#4279,.T.);
#4254 = FACE_BOUND('',#4255,.T.);
#4255 = EDGE_LOOP('',(#4256,#4264,#4265,#4273));
#4256 = ORIENTED_EDGE('',*,*,#4257,.F.);
#4257 = EDGE_CURVE('',#4204,#4258,#4260,.T.);
#4258 = VERTEX_POINT('',#4259);
#4259 = CARTESIAN_POINT('',(113.0999995033,-67.25710649669,1.51));
#4260 = LINE('',#4261,#4262);
#4261 = CARTESIAN_POINT('',(113.273553,-67.083553,1.51));
#4262 = VECTOR('',#4263,1.);
#4263 = DIRECTION('',(-0.707106781187,-0.707106781187,0.));
#4264 = ORIENTED_EDGE('',*,*,#4203,.T.);
#4265 = ORIENTED_EDGE('',*,*,#4266,.T.);
#4266 = EDGE_CURVE('',#4195,#4267,#4269,.T.);
#4267 = VERTEX_POINT('',#4268);
#4268 = CARTESIAN_POINT('',(113.0999995033,-67.25710649669,1.545));
#4269 = LINE('',#4270,#4271);
#4270 = CARTESIAN_POINT('',(113.273553,-67.083553,1.545));
#4271 = VECTOR('',#4272,1.);
#4272 = DIRECTION('',(-0.707106781187,-0.707106781187,0.));
#4273 = ORIENTED_EDGE('',*,*,#4274,.F.);
#4274 = EDGE_CURVE('',#4258,#4267,#4275,.T.);
#4275 = LINE('',#4276,#4277);
#4276 = CARTESIAN_POINT('',(113.0999995033,-67.25710649669,1.51));
#4277 = VECTOR('',#4278,1.);
#4278 = DIRECTION('',(0.,0.,1.));
#4279 = PLANE('',#4280);
#4280 = AXIS2_PLACEMENT_3D('',#4281,#4282,#4283);
#4281 = CARTESIAN_POINT('',(113.273553,-67.083553,1.51));
#4282 = DIRECTION('',(0.707106781187,-0.707106781187,0.));
#4283 = DIRECTION('',(-0.707106781187,-0.707106781187,0.));
#4284 = ADVANCED_FACE('',(#4285,#4373),#4402,.F.);
#4285 = FACE_BOUND('',#4286,.F.);
#4286 = EDGE_LOOP('',(#4287,#4288,#4289,#4298,#4307,#4315,#4323,#4332,
    #4340,#4349,#4357,#4366,#4372));
#4287 = ORIENTED_EDGE('',*,*,#4211,.F.);
#4288 = ORIENTED_EDGE('',*,*,#4226,.F.);
#4289 = ORIENTED_EDGE('',*,*,#4290,.T.);
#4290 = EDGE_CURVE('',#4227,#4291,#4293,.T.);
#4291 = VERTEX_POINT('',#4292);
#4292 = CARTESIAN_POINT('',(113.769999,-62.,1.51));
#4293 = CIRCLE('',#4294,0.849999);
#4294 = AXIS2_PLACEMENT_3D('',#4295,#4296,#4297);
#4295 = CARTESIAN_POINT('',(112.92,-62.,1.51));
#4296 = DIRECTION('',(0.,0.,1.));
#4297 = DIRECTION('',(1.,0.,-0.));
#4298 = ORIENTED_EDGE('',*,*,#4299,.T.);
#4299 = EDGE_CURVE('',#4291,#4300,#4302,.T.);
#4300 = VERTEX_POINT('',#4301);
#4301 = CARTESIAN_POINT('',(112.42,-62.68738511767,1.51));
#4302 = CIRCLE('',#4303,0.849999);
#4303 = AXIS2_PLACEMENT_3D('',#4304,#4305,#4306);
#4304 = CARTESIAN_POINT('',(112.92,-62.,1.51));
#4305 = DIRECTION('',(0.,0.,1.));
#4306 = DIRECTION('',(1.,0.,-0.));
#4307 = ORIENTED_EDGE('',*,*,#4308,.F.);
#4308 = EDGE_CURVE('',#4309,#4300,#4311,.T.);
#4309 = VERTEX_POINT('',#4310);
#4310 = CARTESIAN_POINT('',(112.42,-65.92500047777,1.51));
#4311 = LINE('',#4312,#4313);
#4312 = CARTESIAN_POINT('',(112.42,-66.522894,1.51));
#4313 = VECTOR('',#4314,1.);
#4314 = DIRECTION('',(0.,1.,0.));
#4315 = ORIENTED_EDGE('',*,*,#4316,.F.);
#4316 = EDGE_CURVE('',#4317,#4309,#4319,.T.);
#4317 = VERTEX_POINT('',#4318);
#4318 = CARTESIAN_POINT('',(111.95,-65.925001,1.51));
#4319 = LINE('',#4320,#4321);
#4320 = CARTESIAN_POINT('',(111.95,-65.925001,1.51));
#4321 = VECTOR('',#4322,1.);
#4322 = DIRECTION('',(0.999999999999,1.111109873739E-06,0.));
#4323 = ORIENTED_EDGE('',*,*,#4324,.F.);
#4324 = EDGE_CURVE('',#4325,#4317,#4327,.T.);
#4325 = VERTEX_POINT('',#4326);
#4326 = CARTESIAN_POINT('',(111.7,-66.174999,1.51));
#4327 = CIRCLE('',#4328,0.249997252596);
#4328 = AXIS2_PLACEMENT_3D('',#4329,#4330,#4331);
#4329 = CARTESIAN_POINT('',(111.94999725259,-66.17499825258,1.51));
#4330 = DIRECTION('',(0.,0.,-1.));
#4331 = DIRECTION('',(-0.999999999996,-2.989708719068E-06,-0.));
#4332 = ORIENTED_EDGE('',*,*,#4333,.F.);
#4333 = EDGE_CURVE('',#4334,#4325,#4336,.T.);
#4334 = VERTEX_POINT('',#4335);
#4335 = CARTESIAN_POINT('',(111.700001,-68.325,1.51));
#4336 = LINE('',#4337,#4338);
#4337 = CARTESIAN_POINT('',(111.700001,-68.325,1.51));
#4338 = VECTOR('',#4339,1.);
#4339 = DIRECTION('',(-4.651160615624E-07,1.,0.));
#4340 = ORIENTED_EDGE('',*,*,#4341,.F.);
#4341 = EDGE_CURVE('',#4342,#4334,#4344,.T.);
#4342 = VERTEX_POINT('',#4343);
#4343 = CARTESIAN_POINT('',(111.949999,-68.575,1.51));
#4344 = CIRCLE('',#4345,0.249997252596);
#4345 = AXIS2_PLACEMENT_3D('',#4346,#4347,#4348);
#4346 = CARTESIAN_POINT('',(111.94999825258,-68.3250027474,1.51));
#4347 = DIRECTION('',(0.,0.,-1.));
#4348 = DIRECTION('',(2.989708719068E-06,-0.999999999996,0.));
#4349 = ORIENTED_EDGE('',*,*,#4350,.F.);
#4350 = EDGE_CURVE('',#4351,#4342,#4353,.T.);
#4351 = VERTEX_POINT('',#4352);
#4352 = CARTESIAN_POINT('',(112.85,-68.574999,1.51));
#4353 = LINE('',#4354,#4355);
#4354 = CARTESIAN_POINT('',(112.85,-68.574999,1.51));
#4355 = VECTOR('',#4356,1.);
#4356 = DIRECTION('',(-0.999999999999,-1.111109873739E-06,0.));
#4357 = ORIENTED_EDGE('',*,*,#4358,.F.);
#4358 = EDGE_CURVE('',#4359,#4351,#4361,.T.);
#4359 = VERTEX_POINT('',#4360);
#4360 = CARTESIAN_POINT('',(113.1,-68.325001,1.51));
#4361 = CIRCLE('',#4362,0.249997252596);
#4362 = AXIS2_PLACEMENT_3D('',#4363,#4364,#4365);
#4363 = CARTESIAN_POINT('',(112.8500027474,-68.32500174741,1.51));
#4364 = DIRECTION('',(0.,0.,-1.));
#4365 = DIRECTION('',(0.999999999996,2.989708719068E-06,0.));
#4366 = ORIENTED_EDGE('',*,*,#4367,.F.);
#4367 = EDGE_CURVE('',#4258,#4359,#4368,.T.);
#4368 = LINE('',#4369,#4370);
#4369 = CARTESIAN_POINT('',(113.099999,-66.175,1.51));
#4370 = VECTOR('',#4371,1.);
#4371 = DIRECTION('',(4.651160615624E-07,-1.,0.));
#4372 = ORIENTED_EDGE('',*,*,#4257,.F.);
#4373 = FACE_BOUND('',#4374,.F.);
#4374 = EDGE_LOOP('',(#4375,#4386,#4395));
#4375 = ORIENTED_EDGE('',*,*,#4376,.T.);
#4376 = EDGE_CURVE('',#4377,#4379,#4381,.T.);
#4377 = VERTEX_POINT('',#4378);
#4378 = CARTESIAN_POINT('',(112.92,-62.5,1.51));
#4379 = VERTEX_POINT('',#4380);
#4380 = CARTESIAN_POINT('',(112.42,-62.,1.51));
#4381 = CIRCLE('',#4382,0.5);
#4382 = AXIS2_PLACEMENT_3D('',#4383,#4384,#4385);
#4383 = CARTESIAN_POINT('',(112.92,-62.,1.51));
#4384 = DIRECTION('',(-0.,0.,-1.));
#4385 = DIRECTION('',(-0.,-1.,0.));
#4386 = ORIENTED_EDGE('',*,*,#4387,.T.);
#4387 = EDGE_CURVE('',#4379,#4388,#4390,.T.);
#4388 = VERTEX_POINT('',#4389);
#4389 = CARTESIAN_POINT('',(113.42,-62.,1.51));
#4390 = CIRCLE('',#4391,0.500000000001);
#4391 = AXIS2_PLACEMENT_3D('',#4392,#4393,#4394);
#4392 = CARTESIAN_POINT('',(112.92,-61.99999915187,1.51));
#4393 = DIRECTION('',(0.,0.,-1.));
#4394 = DIRECTION('',(-0.999999999999,-1.696250677694E-06,-0.));
#4395 = ORIENTED_EDGE('',*,*,#4396,.T.);
#4396 = EDGE_CURVE('',#4388,#4377,#4397,.T.);
#4397 = CIRCLE('',#4398,0.5);
#4398 = AXIS2_PLACEMENT_3D('',#4399,#4400,#4401);
#4399 = CARTESIAN_POINT('',(112.92,-62.,1.51));
#4400 = DIRECTION('',(-0.,0.,-1.));
#4401 = DIRECTION('',(-0.,-1.,0.));
#4402 = PLANE('',#4403);
#4403 = AXIS2_PLACEMENT_3D('',#4404,#4405,#4406);
#4404 = CARTESIAN_POINT('',(0.,0.,1.51));
#4405 = DIRECTION('',(0.,0.,1.));
#4406 = DIRECTION('',(1.,0.,-0.));
#4407 = ADVANCED_FACE('',(#4408),#4453,.T.);
#4408 = FACE_BOUND('',#4409,.T.);
#4409 = EDGE_LOOP('',(#4410,#4411,#4412,#4421,#4429,#4437,#4446,#4452));
#4410 = ORIENTED_EDGE('',*,*,#4194,.F.);
#4411 = ORIENTED_EDGE('',*,*,#4242,.F.);
#4412 = ORIENTED_EDGE('',*,*,#4413,.T.);
#4413 = EDGE_CURVE('',#4235,#4414,#4416,.T.);
#4414 = VERTEX_POINT('',#4415);
#4415 = CARTESIAN_POINT('',(112.42,-62.68738511767,1.545));
#4416 = CIRCLE('',#4417,0.849999);
#4417 = AXIS2_PLACEMENT_3D('',#4418,#4419,#4420);
#4418 = CARTESIAN_POINT('',(112.92,-62.,1.545));
#4419 = DIRECTION('',(0.,-0.,-1.));
#4420 = DIRECTION('',(1.,0.,-0.));
#4421 = ORIENTED_EDGE('',*,*,#4422,.F.);
#4422 = EDGE_CURVE('',#4423,#4414,#4425,.T.);
#4423 = VERTEX_POINT('',#4424);
#4424 = CARTESIAN_POINT('',(112.42,-65.92500047777,1.545));
#4425 = LINE('',#4426,#4427);
#4426 = CARTESIAN_POINT('',(112.42,-66.522894,1.545));
#4427 = VECTOR('',#4428,1.);
#4428 = DIRECTION('',(0.,1.,0.));
#4429 = ORIENTED_EDGE('',*,*,#4430,.F.);
#4430 = EDGE_CURVE('',#4431,#4423,#4433,.T.);
#4431 = VERTEX_POINT('',#4432);
#4432 = CARTESIAN_POINT('',(112.850001,-65.925,1.545));
#4433 = LINE('',#4434,#4435);
#4434 = CARTESIAN_POINT('',(55.975036625029,-65.92506319433,1.545));
#4435 = VECTOR('',#4436,1.);
#4436 = DIRECTION('',(-0.999999999999,-1.111109873739E-06,0.));
#4437 = ORIENTED_EDGE('',*,*,#4438,.T.);
#4438 = EDGE_CURVE('',#4431,#4439,#4441,.T.);
#4439 = VERTEX_POINT('',#4440);
#4440 = CARTESIAN_POINT('',(113.099999,-66.175,1.545));
#4441 = CIRCLE('',#4442,0.249997252596);
#4442 = AXIS2_PLACEMENT_3D('',#4443,#4444,#4445);
#4443 = CARTESIAN_POINT('',(112.85000174741,-66.17499725259,1.545));
#4444 = DIRECTION('',(0.,0.,-1.));
#4445 = DIRECTION('',(-2.989708662224E-06,0.999999999996,0.));
#4446 = ORIENTED_EDGE('',*,*,#4447,.F.);
#4447 = EDGE_CURVE('',#4267,#4439,#4448,.T.);
#4448 = LINE('',#4449,#4450);
#4449 = CARTESIAN_POINT('',(113.09998361046,-33.08747369769,1.545));
#4450 = VECTOR('',#4451,1.);
#4451 = DIRECTION('',(-4.651160615624E-07,1.,0.));
#4452 = ORIENTED_EDGE('',*,*,#4266,.F.);
#4453 = PLANE('',#4454);
#4454 = AXIS2_PLACEMENT_3D('',#4455,#4456,#4457);
#4455 = CARTESIAN_POINT('',(0.,0.,1.545));
#4456 = DIRECTION('',(0.,0.,1.));
#4457 = DIRECTION('',(1.,0.,-0.));
#4458 = ADVANCED_FACE('',(#4459),#4487,.T.);
#4459 = FACE_BOUND('',#4460,.F.);
#4460 = EDGE_LOOP('',(#4461,#4462,#4470,#4477,#4478,#4479,#4480,#4481));
#4461 = ORIENTED_EDGE('',*,*,#4299,.F.);
#4462 = ORIENTED_EDGE('',*,*,#4463,.T.);
#4463 = EDGE_CURVE('',#4291,#4464,#4466,.T.);
#4464 = VERTEX_POINT('',#4465);
#4465 = CARTESIAN_POINT('',(113.769999,-62.,1.55));
#4466 = LINE('',#4467,#4468);
#4467 = CARTESIAN_POINT('',(113.769999,-62.,1.51));
#4468 = VECTOR('',#4469,1.);
#4469 = DIRECTION('',(0.,0.,1.));
#4470 = ORIENTED_EDGE('',*,*,#4471,.T.);
#4471 = EDGE_CURVE('',#4464,#4464,#4472,.T.);
#4472 = CIRCLE('',#4473,0.849999);
#4473 = AXIS2_PLACEMENT_3D('',#4474,#4475,#4476);
#4474 = CARTESIAN_POINT('',(112.92,-62.,1.55));
#4475 = DIRECTION('',(0.,0.,1.));
#4476 = DIRECTION('',(1.,0.,-0.));
#4477 = ORIENTED_EDGE('',*,*,#4463,.F.);
#4478 = ORIENTED_EDGE('',*,*,#4290,.F.);
#4479 = ORIENTED_EDGE('',*,*,#4234,.F.);
#4480 = ORIENTED_EDGE('',*,*,#4413,.T.);
#4481 = ORIENTED_EDGE('',*,*,#4482,.T.);
#4482 = EDGE_CURVE('',#4414,#4300,#4483,.T.);
#4483 = LINE('',#4484,#4485);
#4484 = CARTESIAN_POINT('',(112.42,-62.68738511767,1.51));
#4485 = VECTOR('',#4486,1.);
#4486 = DIRECTION('',(-0.,-0.,-1.));
#4487 = CYLINDRICAL_SURFACE('',#4488,0.849999);
#4488 = AXIS2_PLACEMENT_3D('',#4489,#4490,#4491);
#4489 = CARTESIAN_POINT('',(112.92,-62.,1.51));
#4490 = DIRECTION('',(-0.,-0.,-1.));
#4491 = DIRECTION('',(1.,0.,-0.));
#4492 = ADVANCED_FACE('',(#4493),#4520,.T.);
#4493 = FACE_BOUND('',#4494,.T.);
#4494 = EDGE_LOOP('',(#4495,#4496,#4504,#4512,#4518,#4519));
#4495 = ORIENTED_EDGE('',*,*,#4447,.T.);
#4496 = ORIENTED_EDGE('',*,*,#4497,.T.);
#4497 = EDGE_CURVE('',#4439,#4498,#4500,.T.);
#4498 = VERTEX_POINT('',#4499);
#4499 = CARTESIAN_POINT('',(113.099999,-66.175,1.55));
#4500 = LINE('',#4501,#4502);
#4501 = CARTESIAN_POINT('',(113.099999,-66.175,1.51));
#4502 = VECTOR('',#4503,1.);
#4503 = DIRECTION('',(0.,0.,1.));
#4504 = ORIENTED_EDGE('',*,*,#4505,.T.);
#4505 = EDGE_CURVE('',#4498,#4506,#4508,.T.);
#4506 = VERTEX_POINT('',#4507);
#4507 = CARTESIAN_POINT('',(113.1,-68.325001,1.55));
#4508 = LINE('',#4509,#4510);
#4509 = CARTESIAN_POINT('',(113.099999,-66.175,1.55));
#4510 = VECTOR('',#4511,1.);
#4511 = DIRECTION('',(4.651160615624E-07,-1.,0.));
#4512 = ORIENTED_EDGE('',*,*,#4513,.F.);
#4513 = EDGE_CURVE('',#4359,#4506,#4514,.T.);
#4514 = LINE('',#4515,#4516);
#4515 = CARTESIAN_POINT('',(113.1,-68.325001,1.51));
#4516 = VECTOR('',#4517,1.);
#4517 = DIRECTION('',(0.,0.,1.));
#4518 = ORIENTED_EDGE('',*,*,#4367,.F.);
#4519 = ORIENTED_EDGE('',*,*,#4274,.T.);
#4520 = PLANE('',#4521);
#4521 = AXIS2_PLACEMENT_3D('',#4522,#4523,#4524);
#4522 = CARTESIAN_POINT('',(113.099999,-66.175,1.51));
#4523 = DIRECTION('',(1.,4.651160615624E-07,-0.));
#4524 = DIRECTION('',(4.651160615624E-07,-1.,0.));
#4525 = ADVANCED_FACE('',(#4526),#4537,.T.);
#4526 = FACE_BOUND('',#4527,.T.);
#4527 = EDGE_LOOP('',(#4528,#4529,#4535,#4536));
#4528 = ORIENTED_EDGE('',*,*,#4308,.F.);
#4529 = ORIENTED_EDGE('',*,*,#4530,.F.);
#4530 = EDGE_CURVE('',#4423,#4309,#4531,.T.);
#4531 = LINE('',#4532,#4533);
#4532 = CARTESIAN_POINT('',(112.42,-65.92500047777,1.51));
#4533 = VECTOR('',#4534,1.);
#4534 = DIRECTION('',(0.,0.,-1.));
#4535 = ORIENTED_EDGE('',*,*,#4422,.T.);
#4536 = ORIENTED_EDGE('',*,*,#4482,.T.);
#4537 = PLANE('',#4538);
#4538 = AXIS2_PLACEMENT_3D('',#4539,#4540,#4541);
#4539 = CARTESIAN_POINT('',(112.42,-66.522894,1.51));
#4540 = DIRECTION('',(-1.,0.,0.));
#4541 = DIRECTION('',(0.,1.,0.));
#4542 = ADVANCED_FACE('',(#4543),#4562,.T.);
#4543 = FACE_BOUND('',#4544,.T.);
#4544 = EDGE_LOOP('',(#4545,#4546,#4554,#4561));
#4545 = ORIENTED_EDGE('',*,*,#4438,.F.);
#4546 = ORIENTED_EDGE('',*,*,#4547,.T.);
#4547 = EDGE_CURVE('',#4431,#4548,#4550,.T.);
#4548 = VERTEX_POINT('',#4549);
#4549 = CARTESIAN_POINT('',(112.850001,-65.925,1.55));
#4550 = LINE('',#4551,#4552);
#4551 = CARTESIAN_POINT('',(112.850001,-65.925,1.51));
#4552 = VECTOR('',#4553,1.);
#4553 = DIRECTION('',(0.,0.,1.));
#4554 = ORIENTED_EDGE('',*,*,#4555,.T.);
#4555 = EDGE_CURVE('',#4548,#4498,#4556,.T.);
#4556 = CIRCLE('',#4557,0.249997252596);
#4557 = AXIS2_PLACEMENT_3D('',#4558,#4559,#4560);
#4558 = CARTESIAN_POINT('',(112.85000174741,-66.17499725259,1.55));
#4559 = DIRECTION('',(0.,0.,-1.));
#4560 = DIRECTION('',(-2.989708662224E-06,0.999999999996,0.));
#4561 = ORIENTED_EDGE('',*,*,#4497,.F.);
#4562 = CYLINDRICAL_SURFACE('',#4563,0.249997252596);
#4563 = AXIS2_PLACEMENT_3D('',#4564,#4565,#4566);
#4564 = CARTESIAN_POINT('',(112.85000174741,-66.17499725259,1.51));
#4565 = DIRECTION('',(0.,0.,-1.));
#4566 = DIRECTION('',(-2.989708662224E-06,0.999999999996,0.));
#4567 = ADVANCED_FACE('',(#4568),#4588,.T.);
#4568 = FACE_BOUND('',#4569,.T.);
#4569 = EDGE_LOOP('',(#4570,#4571,#4579,#4585,#4586,#4587));
#4570 = ORIENTED_EDGE('',*,*,#4316,.F.);
#4571 = ORIENTED_EDGE('',*,*,#4572,.T.);
#4572 = EDGE_CURVE('',#4317,#4573,#4575,.T.);
#4573 = VERTEX_POINT('',#4574);
#4574 = CARTESIAN_POINT('',(111.95,-65.925001,1.55));
#4575 = LINE('',#4576,#4577);
#4576 = CARTESIAN_POINT('',(111.95,-65.925001,1.51));
#4577 = VECTOR('',#4578,1.);
#4578 = DIRECTION('',(0.,0.,1.));
#4579 = ORIENTED_EDGE('',*,*,#4580,.T.);
#4580 = EDGE_CURVE('',#4573,#4548,#4581,.T.);
#4581 = LINE('',#4582,#4583);
#4582 = CARTESIAN_POINT('',(111.95,-65.925001,1.55));
#4583 = VECTOR('',#4584,1.);
#4584 = DIRECTION('',(0.999999999999,1.111109873739E-06,0.));
#4585 = ORIENTED_EDGE('',*,*,#4547,.F.);
#4586 = ORIENTED_EDGE('',*,*,#4430,.T.);
#4587 = ORIENTED_EDGE('',*,*,#4530,.T.);
#4588 = PLANE('',#4589);
#4589 = AXIS2_PLACEMENT_3D('',#4590,#4591,#4592);
#4590 = CARTESIAN_POINT('',(111.95,-65.925001,1.51));
#4591 = DIRECTION('',(-1.111109873739E-06,0.999999999999,0.));
#4592 = DIRECTION('',(0.999999999999,1.111109873739E-06,0.));
#4593 = ADVANCED_FACE('',(#4594,#4597),#4608,.T.);
#4594 = FACE_BOUND('',#4595,.T.);
#4595 = EDGE_LOOP('',(#4596));
#4596 = ORIENTED_EDGE('',*,*,#4471,.T.);
#4597 = FACE_BOUND('',#4598,.T.);
#4598 = EDGE_LOOP('',(#4599));
#4599 = ORIENTED_EDGE('',*,*,#4600,.T.);
#4600 = EDGE_CURVE('',#4601,#4601,#4603,.T.);
#4601 = VERTEX_POINT('',#4602);
#4602 = CARTESIAN_POINT('',(112.92,-62.475,1.55));
#4603 = CIRCLE('',#4604,0.475);
#4604 = AXIS2_PLACEMENT_3D('',#4605,#4606,#4607);
#4605 = CARTESIAN_POINT('',(112.92,-62.,1.55));
#4606 = DIRECTION('',(-0.,0.,-1.));
#4607 = DIRECTION('',(2.991758887411E-14,-1.,-0.));
#4608 = PLANE('',#4609);
#4609 = AXIS2_PLACEMENT_3D('',#4610,#4611,#4612);
#4610 = CARTESIAN_POINT('',(0.,0.,1.55));
#4611 = DIRECTION('',(0.,0.,1.));
#4612 = DIRECTION('',(1.,0.,-0.));
#4613 = ADVANCED_FACE('',(#4614),#4633,.T.);
#4614 = FACE_BOUND('',#4615,.T.);
#4615 = EDGE_LOOP('',(#4616,#4617,#4626,#4632));
#4616 = ORIENTED_EDGE('',*,*,#4513,.T.);
#4617 = ORIENTED_EDGE('',*,*,#4618,.T.);
#4618 = EDGE_CURVE('',#4506,#4619,#4621,.T.);
#4619 = VERTEX_POINT('',#4620);
#4620 = CARTESIAN_POINT('',(112.85,-68.574999,1.55));
#4621 = CIRCLE('',#4622,0.249997252596);
#4622 = AXIS2_PLACEMENT_3D('',#4623,#4624,#4625);
#4623 = CARTESIAN_POINT('',(112.8500027474,-68.32500174741,1.55));
#4624 = DIRECTION('',(0.,0.,-1.));
#4625 = DIRECTION('',(0.999999999996,2.989708719068E-06,0.));
#4626 = ORIENTED_EDGE('',*,*,#4627,.F.);
#4627 = EDGE_CURVE('',#4351,#4619,#4628,.T.);
#4628 = LINE('',#4629,#4630);
#4629 = CARTESIAN_POINT('',(112.85,-68.574999,1.51));
#4630 = VECTOR('',#4631,1.);
#4631 = DIRECTION('',(0.,0.,1.));
#4632 = ORIENTED_EDGE('',*,*,#4358,.F.);
#4633 = CYLINDRICAL_SURFACE('',#4634,0.249997252596);
#4634 = AXIS2_PLACEMENT_3D('',#4635,#4636,#4637);
#4635 = CARTESIAN_POINT('',(112.8500027474,-68.32500174741,1.51));
#4636 = DIRECTION('',(0.,0.,-1.));
#4637 = DIRECTION('',(0.999999999996,2.989708719068E-06,0.));
#4638 = ADVANCED_FACE('',(#4639),#4677,.T.);
#4639 = FACE_BOUND('',#4640,.F.);
#4640 = EDGE_LOOP('',(#4641,#4650,#4651,#4652,#4653,#4654,#4662,#4671));
#4641 = ORIENTED_EDGE('',*,*,#4642,.T.);
#4642 = EDGE_CURVE('',#4643,#4573,#4645,.T.);
#4643 = VERTEX_POINT('',#4644);
#4644 = CARTESIAN_POINT('',(111.7,-66.174999,1.55));
#4645 = CIRCLE('',#4646,0.249997252596);
#4646 = AXIS2_PLACEMENT_3D('',#4647,#4648,#4649);
#4647 = CARTESIAN_POINT('',(111.94999725259,-66.17499825258,1.55));
#4648 = DIRECTION('',(0.,0.,-1.));
#4649 = DIRECTION('',(-0.999999999996,-2.989708719068E-06,-0.));
#4650 = ORIENTED_EDGE('',*,*,#4580,.T.);
#4651 = ORIENTED_EDGE('',*,*,#4555,.T.);
#4652 = ORIENTED_EDGE('',*,*,#4505,.T.);
#4653 = ORIENTED_EDGE('',*,*,#4618,.T.);
#4654 = ORIENTED_EDGE('',*,*,#4655,.T.);
#4655 = EDGE_CURVE('',#4619,#4656,#4658,.T.);
#4656 = VERTEX_POINT('',#4657);
#4657 = CARTESIAN_POINT('',(111.949999,-68.575,1.55));
#4658 = LINE('',#4659,#4660);
#4659 = CARTESIAN_POINT('',(112.85,-68.574999,1.55));
#4660 = VECTOR('',#4661,1.);
#4661 = DIRECTION('',(-0.999999999999,-1.111109873739E-06,0.));
#4662 = ORIENTED_EDGE('',*,*,#4663,.T.);
#4663 = EDGE_CURVE('',#4656,#4664,#4666,.T.);
#4664 = VERTEX_POINT('',#4665);
#4665 = CARTESIAN_POINT('',(111.700001,-68.325,1.55));
#4666 = CIRCLE('',#4667,0.249997252596);
#4667 = AXIS2_PLACEMENT_3D('',#4668,#4669,#4670);
#4668 = CARTESIAN_POINT('',(111.94999825258,-68.3250027474,1.55));
#4669 = DIRECTION('',(0.,0.,-1.));
#4670 = DIRECTION('',(2.989708719068E-06,-0.999999999996,0.));
#4671 = ORIENTED_EDGE('',*,*,#4672,.T.);
#4672 = EDGE_CURVE('',#4664,#4643,#4673,.T.);
#4673 = LINE('',#4674,#4675);
#4674 = CARTESIAN_POINT('',(111.700001,-68.325,1.55));
#4675 = VECTOR('',#4676,1.);
#4676 = DIRECTION('',(-4.651160615624E-07,1.,0.));
#4677 = PLANE('',#4678);
#4678 = AXIS2_PLACEMENT_3D('',#4679,#4680,#4681);
#4679 = CARTESIAN_POINT('',(0.,0.,1.55));
#4680 = DIRECTION('',(0.,0.,1.));
#4681 = DIRECTION('',(1.,0.,-0.));
#4682 = ADVANCED_FACE('',(#4683),#4704,.T.);
#4683 = FACE_BOUND('',#4684,.F.);
#4684 = EDGE_LOOP('',(#4685,#4693,#4700,#4701,#4702,#4703));
#4685 = ORIENTED_EDGE('',*,*,#4686,.F.);
#4686 = EDGE_CURVE('',#4687,#4377,#4689,.T.);
#4687 = VERTEX_POINT('',#4688);
#4688 = CARTESIAN_POINT('',(112.92,-62.5,0.));
#4689 = LINE('',#4690,#4691);
#4690 = CARTESIAN_POINT('',(112.92,-62.5,-4.E-02));
#4691 = VECTOR('',#4692,1.);
#4692 = DIRECTION('',(0.,0.,1.));
#4693 = ORIENTED_EDGE('',*,*,#4694,.T.);
#4694 = EDGE_CURVE('',#4687,#4687,#4695,.T.);
#4695 = CIRCLE('',#4696,0.5);
#4696 = AXIS2_PLACEMENT_3D('',#4697,#4698,#4699);
#4697 = CARTESIAN_POINT('',(112.92,-62.,0.));
#4698 = DIRECTION('',(-0.,0.,-1.));
#4699 = DIRECTION('',(-0.,-1.,0.));
#4700 = ORIENTED_EDGE('',*,*,#4686,.T.);
#4701 = ORIENTED_EDGE('',*,*,#4396,.F.);
#4702 = ORIENTED_EDGE('',*,*,#4387,.F.);
#4703 = ORIENTED_EDGE('',*,*,#4376,.F.);
#4704 = CYLINDRICAL_SURFACE('',#4705,0.5);
#4705 = AXIS2_PLACEMENT_3D('',#4706,#4707,#4708);
#4706 = CARTESIAN_POINT('',(112.92,-62.,-4.E-02));
#4707 = DIRECTION('',(-0.,-0.,-1.));
#4708 = DIRECTION('',(-0.,-1.,0.));
#4709 = ADVANCED_FACE('',(#4710),#4721,.T.);
#4710 = FACE_BOUND('',#4711,.T.);
#4711 = EDGE_LOOP('',(#4712,#4718,#4719,#4720));
#4712 = ORIENTED_EDGE('',*,*,#4713,.T.);
#4713 = EDGE_CURVE('',#4325,#4643,#4714,.T.);
#4714 = LINE('',#4715,#4716);
#4715 = CARTESIAN_POINT('',(111.7,-66.174999,1.51));
#4716 = VECTOR('',#4717,1.);
#4717 = DIRECTION('',(0.,0.,1.));
#4718 = ORIENTED_EDGE('',*,*,#4642,.T.);
#4719 = ORIENTED_EDGE('',*,*,#4572,.F.);
#4720 = ORIENTED_EDGE('',*,*,#4324,.F.);
#4721 = CYLINDRICAL_SURFACE('',#4722,0.249997252596);
#4722 = AXIS2_PLACEMENT_3D('',#4723,#4724,#4725);
#4723 = CARTESIAN_POINT('',(111.94999725259,-66.17499825258,1.51));
#4724 = DIRECTION('',(0.,0.,-1.));
#4725 = DIRECTION('',(-0.999999999996,-2.989708719068E-06,-0.));
#4726 = ADVANCED_FACE('',(#4727),#4746,.F.);
#4727 = FACE_BOUND('',#4728,.T.);
#4728 = EDGE_LOOP('',(#4729,#4738,#4744,#4745));
#4729 = ORIENTED_EDGE('',*,*,#4730,.T.);
#4730 = EDGE_CURVE('',#4731,#4731,#4733,.T.);
#4731 = VERTEX_POINT('',#4732);
#4732 = CARTESIAN_POINT('',(112.92,-62.475,-4.E-02));
#4733 = CIRCLE('',#4734,0.475);
#4734 = AXIS2_PLACEMENT_3D('',#4735,#4736,#4737);
#4735 = CARTESIAN_POINT('',(112.92,-62.,-4.E-02));
#4736 = DIRECTION('',(-0.,0.,-1.));
#4737 = DIRECTION('',(2.991758887411E-14,-1.,-0.));
#4738 = ORIENTED_EDGE('',*,*,#4739,.T.);
#4739 = EDGE_CURVE('',#4731,#4601,#4740,.T.);
#4740 = LINE('',#4741,#4742);
#4741 = CARTESIAN_POINT('',(112.92,-62.475,-4.6E-02));
#4742 = VECTOR('',#4743,1.);
#4743 = DIRECTION('',(0.,0.,1.));
#4744 = ORIENTED_EDGE('',*,*,#4600,.F.);
#4745 = ORIENTED_EDGE('',*,*,#4739,.F.);
#4746 = CYLINDRICAL_SURFACE('',#4747,0.475);
#4747 = AXIS2_PLACEMENT_3D('',#4748,#4749,#4750);
#4748 = CARTESIAN_POINT('',(112.92,-62.,-4.6E-02));
#4749 = DIRECTION('',(-0.,0.,-1.));
#4750 = DIRECTION('',(2.991758887411E-14,-1.,-0.));
#4751 = ADVANCED_FACE('',(#4752),#4763,.T.);
#4752 = FACE_BOUND('',#4753,.T.);
#4753 = EDGE_LOOP('',(#4754,#4755,#4756,#4762));
#4754 = ORIENTED_EDGE('',*,*,#4627,.T.);
#4755 = ORIENTED_EDGE('',*,*,#4655,.T.);
#4756 = ORIENTED_EDGE('',*,*,#4757,.F.);
#4757 = EDGE_CURVE('',#4342,#4656,#4758,.T.);
#4758 = LINE('',#4759,#4760);
#4759 = CARTESIAN_POINT('',(111.949999,-68.575,1.51));
#4760 = VECTOR('',#4761,1.);
#4761 = DIRECTION('',(0.,0.,1.));
#4762 = ORIENTED_EDGE('',*,*,#4350,.F.);
#4763 = PLANE('',#4764);
#4764 = AXIS2_PLACEMENT_3D('',#4765,#4766,#4767);
#4765 = CARTESIAN_POINT('',(112.85,-68.574999,1.51));
#4766 = DIRECTION('',(1.111109873739E-06,-0.999999999999,0.));
#4767 = DIRECTION('',(-0.999999999999,-1.111109873739E-06,0.));
#4768 = ADVANCED_FACE('',(#4769),#4780,.T.);
#4769 = FACE_BOUND('',#4770,.T.);
#4770 = EDGE_LOOP('',(#4771,#4772,#4773,#4779));
#4771 = ORIENTED_EDGE('',*,*,#4757,.T.);
#4772 = ORIENTED_EDGE('',*,*,#4663,.T.);
#4773 = ORIENTED_EDGE('',*,*,#4774,.F.);
#4774 = EDGE_CURVE('',#4334,#4664,#4775,.T.);
#4775 = LINE('',#4776,#4777);
#4776 = CARTESIAN_POINT('',(111.700001,-68.325,1.51));
#4777 = VECTOR('',#4778,1.);
#4778 = DIRECTION('',(0.,0.,1.));
#4779 = ORIENTED_EDGE('',*,*,#4341,.F.);
#4780 = CYLINDRICAL_SURFACE('',#4781,0.249997252596);
#4781 = AXIS2_PLACEMENT_3D('',#4782,#4783,#4784);
#4782 = CARTESIAN_POINT('',(111.94999825258,-68.3250027474,1.51));
#4783 = DIRECTION('',(0.,0.,-1.));
#4784 = DIRECTION('',(2.989708719068E-06,-0.999999999996,0.));
#4785 = ADVANCED_FACE('',(#4786),#4792,.T.);
#4786 = FACE_BOUND('',#4787,.T.);
#4787 = EDGE_LOOP('',(#4788,#4789,#4790,#4791));
#4788 = ORIENTED_EDGE('',*,*,#4774,.T.);
#4789 = ORIENTED_EDGE('',*,*,#4672,.T.);
#4790 = ORIENTED_EDGE('',*,*,#4713,.F.);
#4791 = ORIENTED_EDGE('',*,*,#4333,.F.);
#4792 = PLANE('',#4793);
#4793 = AXIS2_PLACEMENT_3D('',#4794,#4795,#4796);
#4794 = CARTESIAN_POINT('',(111.700001,-68.325,1.51));
#4795 = DIRECTION('',(-1.,-4.651160615624E-07,0.));
#4796 = DIRECTION('',(-4.651160615624E-07,1.,0.));
#4797 = ADVANCED_FACE('',(#4798,#4809),#4812,.F.);
#4798 = FACE_BOUND('',#4799,.F.);
#4799 = EDGE_LOOP('',(#4800));
#4800 = ORIENTED_EDGE('',*,*,#4801,.F.);
#4801 = EDGE_CURVE('',#4802,#4802,#4804,.T.);
#4802 = VERTEX_POINT('',#4803);
#4803 = CARTESIAN_POINT('',(113.769999,-62.,0.));
#4804 = CIRCLE('',#4805,0.849999);
#4805 = AXIS2_PLACEMENT_3D('',#4806,#4807,#4808);
#4806 = CARTESIAN_POINT('',(112.92,-62.,0.));
#4807 = DIRECTION('',(0.,0.,1.));
#4808 = DIRECTION('',(1.,0.,-0.));
#4809 = FACE_BOUND('',#4810,.F.);
#4810 = EDGE_LOOP('',(#4811));
#4811 = ORIENTED_EDGE('',*,*,#4694,.F.);
#4812 = PLANE('',#4813);
#4813 = AXIS2_PLACEMENT_3D('',#4814,#4815,#4816);
#4814 = CARTESIAN_POINT('',(0.,0.,0.));
#4815 = DIRECTION('',(-0.,-0.,-1.));
#4816 = DIRECTION('',(-1.,0.,0.));
#4817 = ADVANCED_FACE('',(#4818,#4829),#4832,.T.);
#4818 = FACE_BOUND('',#4819,.T.);
#4819 = EDGE_LOOP('',(#4820));
#4820 = ORIENTED_EDGE('',*,*,#4821,.F.);
#4821 = EDGE_CURVE('',#4822,#4822,#4824,.T.);
#4822 = VERTEX_POINT('',#4823);
#4823 = CARTESIAN_POINT('',(113.769999,-62.,-4.E-02));
#4824 = CIRCLE('',#4825,0.849999);
#4825 = AXIS2_PLACEMENT_3D('',#4826,#4827,#4828);
#4826 = CARTESIAN_POINT('',(112.92,-62.,-4.E-02));
#4827 = DIRECTION('',(0.,0.,1.));
#4828 = DIRECTION('',(1.,0.,-0.));
#4829 = FACE_BOUND('',#4830,.T.);
#4830 = EDGE_LOOP('',(#4831));
#4831 = ORIENTED_EDGE('',*,*,#4730,.F.);
#4832 = PLANE('',#4833);
#4833 = AXIS2_PLACEMENT_3D('',#4834,#4835,#4836);
#4834 = CARTESIAN_POINT('',(0.,0.,-4.E-02));
#4835 = DIRECTION('',(-0.,-0.,-1.));
#4836 = DIRECTION('',(-1.,0.,0.));
#4837 = ADVANCED_FACE('',(#4838),#4849,.T.);
#4838 = FACE_BOUND('',#4839,.T.);
#4839 = EDGE_LOOP('',(#4840,#4846,#4847,#4848));
#4840 = ORIENTED_EDGE('',*,*,#4841,.T.);
#4841 = EDGE_CURVE('',#4802,#4822,#4842,.T.);
#4842 = LINE('',#4843,#4844);
#4843 = CARTESIAN_POINT('',(113.769999,-62.,0.));
#4844 = VECTOR('',#4845,1.);
#4845 = DIRECTION('',(0.,0.,-1.));
#4846 = ORIENTED_EDGE('',*,*,#4821,.T.);
#4847 = ORIENTED_EDGE('',*,*,#4841,.F.);
#4848 = ORIENTED_EDGE('',*,*,#4801,.F.);
#4849 = CYLINDRICAL_SURFACE('',#4850,0.849999);
#4850 = AXIS2_PLACEMENT_3D('',#4851,#4852,#4853);
#4851 = CARTESIAN_POINT('',(112.92,-62.,0.));
#4852 = DIRECTION('',(0.,0.,1.));
#4853 = DIRECTION('',(1.,0.,-0.));
#4854 = MANIFOLD_SOLID_BREP('',#4855);
#4855 = CLOSED_SHELL('',(#4856,#4907,#4932,#4963,#4987,#5011,#5028,#5139
    ,#5162,#5637,#5684,#5724,#5749,#5780,#5804,#5828,#5852,#5876,#5900,
    #5924,#5948,#5972,#5996,#6020,#6044,#6068,#6092,#6116,#6140,#6164,
    #6182,#6207,#6231,#6255,#6279,#6303,#6327,#6351,#6375,#6399,#6423,
    #6447,#6471,#6488,#6502,#6527,#6539,#6564,#6579,#6592,#6862,#6886,
    #6906,#6918,#6940,#6957,#6974,#6991,#7043,#7055,#7080,#7102,#7119,
    #7151,#7176,#7198,#7215,#7255,#7300,#7322,#7339,#7351,#7368,#7385,
    #7402,#7419,#7436,#7473,#7501,#7513,#7537,#7555,#7567,#7602,#7626,
    #7643,#7660,#7671,#7692,#7717,#7742,#7767,#7810,#7853,#7884,#7908,
    #7932,#7949,#7980,#8004,#8028,#8045,#8068,#8091,#8108));
#4856 = ADVANCED_FACE('',(#4857,#4868),#4902,.F.);
#4857 = FACE_BOUND('',#4858,.F.);
#4858 = EDGE_LOOP('',(#4859));
#4859 = ORIENTED_EDGE('',*,*,#4860,.F.);
#4860 = EDGE_CURVE('',#4861,#4861,#4863,.T.);
#4861 = VERTEX_POINT('',#4862);
#4862 = CARTESIAN_POINT('',(118.,-62.5,1.51));
#4863 = CIRCLE('',#4864,0.5);
#4864 = AXIS2_PLACEMENT_3D('',#4865,#4866,#4867);
#4865 = CARTESIAN_POINT('',(118.,-62.,1.51));
#4866 = DIRECTION('',(0.,0.,1.));
#4867 = DIRECTION('',(-2.84217094304E-14,-1.,0.));
#4868 = FACE_BOUND('',#4869,.F.);
#4869 = EDGE_LOOP('',(#4870,#4880,#4888,#4896));
#4870 = ORIENTED_EDGE('',*,*,#4871,.F.);
#4871 = EDGE_CURVE('',#4872,#4874,#4876,.T.);
#4872 = VERTEX_POINT('',#4873);
#4873 = CARTESIAN_POINT('',(117.15,-62.85,1.51));
#4874 = VERTEX_POINT('',#4875);
#4875 = CARTESIAN_POINT('',(117.15,-61.15,1.51));
#4876 = LINE('',#4877,#4878);
#4877 = CARTESIAN_POINT('',(117.15,-62.85,1.51));
#4878 = VECTOR('',#4879,1.);
#4879 = DIRECTION('',(0.,1.,0.));
#4880 = ORIENTED_EDGE('',*,*,#4881,.F.);
#4881 = EDGE_CURVE('',#4882,#4872,#4884,.T.);
#4882 = VERTEX_POINT('',#4883);
#4883 = CARTESIAN_POINT('',(118.85,-62.85,1.51));
#4884 = LINE('',#4885,#4886);
#4885 = CARTESIAN_POINT('',(118.85,-62.85,1.51));
#4886 = VECTOR('',#4887,1.);
#4887 = DIRECTION('',(-1.,0.,0.));
#4888 = ORIENTED_EDGE('',*,*,#4889,.F.);
#4889 = EDGE_CURVE('',#4890,#4882,#4892,.T.);
#4890 = VERTEX_POINT('',#4891);
#4891 = CARTESIAN_POINT('',(118.85,-61.15,1.51));
#4892 = LINE('',#4893,#4894);
#4893 = CARTESIAN_POINT('',(118.85,-61.15,1.51));
#4894 = VECTOR('',#4895,1.);
#4895 = DIRECTION('',(0.,-1.,0.));
#4896 = ORIENTED_EDGE('',*,*,#4897,.F.);
#4897 = EDGE_CURVE('',#4874,#4890,#4898,.T.);
#4898 = LINE('',#4899,#4900);
#4899 = CARTESIAN_POINT('',(117.15,-61.15,1.51));
#4900 = VECTOR('',#4901,1.);
#4901 = DIRECTION('',(1.,0.,0.));
#4902 = PLANE('',#4903);
#4903 = AXIS2_PLACEMENT_3D('',#4904,#4905,#4906);
#4904 = CARTESIAN_POINT('',(0.,0.,1.51));
#4905 = DIRECTION('',(0.,0.,1.));
#4906 = DIRECTION('',(1.,0.,-0.));
#4907 = ADVANCED_FACE('',(#4908),#4927,.T.);
#4908 = FACE_BOUND('',#4909,.F.);
#4909 = EDGE_LOOP('',(#4910,#4918,#4925,#4926));
#4910 = ORIENTED_EDGE('',*,*,#4911,.F.);
#4911 = EDGE_CURVE('',#4912,#4861,#4914,.T.);
#4912 = VERTEX_POINT('',#4913);
#4913 = CARTESIAN_POINT('',(118.,-62.5,0.));
#4914 = LINE('',#4915,#4916);
#4915 = CARTESIAN_POINT('',(118.,-62.5,-4.E-02));
#4916 = VECTOR('',#4917,1.);
#4917 = DIRECTION('',(0.,0.,1.));
#4918 = ORIENTED_EDGE('',*,*,#4919,.F.);
#4919 = EDGE_CURVE('',#4912,#4912,#4920,.T.);
#4920 = CIRCLE('',#4921,0.5);
#4921 = AXIS2_PLACEMENT_3D('',#4922,#4923,#4924);
#4922 = CARTESIAN_POINT('',(118.,-62.,0.));
#4923 = DIRECTION('',(0.,0.,1.));
#4924 = DIRECTION('',(-0.,-1.,0.));
#4925 = ORIENTED_EDGE('',*,*,#4911,.T.);
#4926 = ORIENTED_EDGE('',*,*,#4860,.T.);
#4927 = CYLINDRICAL_SURFACE('',#4928,0.5);
#4928 = AXIS2_PLACEMENT_3D('',#4929,#4930,#4931);
#4929 = CARTESIAN_POINT('',(118.,-62.,-4.E-02));
#4930 = DIRECTION('',(-0.,-0.,-1.));
#4931 = DIRECTION('',(-0.,-1.,0.));
#4932 = ADVANCED_FACE('',(#4933),#4958,.T.);
#4933 = FACE_BOUND('',#4934,.T.);
#4934 = EDGE_LOOP('',(#4935,#4943,#4951,#4957));
#4935 = ORIENTED_EDGE('',*,*,#4936,.T.);
#4936 = EDGE_CURVE('',#4872,#4937,#4939,.T.);
#4937 = VERTEX_POINT('',#4938);
#4938 = CARTESIAN_POINT('',(117.15,-62.85,1.55));
#4939 = LINE('',#4940,#4941);
#4940 = CARTESIAN_POINT('',(117.15,-62.85,1.51));
#4941 = VECTOR('',#4942,1.);
#4942 = DIRECTION('',(0.,0.,1.));
#4943 = ORIENTED_EDGE('',*,*,#4944,.T.);
#4944 = EDGE_CURVE('',#4937,#4945,#4947,.T.);
#4945 = VERTEX_POINT('',#4946);
#4946 = CARTESIAN_POINT('',(117.15,-61.15,1.55));
#4947 = LINE('',#4948,#4949);
#4948 = CARTESIAN_POINT('',(117.15,-62.85,1.55));
#4949 = VECTOR('',#4950,1.);
#4950 = DIRECTION('',(0.,1.,0.));
#4951 = ORIENTED_EDGE('',*,*,#4952,.F.);
#4952 = EDGE_CURVE('',#4874,#4945,#4953,.T.);
#4953 = LINE('',#4954,#4955);
#4954 = CARTESIAN_POINT('',(117.15,-61.15,1.51));
#4955 = VECTOR('',#4956,1.);
#4956 = DIRECTION('',(0.,0.,1.));
#4957 = ORIENTED_EDGE('',*,*,#4871,.F.);
#4958 = PLANE('',#4959);
#4959 = AXIS2_PLACEMENT_3D('',#4960,#4961,#4962);
#4960 = CARTESIAN_POINT('',(117.15,-62.85,1.51));
#4961 = DIRECTION('',(-1.,0.,0.));
#4962 = DIRECTION('',(0.,1.,0.));
#4963 = ADVANCED_FACE('',(#4964),#4982,.T.);
#4964 = FACE_BOUND('',#4965,.T.);
#4965 = EDGE_LOOP('',(#4966,#4974,#4980,#4981));
#4966 = ORIENTED_EDGE('',*,*,#4967,.T.);
#4967 = EDGE_CURVE('',#4882,#4968,#4970,.T.);
#4968 = VERTEX_POINT('',#4969);
#4969 = CARTESIAN_POINT('',(118.85,-62.85,1.55));
#4970 = LINE('',#4971,#4972);
#4971 = CARTESIAN_POINT('',(118.85,-62.85,1.51));
#4972 = VECTOR('',#4973,1.);
#4973 = DIRECTION('',(0.,0.,1.));
#4974 = ORIENTED_EDGE('',*,*,#4975,.T.);
#4975 = EDGE_CURVE('',#4968,#4937,#4976,.T.);
#4976 = LINE('',#4977,#4978);
#4977 = CARTESIAN_POINT('',(118.85,-62.85,1.55));
#4978 = VECTOR('',#4979,1.);
#4979 = DIRECTION('',(-1.,0.,0.));
#4980 = ORIENTED_EDGE('',*,*,#4936,.F.);
#4981 = ORIENTED_EDGE('',*,*,#4881,.F.);
#4982 = PLANE('',#4983);
#4983 = AXIS2_PLACEMENT_3D('',#4984,#4985,#4986);
#4984 = CARTESIAN_POINT('',(118.85,-62.85,1.51));
#4985 = DIRECTION('',(0.,-1.,0.));
#4986 = DIRECTION('',(-1.,0.,0.));
#4987 = ADVANCED_FACE('',(#4988),#5006,.T.);
#4988 = FACE_BOUND('',#4989,.T.);
#4989 = EDGE_LOOP('',(#4990,#4991,#4999,#5005));
#4990 = ORIENTED_EDGE('',*,*,#4952,.T.);
#4991 = ORIENTED_EDGE('',*,*,#4992,.T.);
#4992 = EDGE_CURVE('',#4945,#4993,#4995,.T.);
#4993 = VERTEX_POINT('',#4994);
#4994 = CARTESIAN_POINT('',(118.85,-61.15,1.55));
#4995 = LINE('',#4996,#4997);
#4996 = CARTESIAN_POINT('',(117.15,-61.15,1.55));
#4997 = VECTOR('',#4998,1.);
#4998 = DIRECTION('',(1.,0.,0.));
#4999 = ORIENTED_EDGE('',*,*,#5000,.F.);
#5000 = EDGE_CURVE('',#4890,#4993,#5001,.T.);
#5001 = LINE('',#5002,#5003);
#5002 = CARTESIAN_POINT('',(118.85,-61.15,1.51));
#5003 = VECTOR('',#5004,1.);
#5004 = DIRECTION('',(0.,0.,1.));
#5005 = ORIENTED_EDGE('',*,*,#4897,.F.);
#5006 = PLANE('',#5007);
#5007 = AXIS2_PLACEMENT_3D('',#5008,#5009,#5010);
#5008 = CARTESIAN_POINT('',(117.15,-61.15,1.51));
#5009 = DIRECTION('',(0.,1.,0.));
#5010 = DIRECTION('',(1.,0.,0.));
#5011 = ADVANCED_FACE('',(#5012),#5023,.T.);
#5012 = FACE_BOUND('',#5013,.T.);
#5013 = EDGE_LOOP('',(#5014,#5015,#5021,#5022));
#5014 = ORIENTED_EDGE('',*,*,#5000,.T.);
#5015 = ORIENTED_EDGE('',*,*,#5016,.T.);
#5016 = EDGE_CURVE('',#4993,#4968,#5017,.T.);
#5017 = LINE('',#5018,#5019);
#5018 = CARTESIAN_POINT('',(118.85,-61.15,1.55));
#5019 = VECTOR('',#5020,1.);
#5020 = DIRECTION('',(0.,-1.,0.));
#5021 = ORIENTED_EDGE('',*,*,#4967,.F.);
#5022 = ORIENTED_EDGE('',*,*,#4889,.F.);
#5023 = PLANE('',#5024);
#5024 = AXIS2_PLACEMENT_3D('',#5025,#5026,#5027);
#5025 = CARTESIAN_POINT('',(118.85,-61.15,1.51));
#5026 = DIRECTION('',(1.,0.,-0.));
#5027 = DIRECTION('',(0.,-1.,0.));
#5028 = ADVANCED_FACE('',(#5029,#5032,#5082,#5108),#5134,.F.);
#5029 = FACE_BOUND('',#5030,.F.);
#5030 = EDGE_LOOP('',(#5031));
#5031 = ORIENTED_EDGE('',*,*,#4919,.T.);
#5032 = FACE_BOUND('',#5033,.F.);
#5033 = EDGE_LOOP('',(#5034,#5044,#5052,#5060,#5068,#5076));
#5034 = ORIENTED_EDGE('',*,*,#5035,.T.);
#5035 = EDGE_CURVE('',#5036,#5038,#5040,.T.);
#5036 = VERTEX_POINT('',#5037);
#5037 = CARTESIAN_POINT('',(117.15,-61.377764,0.));
#5038 = VERTEX_POINT('',#5039);
#5039 = CARTESIAN_POINT('',(117.15,-61.15,0.));
#5040 = LINE('',#5041,#5042);
#5041 = CARTESIAN_POINT('',(117.15,-62.85,0.));
#5042 = VECTOR('',#5043,1.);
#5043 = DIRECTION('',(0.,1.,0.));
#5044 = ORIENTED_EDGE('',*,*,#5045,.T.);
#5045 = EDGE_CURVE('',#5038,#5046,#5048,.T.);
#5046 = VERTEX_POINT('',#5047);
#5047 = CARTESIAN_POINT('',(117.377764,-61.15,0.));
#5048 = LINE('',#5049,#5050);
#5049 = CARTESIAN_POINT('',(117.15,-61.15,0.));
#5050 = VECTOR('',#5051,1.);
#5051 = DIRECTION('',(1.,0.,0.));
#5052 = ORIENTED_EDGE('',*,*,#5053,.F.);
#5053 = EDGE_CURVE('',#5054,#5046,#5056,.T.);
#5054 = VERTEX_POINT('',#5055);
#5055 = CARTESIAN_POINT('',(118.85,-61.15,0.));
#5056 = LINE('',#5057,#5058);
#5057 = CARTESIAN_POINT('',(118.85,-61.15,0.));
#5058 = VECTOR('',#5059,1.);
#5059 = DIRECTION('',(-1.,4.826282849761E-15,0.));
#5060 = ORIENTED_EDGE('',*,*,#5061,.T.);
#5061 = EDGE_CURVE('',#5054,#5062,#5064,.T.);
#5062 = VERTEX_POINT('',#5063);
#5063 = CARTESIAN_POINT('',(118.85,-62.85,0.));
#5064 = LINE('',#5065,#5066);
#5065 = CARTESIAN_POINT('',(118.85,-61.15,0.));
#5066 = VECTOR('',#5067,1.);
#5067 = DIRECTION('',(0.,-1.,0.));
#5068 = ORIENTED_EDGE('',*,*,#5069,.F.);
#5069 = EDGE_CURVE('',#5070,#5062,#5072,.T.);
#5070 = VERTEX_POINT('',#5071);
#5071 = CARTESIAN_POINT('',(117.15,-62.85,0.));
#5072 = LINE('',#5073,#5074);
#5073 = CARTESIAN_POINT('',(117.15,-62.85,0.));
#5074 = VECTOR('',#5075,1.);
#5075 = DIRECTION('',(1.,0.,0.));
#5076 = ORIENTED_EDGE('',*,*,#5077,.T.);
#5077 = EDGE_CURVE('',#5070,#5036,#5078,.T.);
#5078 = LINE('',#5079,#5080);
#5079 = CARTESIAN_POINT('',(117.15,-62.85,0.));
#5080 = VECTOR('',#5081,1.);
#5081 = DIRECTION('',(0.,1.,0.));
#5082 = FACE_BOUND('',#5083,.F.);
#5083 = EDGE_LOOP('',(#5084,#5094,#5102));
#5084 = ORIENTED_EDGE('',*,*,#5085,.T.);
#5085 = EDGE_CURVE('',#5086,#5088,#5090,.T.);
#5086 = VERTEX_POINT('',#5087);
#5087 = CARTESIAN_POINT('',(125.35,-70.850001,0.));
#5088 = VERTEX_POINT('',#5089);
#5089 = CARTESIAN_POINT('',(125.35,-70.85,0.));
#5090 = LINE('',#5091,#5092);
#5091 = CARTESIAN_POINT('',(125.35,-72.65,0.));
#5092 = VECTOR('',#5093,1.);
#5093 = DIRECTION('',(0.,1.,0.));
#5094 = ORIENTED_EDGE('',*,*,#5095,.T.);
#5095 = EDGE_CURVE('',#5088,#5096,#5098,.T.);
#5096 = VERTEX_POINT('',#5097);
#5097 = CARTESIAN_POINT('',(125.75,-70.85,0.));
#5098 = LINE('',#5099,#5100);
#5099 = CARTESIAN_POINT('',(125.35,-70.85,0.));
#5100 = VECTOR('',#5101,1.);
#5101 = DIRECTION('',(1.,0.,0.));
#5102 = ORIENTED_EDGE('',*,*,#5103,.T.);
#5103 = EDGE_CURVE('',#5096,#5086,#5104,.T.);
#5104 = LINE('',#5105,#5106);
#5105 = CARTESIAN_POINT('',(125.75,-70.85,0.));
#5106 = VECTOR('',#5107,1.);
#5107 = DIRECTION('',(-0.999999999997,-2.500000029207E-06,0.));
#5108 = FACE_BOUND('',#5109,.F.);
#5109 = EDGE_LOOP('',(#5110,#5120,#5128));
#5110 = ORIENTED_EDGE('',*,*,#5111,.T.);
#5111 = EDGE_CURVE('',#5112,#5114,#5116,.T.);
#5112 = VERTEX_POINT('',#5113);
#5113 = CARTESIAN_POINT('',(102.85,-70.85,0.));
#5114 = VERTEX_POINT('',#5115);
#5115 = CARTESIAN_POINT('',(103.63,-70.85,0.));
#5116 = LINE('',#5117,#5118);
#5117 = CARTESIAN_POINT('',(102.85,-70.85,0.));
#5118 = VECTOR('',#5119,1.);
#5119 = DIRECTION('',(1.,0.,0.));
#5120 = ORIENTED_EDGE('',*,*,#5121,.T.);
#5121 = EDGE_CURVE('',#5114,#5122,#5124,.T.);
#5122 = VERTEX_POINT('',#5123);
#5123 = CARTESIAN_POINT('',(102.85,-70.850001,0.));
#5124 = LINE('',#5125,#5126);
#5125 = CARTESIAN_POINT('',(103.63,-70.85,0.));
#5126 = VECTOR('',#5127,1.);
#5127 = DIRECTION('',(-0.999999999999,-1.282051297032E-06,0.));
#5128 = ORIENTED_EDGE('',*,*,#5129,.T.);
#5129 = EDGE_CURVE('',#5122,#5112,#5130,.T.);
#5130 = LINE('',#5131,#5132);
#5131 = CARTESIAN_POINT('',(102.85,-72.65,0.));
#5132 = VECTOR('',#5133,1.);
#5133 = DIRECTION('',(0.,1.,0.));
#5134 = PLANE('',#5135);
#5135 = AXIS2_PLACEMENT_3D('',#5136,#5137,#5138);
#5136 = CARTESIAN_POINT('',(0.,0.,0.));
#5137 = DIRECTION('',(-0.,-0.,-1.));
#5138 = DIRECTION('',(-1.,0.,0.));
#5139 = ADVANCED_FACE('',(#5140,#5146),#5157,.T.);
#5140 = FACE_BOUND('',#5141,.T.);
#5141 = EDGE_LOOP('',(#5142,#5143,#5144,#5145));
#5142 = ORIENTED_EDGE('',*,*,#4944,.F.);
#5143 = ORIENTED_EDGE('',*,*,#4975,.F.);
#5144 = ORIENTED_EDGE('',*,*,#5016,.F.);
#5145 = ORIENTED_EDGE('',*,*,#4992,.F.);
#5146 = FACE_BOUND('',#5147,.T.);
#5147 = EDGE_LOOP('',(#5148));
#5148 = ORIENTED_EDGE('',*,*,#5149,.T.);
#5149 = EDGE_CURVE('',#5150,#5150,#5152,.T.);
#5150 = VERTEX_POINT('',#5151);
#5151 = CARTESIAN_POINT('',(118.,-62.475,1.55));
#5152 = CIRCLE('',#5153,0.475);
#5153 = AXIS2_PLACEMENT_3D('',#5154,#5155,#5156);
#5154 = CARTESIAN_POINT('',(118.,-62.,1.55));
#5155 = DIRECTION('',(-0.,0.,-1.));
#5156 = DIRECTION('',(-0.,-1.,0.));
#5157 = PLANE('',#5158);
#5158 = AXIS2_PLACEMENT_3D('',#5159,#5160,#5161);
#5159 = CARTESIAN_POINT('',(0.,0.,1.55));
#5160 = DIRECTION('',(0.,0.,1.));
#5161 = DIRECTION('',(1.,0.,-0.));
#5162 = ADVANCED_FACE('',(#5163,#5417,#5468,#5479,#5490,#5516,#5527,
    #5538,#5589),#5632,.F.);
#5163 = FACE_BOUND('',#5164,.F.);
#5164 = EDGE_LOOP('',(#5165,#5175,#5183,#5191,#5199,#5207,#5215,#5223,
    #5231,#5239,#5247,#5255,#5263,#5271,#5278,#5279,#5280,#5281,#5282,
    #5291,#5299,#5307,#5315,#5323,#5331,#5339,#5347,#5355,#5363,#5371,
    #5379,#5387,#5395,#5403,#5411));
#5165 = ORIENTED_EDGE('',*,*,#5166,.T.);
#5166 = EDGE_CURVE('',#5167,#5169,#5171,.T.);
#5167 = VERTEX_POINT('',#5168);
#5168 = CARTESIAN_POINT('',(102.503368,-61.496632,0.));
#5169 = VERTEX_POINT('',#5170);
#5170 = CARTESIAN_POINT('',(102.996632,-61.003368,0.));
#5171 = LINE('',#5172,#5173);
#5172 = CARTESIAN_POINT('',(102.503368,-61.496632,0.));
#5173 = VECTOR('',#5174,1.);
#5174 = DIRECTION('',(0.707106781187,0.707106781187,0.));
#5175 = ORIENTED_EDGE('',*,*,#5176,.T.);
#5176 = EDGE_CURVE('',#5169,#5177,#5179,.T.);
#5177 = VERTEX_POINT('',#5178);
#5178 = CARTESIAN_POINT('',(103.004764,-61.,0.));
#5179 = LINE('',#5180,#5181);
#5180 = CARTESIAN_POINT('',(102.996632,-61.003368,0.));
#5181 = VECTOR('',#5182,1.);
#5182 = DIRECTION('',(0.923894983956,0.382646127148,0.));
#5183 = ORIENTED_EDGE('',*,*,#5184,.T.);
#5184 = EDGE_CURVE('',#5177,#5185,#5187,.T.);
#5185 = VERTEX_POINT('',#5186);
#5186 = CARTESIAN_POINT('',(110.995236,-61.,0.));
#5187 = LINE('',#5188,#5189);
#5188 = CARTESIAN_POINT('',(103.004764,-61.,0.));
#5189 = VECTOR('',#5190,1.);
#5190 = DIRECTION('',(1.,0.,0.));
#5191 = ORIENTED_EDGE('',*,*,#5192,.T.);
#5192 = EDGE_CURVE('',#5185,#5193,#5195,.T.);
#5193 = VERTEX_POINT('',#5194);
#5194 = CARTESIAN_POINT('',(111.003368,-61.003368,0.));
#5195 = LINE('',#5196,#5197);
#5196 = CARTESIAN_POINT('',(110.995236,-61.,0.));
#5197 = VECTOR('',#5198,1.);
#5198 = DIRECTION('',(0.923894983956,-0.382646127148,0.));
#5199 = ORIENTED_EDGE('',*,*,#5200,.T.);
#5200 = EDGE_CURVE('',#5193,#5201,#5203,.T.);
#5201 = VERTEX_POINT('',#5202);
#5202 = CARTESIAN_POINT('',(111.496632,-61.496632,0.));
#5203 = LINE('',#5204,#5205);
#5204 = CARTESIAN_POINT('',(111.003368,-61.003368,0.));
#5205 = VECTOR('',#5206,1.);
#5206 = DIRECTION('',(0.707106781187,-0.707106781187,0.));
#5207 = ORIENTED_EDGE('',*,*,#5208,.T.);
#5208 = EDGE_CURVE('',#5201,#5209,#5211,.T.);
#5209 = VERTEX_POINT('',#5210);
#5210 = CARTESIAN_POINT('',(111.5,-61.504764,0.));
#5211 = LINE('',#5212,#5213);
#5212 = CARTESIAN_POINT('',(111.496632,-61.496632,0.));
#5213 = VECTOR('',#5214,1.);
#5214 = DIRECTION('',(0.382646127147,-0.923894983956,0.));
#5215 = ORIENTED_EDGE('',*,*,#5216,.T.);
#5216 = EDGE_CURVE('',#5209,#5217,#5219,.T.);
#5217 = VERTEX_POINT('',#5218);
#5218 = CARTESIAN_POINT('',(111.5,-63.651301,0.));
#5219 = LINE('',#5220,#5221);
#5220 = CARTESIAN_POINT('',(111.5,-61.504764,0.));
#5221 = VECTOR('',#5222,1.);
#5222 = DIRECTION('',(0.,-1.,0.));
#5223 = ORIENTED_EDGE('',*,*,#5224,.T.);
#5224 = EDGE_CURVE('',#5217,#5225,#5227,.T.);
#5225 = VERTEX_POINT('',#5226);
#5226 = CARTESIAN_POINT('',(112.,-64.077831,0.));
#5227 = LINE('',#5228,#5229);
#5228 = CARTESIAN_POINT('',(111.5,-63.651301,0.));
#5229 = VECTOR('',#5230,1.);
#5230 = DIRECTION('',(0.76078931617,-0.648998934052,0.));
#5231 = ORIENTED_EDGE('',*,*,#5232,.T.);
#5232 = EDGE_CURVE('',#5225,#5233,#5235,.T.);
#5233 = VERTEX_POINT('',#5234);
#5234 = CARTESIAN_POINT('',(116.5,-63.982902,0.));
#5235 = LINE('',#5236,#5237);
#5236 = CARTESIAN_POINT('',(112.,-64.077831,0.));
#5237 = VECTOR('',#5238,1.);
#5238 = DIRECTION('',(0.999777567692,2.109064104965E-02,0.));
#5239 = ORIENTED_EDGE('',*,*,#5240,.T.);
#5240 = EDGE_CURVE('',#5233,#5241,#5243,.T.);
#5241 = VERTEX_POINT('',#5242);
#5242 = CARTESIAN_POINT('',(117.,-63.5,0.));
#5243 = LINE('',#5244,#5245);
#5244 = CARTESIAN_POINT('',(116.5,-63.982902,0.));
#5245 = VECTOR('',#5246,1.);
#5246 = DIRECTION('',(0.719298383657,0.69470125613,0.));
#5247 = ORIENTED_EDGE('',*,*,#5248,.T.);
#5248 = EDGE_CURVE('',#5241,#5249,#5251,.T.);
#5249 = VERTEX_POINT('',#5250);
#5250 = CARTESIAN_POINT('',(117.,-61.504764,0.));
#5251 = LINE('',#5252,#5253);
#5252 = CARTESIAN_POINT('',(117.,-63.5,0.));
#5253 = VECTOR('',#5254,1.);
#5254 = DIRECTION('',(0.,1.,0.));
#5255 = ORIENTED_EDGE('',*,*,#5256,.T.);
#5256 = EDGE_CURVE('',#5249,#5257,#5259,.T.);
#5257 = VERTEX_POINT('',#5258);
#5258 = CARTESIAN_POINT('',(117.003368,-61.496632,0.));
#5259 = LINE('',#5260,#5261);
#5260 = CARTESIAN_POINT('',(117.,-61.504764,0.));
#5261 = VECTOR('',#5262,1.);
#5262 = DIRECTION('',(0.382646127147,0.923894983956,0.));
#5263 = ORIENTED_EDGE('',*,*,#5264,.T.);
#5264 = EDGE_CURVE('',#5257,#5265,#5267,.T.);
#5265 = VERTEX_POINT('',#5266);
#5266 = CARTESIAN_POINT('',(117.130368,-61.369632,0.));
#5267 = LINE('',#5268,#5269);
#5268 = CARTESIAN_POINT('',(117.003368,-61.496632,0.));
#5269 = VECTOR('',#5270,1.);
#5270 = DIRECTION('',(0.707106781187,0.707106781187,0.));
#5271 = ORIENTED_EDGE('',*,*,#5272,.T.);
#5272 = EDGE_CURVE('',#5265,#5036,#5273,.T.);
#5273 = CIRCLE('',#5274,1.150038470209E-02);
#5274 = AXIS2_PLACEMENT_3D('',#5275,#5276,#5277);
#5275 = CARTESIAN_POINT('',(117.1384996153,-61.37776438469,0.));
#5276 = DIRECTION('',(0.,0.,-1.));
#5277 = DIRECTION('',(-0.707073329719,0.707140231072,0.));
#5278 = ORIENTED_EDGE('',*,*,#5077,.F.);
#5279 = ORIENTED_EDGE('',*,*,#5069,.T.);
#5280 = ORIENTED_EDGE('',*,*,#5061,.F.);
#5281 = ORIENTED_EDGE('',*,*,#5053,.T.);
#5282 = ORIENTED_EDGE('',*,*,#5283,.T.);
#5283 = EDGE_CURVE('',#5046,#5284,#5286,.T.);
#5284 = VERTEX_POINT('',#5285);
#5285 = CARTESIAN_POINT('',(117.369632,-61.130368,0.));
#5286 = CIRCLE('',#5287,1.150000001287E-02);
#5287 = AXIS2_PLACEMENT_3D('',#5288,#5289,#5290);
#5288 = CARTESIAN_POINT('',(117.37776345597,-61.1385,0.));
#5289 = DIRECTION('',(0.,0.,-1.));
#5290 = DIRECTION('',(4.730640175737E-05,-0.999999998881,0.));
#5291 = ORIENTED_EDGE('',*,*,#5292,.T.);
#5292 = EDGE_CURVE('',#5284,#5293,#5295,.T.);
#5293 = VERTEX_POINT('',#5294);
#5294 = CARTESIAN_POINT('',(117.496632,-61.003368,0.));
#5295 = LINE('',#5296,#5297);
#5296 = CARTESIAN_POINT('',(117.369632,-61.130368,0.));
#5297 = VECTOR('',#5298,1.);
#5298 = DIRECTION('',(0.707106781187,0.707106781187,0.));
#5299 = ORIENTED_EDGE('',*,*,#5300,.T.);
#5300 = EDGE_CURVE('',#5293,#5301,#5303,.T.);
#5301 = VERTEX_POINT('',#5302);
#5302 = CARTESIAN_POINT('',(117.504764,-61.,0.));
#5303 = LINE('',#5304,#5305);
#5304 = CARTESIAN_POINT('',(117.496632,-61.003368,0.));
#5305 = VECTOR('',#5306,1.);
#5306 = DIRECTION('',(0.923894983956,0.382646127148,0.));
#5307 = ORIENTED_EDGE('',*,*,#5308,.T.);
#5308 = EDGE_CURVE('',#5301,#5309,#5311,.T.);
#5309 = VERTEX_POINT('',#5310);
#5310 = CARTESIAN_POINT('',(126.995236,-61.,0.));
#5311 = LINE('',#5312,#5313);
#5312 = CARTESIAN_POINT('',(117.504764,-61.,0.));
#5313 = VECTOR('',#5314,1.);
#5314 = DIRECTION('',(1.,0.,0.));
#5315 = ORIENTED_EDGE('',*,*,#5316,.T.);
#5316 = EDGE_CURVE('',#5309,#5317,#5319,.T.);
#5317 = VERTEX_POINT('',#5318);
#5318 = CARTESIAN_POINT('',(127.003368,-61.003368,0.));
#5319 = LINE('',#5320,#5321);
#5320 = CARTESIAN_POINT('',(126.995236,-61.,0.));
#5321 = VECTOR('',#5322,1.);
#5322 = DIRECTION('',(0.923894983956,-0.382646127148,0.));
#5323 = ORIENTED_EDGE('',*,*,#5324,.T.);
#5324 = EDGE_CURVE('',#5317,#5325,#5327,.T.);
#5325 = VERTEX_POINT('',#5326);
#5326 = CARTESIAN_POINT('',(127.496632,-61.496632,0.));
#5327 = LINE('',#5328,#5329);
#5328 = CARTESIAN_POINT('',(127.003368,-61.003368,0.));
#5329 = VECTOR('',#5330,1.);
#5330 = DIRECTION('',(0.707106781187,-0.707106781187,0.));
#5331 = ORIENTED_EDGE('',*,*,#5332,.T.);
#5332 = EDGE_CURVE('',#5325,#5333,#5335,.T.);
#5333 = VERTEX_POINT('',#5334);
#5334 = CARTESIAN_POINT('',(127.5,-61.504764,0.));
#5335 = LINE('',#5336,#5337);
#5336 = CARTESIAN_POINT('',(127.496632,-61.496632,0.));
#5337 = VECTOR('',#5338,1.);
#5338 = DIRECTION('',(0.382646127147,-0.923894983956,0.));
#5339 = ORIENTED_EDGE('',*,*,#5340,.T.);
#5340 = EDGE_CURVE('',#5333,#5341,#5343,.T.);
#5341 = VERTEX_POINT('',#5342);
#5342 = CARTESIAN_POINT('',(127.5,-73.47797,0.));
#5343 = LINE('',#5344,#5345);
#5344 = CARTESIAN_POINT('',(127.5,-61.504764,0.));
#5345 = VECTOR('',#5346,1.);
#5346 = DIRECTION('',(0.,-1.,0.));
#5347 = ORIENTED_EDGE('',*,*,#5348,.T.);
#5348 = EDGE_CURVE('',#5341,#5349,#5351,.T.);
#5349 = VERTEX_POINT('',#5350);
#5350 = CARTESIAN_POINT('',(127.496769,-73.485962,0.));
#5351 = LINE('',#5352,#5353);
#5352 = CARTESIAN_POINT('',(127.5,-73.47797,0.));
#5353 = VECTOR('',#5354,1.);
#5354 = DIRECTION('',(-0.37480826865,-0.927102346967,0.));
#5355 = ORIENTED_EDGE('',*,*,#5356,.T.);
#5356 = EDGE_CURVE('',#5349,#5357,#5359,.T.);
#5357 = VERTEX_POINT('',#5358);
#5358 = CARTESIAN_POINT('',(127.00339,-73.996492,0.));
#5359 = LINE('',#5360,#5361);
#5360 = CARTESIAN_POINT('',(127.496769,-73.485962,0.));
#5361 = VECTOR('',#5362,1.);
#5362 = DIRECTION('',(-0.694925008279,-0.719082215653,0.));
#5363 = ORIENTED_EDGE('',*,*,#5364,.T.);
#5364 = EDGE_CURVE('',#5357,#5365,#5367,.T.);
#5365 = VERTEX_POINT('',#5366);
#5366 = CARTESIAN_POINT('',(126.995317,-73.999998,0.));
#5367 = LINE('',#5368,#5369);
#5368 = CARTESIAN_POINT('',(127.00339,-73.996492,0.));
#5369 = VECTOR('',#5370,1.);
#5370 = DIRECTION('',(-0.917236158378,-0.398343858699,0.));
#5371 = ORIENTED_EDGE('',*,*,#5372,.T.);
#5372 = EDGE_CURVE('',#5365,#5373,#5375,.T.);
#5373 = VERTEX_POINT('',#5374);
#5374 = CARTESIAN_POINT('',(103.004764,-74.,0.));
#5375 = LINE('',#5376,#5377);
#5376 = CARTESIAN_POINT('',(126.995317,-73.999998,0.));
#5377 = VECTOR('',#5378,1.);
#5378 = DIRECTION('',(-1.,-8.336614812299E-08,0.));
#5379 = ORIENTED_EDGE('',*,*,#5380,.T.);
#5380 = EDGE_CURVE('',#5373,#5381,#5383,.T.);
#5381 = VERTEX_POINT('',#5382);
#5382 = CARTESIAN_POINT('',(102.996632,-73.996632,0.));
#5383 = LINE('',#5384,#5385);
#5384 = CARTESIAN_POINT('',(103.004764,-74.,0.));
#5385 = VECTOR('',#5386,1.);
#5386 = DIRECTION('',(-0.923894983956,0.382646127147,0.));
#5387 = ORIENTED_EDGE('',*,*,#5388,.T.);
#5388 = EDGE_CURVE('',#5381,#5389,#5391,.T.);
#5389 = VERTEX_POINT('',#5390);
#5390 = CARTESIAN_POINT('',(102.503368,-73.503368,0.));
#5391 = LINE('',#5392,#5393);
#5392 = CARTESIAN_POINT('',(102.996632,-73.996632,0.));
#5393 = VECTOR('',#5394,1.);
#5394 = DIRECTION('',(-0.707106781187,0.707106781187,0.));
#5395 = ORIENTED_EDGE('',*,*,#5396,.T.);
#5396 = EDGE_CURVE('',#5389,#5397,#5399,.T.);
#5397 = VERTEX_POINT('',#5398);
#5398 = CARTESIAN_POINT('',(102.5,-73.495236,0.));
#5399 = LINE('',#5400,#5401);
#5400 = CARTESIAN_POINT('',(102.503368,-73.503368,0.));
#5401 = VECTOR('',#5402,1.);
#5402 = DIRECTION('',(-0.382646127147,0.923894983956,0.));
#5403 = ORIENTED_EDGE('',*,*,#5404,.T.);
#5404 = EDGE_CURVE('',#5397,#5405,#5407,.T.);
#5405 = VERTEX_POINT('',#5406);
#5406 = CARTESIAN_POINT('',(102.5,-61.504764,0.));
#5407 = LINE('',#5408,#5409);
#5408 = CARTESIAN_POINT('',(102.5,-73.495236,0.));
#5409 = VECTOR('',#5410,1.);
#5410 = DIRECTION('',(0.,1.,0.));
#5411 = ORIENTED_EDGE('',*,*,#5412,.T.);
#5412 = EDGE_CURVE('',#5405,#5167,#5413,.T.);
#5413 = LINE('',#5414,#5415);
#5414 = CARTESIAN_POINT('',(102.5,-61.504764,0.));
#5415 = VECTOR('',#5416,1.);
#5416 = DIRECTION('',(0.382646127147,0.923894983956,0.));
#5417 = FACE_BOUND('',#5418,.F.);
#5418 = EDGE_LOOP('',(#5419,#5429,#5437,#5445,#5453,#5462));
#5419 = ORIENTED_EDGE('',*,*,#5420,.T.);
#5420 = EDGE_CURVE('',#5421,#5423,#5425,.T.);
#5421 = VERTEX_POINT('',#5422);
#5422 = CARTESIAN_POINT('',(126.057107,-72.649999,0.));
#5423 = VERTEX_POINT('',#5424);
#5424 = CARTESIAN_POINT('',(127.15,-72.649999,0.));
#5425 = LINE('',#5426,#5427);
#5426 = CARTESIAN_POINT('',(126.057107,-72.649999,0.));
#5427 = VECTOR('',#5428,1.);
#5428 = DIRECTION('',(1.,0.,0.));
#5429 = ORIENTED_EDGE('',*,*,#5430,.T.);
#5430 = EDGE_CURVE('',#5423,#5431,#5433,.T.);
#5431 = VERTEX_POINT('',#5432);
#5432 = CARTESIAN_POINT('',(127.149999,-70.85,0.));
#5433 = LINE('',#5434,#5435);
#5434 = CARTESIAN_POINT('',(127.15,-72.649999,0.));
#5435 = VECTOR('',#5436,1.);
#5436 = DIRECTION('',(-5.555558706899E-07,1.,0.));
#5437 = ORIENTED_EDGE('',*,*,#5438,.T.);
#5438 = EDGE_CURVE('',#5431,#5439,#5441,.T.);
#5439 = VERTEX_POINT('',#5440);
#5440 = CARTESIAN_POINT('',(126.75,-70.85,0.));
#5441 = LINE('',#5442,#5443);
#5442 = CARTESIAN_POINT('',(127.149999,-70.85,0.));
#5443 = VECTOR('',#5444,1.);
#5444 = DIRECTION('',(-1.,0.,0.));
#5445 = ORIENTED_EDGE('',*,*,#5446,.T.);
#5446 = EDGE_CURVE('',#5439,#5447,#5449,.T.);
#5447 = VERTEX_POINT('',#5448);
#5448 = CARTESIAN_POINT('',(126.75,-71.75,0.));
#5449 = LINE('',#5450,#5451);
#5450 = CARTESIAN_POINT('',(126.75,-70.85,0.));
#5451 = VECTOR('',#5452,1.);
#5452 = DIRECTION('',(0.,-1.,0.));
#5453 = ORIENTED_EDGE('',*,*,#5454,.T.);
#5454 = EDGE_CURVE('',#5447,#5455,#5457,.T.);
#5455 = VERTEX_POINT('',#5456);
#5456 = CARTESIAN_POINT('',(126.603553,-72.103553,0.));
#5457 = CIRCLE('',#5458,0.499992432518);
#5458 = AXIS2_PLACEMENT_3D('',#5459,#5460,#5461);
#5459 = CARTESIAN_POINT('',(126.25000756748,-71.75000235338,0.));
#5460 = DIRECTION('',(0.,0.,-1.));
#5461 = DIRECTION('',(0.999999999989,4.706832568646E-06,0.));
#5462 = ORIENTED_EDGE('',*,*,#5463,.T.);
#5463 = EDGE_CURVE('',#5455,#5421,#5464,.T.);
#5464 = LINE('',#5465,#5466);
#5465 = CARTESIAN_POINT('',(126.603553,-72.103553,0.));
#5466 = VECTOR('',#5467,1.);
#5467 = DIRECTION('',(-0.707106781187,-0.707106781187,0.));
#5468 = FACE_BOUND('',#5469,.F.);
#5469 = EDGE_LOOP('',(#5470));
#5470 = ORIENTED_EDGE('',*,*,#5471,.F.);
#5471 = EDGE_CURVE('',#5472,#5472,#5474,.T.);
#5472 = VERTEX_POINT('',#5473);
#5473 = CARTESIAN_POINT('',(126.25,-72.2,0.));
#5474 = CIRCLE('',#5475,0.45);
#5475 = AXIS2_PLACEMENT_3D('',#5476,#5477,#5478);
#5476 = CARTESIAN_POINT('',(126.25,-71.75,0.));
#5477 = DIRECTION('',(-0.,0.,-1.));
#5478 = DIRECTION('',(-0.,-1.,0.));
#5479 = FACE_BOUND('',#5480,.F.);
#5480 = EDGE_LOOP('',(#5481));
#5481 = ORIENTED_EDGE('',*,*,#5482,.T.);
#5482 = EDGE_CURVE('',#5483,#5483,#5485,.T.);
#5483 = VERTEX_POINT('',#5484);
#5484 = CARTESIAN_POINT('',(124.813902,-71.75,0.));
#5485 = CIRCLE('',#5486,1.103903);
#5486 = AXIS2_PLACEMENT_3D('',#5487,#5488,#5489);
#5487 = CARTESIAN_POINT('',(123.709999,-71.75,0.));
#5488 = DIRECTION('',(0.,0.,1.));
#5489 = DIRECTION('',(1.,0.,-0.));
#5490 = FACE_BOUND('',#5491,.F.);
#5491 = EDGE_LOOP('',(#5492,#5500,#5501,#5502,#5510));
#5492 = ORIENTED_EDGE('',*,*,#5493,.T.);
#5493 = EDGE_CURVE('',#5494,#5096,#5496,.T.);
#5494 = VERTEX_POINT('',#5495);
#5495 = CARTESIAN_POINT('',(125.75,-71.542894,0.));
#5496 = LINE('',#5497,#5498);
#5497 = CARTESIAN_POINT('',(125.75,-71.542894,0.));
#5498 = VECTOR('',#5499,1.);
#5499 = DIRECTION('',(0.,1.,0.));
#5500 = ORIENTED_EDGE('',*,*,#5095,.F.);
#5501 = ORIENTED_EDGE('',*,*,#5085,.F.);
#5502 = ORIENTED_EDGE('',*,*,#5503,.T.);
#5503 = EDGE_CURVE('',#5086,#5504,#5506,.T.);
#5504 = VERTEX_POINT('',#5505);
#5505 = CARTESIAN_POINT('',(125.35,-71.942894,0.));
#5506 = LINE('',#5507,#5508);
#5507 = CARTESIAN_POINT('',(125.35,-70.850001,0.));
#5508 = VECTOR('',#5509,1.);
#5509 = DIRECTION('',(0.,-1.,0.));
#5510 = ORIENTED_EDGE('',*,*,#5511,.T.);
#5511 = EDGE_CURVE('',#5504,#5494,#5512,.T.);
#5512 = LINE('',#5513,#5514);
#5513 = CARTESIAN_POINT('',(125.35,-71.942894,0.));
#5514 = VECTOR('',#5515,1.);
#5515 = DIRECTION('',(0.707106781187,0.707106781187,0.));
#5516 = FACE_BOUND('',#5517,.F.);
#5517 = EDGE_LOOP('',(#5518));
#5518 = ORIENTED_EDGE('',*,*,#5519,.T.);
#5519 = EDGE_CURVE('',#5520,#5520,#5522,.T.);
#5520 = VERTEX_POINT('',#5521);
#5521 = CARTESIAN_POINT('',(107.393902,-71.75,0.));
#5522 = CIRCLE('',#5523,1.103903);
#5523 = AXIS2_PLACEMENT_3D('',#5524,#5525,#5526);
#5524 = CARTESIAN_POINT('',(106.289999,-71.75,0.));
#5525 = DIRECTION('',(0.,0.,1.));
#5526 = DIRECTION('',(1.,0.,-0.));
#5527 = FACE_BOUND('',#5528,.F.);
#5528 = EDGE_LOOP('',(#5529));
#5529 = ORIENTED_EDGE('',*,*,#5530,.F.);
#5530 = EDGE_CURVE('',#5531,#5531,#5533,.T.);
#5531 = VERTEX_POINT('',#5532);
#5532 = CARTESIAN_POINT('',(103.75,-72.2,0.));
#5533 = CIRCLE('',#5534,0.45);
#5534 = AXIS2_PLACEMENT_3D('',#5535,#5536,#5537);
#5535 = CARTESIAN_POINT('',(103.75,-71.75,0.));
#5536 = DIRECTION('',(-0.,0.,-1.));
#5537 = DIRECTION('',(-0.,-1.,0.));
#5538 = FACE_BOUND('',#5539,.F.);
#5539 = EDGE_LOOP('',(#5540,#5550,#5559,#5567,#5573,#5574,#5575,#5583));
#5540 = ORIENTED_EDGE('',*,*,#5541,.T.);
#5541 = EDGE_CURVE('',#5542,#5544,#5546,.T.);
#5542 = VERTEX_POINT('',#5543);
#5543 = CARTESIAN_POINT('',(103.942893,-72.649999,0.));
#5544 = VERTEX_POINT('',#5545);
#5545 = CARTESIAN_POINT('',(103.396447,-72.103553,0.));
#5546 = LINE('',#5547,#5548);
#5547 = CARTESIAN_POINT('',(103.942893,-72.649999,0.));
#5548 = VECTOR('',#5549,1.);
#5549 = DIRECTION('',(-0.707106781187,0.707106781187,0.));
#5550 = ORIENTED_EDGE('',*,*,#5551,.T.);
#5551 = EDGE_CURVE('',#5544,#5552,#5554,.T.);
#5552 = VERTEX_POINT('',#5553);
#5553 = CARTESIAN_POINT('',(103.558658,-71.28806,0.));
#5554 = CIRCLE('',#5555,0.499999006433);
#5555 = AXIS2_PLACEMENT_3D('',#5556,#5557,#5558);
#5556 = CARTESIAN_POINT('',(103.74999854995,-71.74999917389,0.));
#5557 = DIRECTION('',(0.,0.,-1.));
#5558 = DIRECTION('',(-0.707104505028,-0.707109057338,-0.));
#5559 = ORIENTED_EDGE('',*,*,#5560,.T.);
#5560 = EDGE_CURVE('',#5552,#5561,#5563,.T.);
#5561 = VERTEX_POINT('',#5562);
#5562 = CARTESIAN_POINT('',(103.63,-71.268943,0.));
#5563 = LINE('',#5564,#5565);
#5564 = CARTESIAN_POINT('',(103.558658,-71.28806,0.));
#5565 = VECTOR('',#5566,1.);
#5566 = DIRECTION('',(0.965922547279,0.258831282223,0.));
#5567 = ORIENTED_EDGE('',*,*,#5568,.T.);
#5568 = EDGE_CURVE('',#5561,#5114,#5569,.T.);
#5569 = LINE('',#5570,#5571);
#5570 = CARTESIAN_POINT('',(103.63,-71.268943,0.));
#5571 = VECTOR('',#5572,1.);
#5572 = DIRECTION('',(0.,1.,0.));
#5573 = ORIENTED_EDGE('',*,*,#5111,.F.);
#5574 = ORIENTED_EDGE('',*,*,#5129,.F.);
#5575 = ORIENTED_EDGE('',*,*,#5576,.T.);
#5576 = EDGE_CURVE('',#5122,#5577,#5579,.T.);
#5577 = VERTEX_POINT('',#5578);
#5578 = CARTESIAN_POINT('',(102.85,-72.649999,0.));
#5579 = LINE('',#5580,#5581);
#5580 = CARTESIAN_POINT('',(102.85,-70.850001,0.));
#5581 = VECTOR('',#5582,1.);
#5582 = DIRECTION('',(0.,-1.,0.));
#5583 = ORIENTED_EDGE('',*,*,#5584,.T.);
#5584 = EDGE_CURVE('',#5577,#5542,#5585,.T.);
#5585 = LINE('',#5586,#5587);
#5586 = CARTESIAN_POINT('',(102.85,-72.649999,0.));
#5587 = VECTOR('',#5588,1.);
#5588 = DIRECTION('',(1.,0.,0.));
#5589 = FACE_BOUND('',#5590,.F.);
#5590 = EDGE_LOOP('',(#5591,#5601,#5609,#5618,#5626));
#5591 = ORIENTED_EDGE('',*,*,#5592,.T.);
#5592 = EDGE_CURVE('',#5593,#5595,#5597,.T.);
#5593 = VERTEX_POINT('',#5594);
#5594 = CARTESIAN_POINT('',(104.649999,-70.85,0.));
#5595 = VERTEX_POINT('',#5596);
#5596 = CARTESIAN_POINT('',(103.83,-70.85,0.));
#5597 = LINE('',#5598,#5599);
#5598 = CARTESIAN_POINT('',(104.649999,-70.85,0.));
#5599 = VECTOR('',#5600,1.);
#5600 = DIRECTION('',(-1.,0.,0.));
#5601 = ORIENTED_EDGE('',*,*,#5602,.T.);
#5602 = EDGE_CURVE('',#5595,#5603,#5605,.T.);
#5603 = VERTEX_POINT('',#5604);
#5604 = CARTESIAN_POINT('',(103.83,-71.258225,0.));
#5605 = LINE('',#5606,#5607);
#5606 = CARTESIAN_POINT('',(103.83,-70.85,0.));
#5607 = VECTOR('',#5608,1.);
#5608 = DIRECTION('',(0.,-1.,0.));
#5609 = ORIENTED_EDGE('',*,*,#5610,.T.);
#5610 = EDGE_CURVE('',#5603,#5611,#5613,.T.);
#5611 = VERTEX_POINT('',#5612);
#5612 = CARTESIAN_POINT('',(104.103553,-71.396447,0.));
#5613 = CIRCLE('',#5614,0.476752539961);
#5614 = AXIS2_PLACEMENT_3D('',#5615,#5616,#5617);
#5615 = CARTESIAN_POINT('',(103.76317951295,-71.73027161514,0.));
#5616 = DIRECTION('',(0.,0.,-1.));
#5617 = DIRECTION('',(0.140157590033,0.990129208718,0.));
#5618 = ORIENTED_EDGE('',*,*,#5619,.T.);
#5619 = EDGE_CURVE('',#5611,#5620,#5622,.T.);
#5620 = VERTEX_POINT('',#5621);
#5621 = CARTESIAN_POINT('',(104.649999,-71.942893,0.));
#5622 = LINE('',#5623,#5624);
#5623 = CARTESIAN_POINT('',(104.103553,-71.396447,0.));
#5624 = VECTOR('',#5625,1.);
#5625 = DIRECTION('',(0.707106781187,-0.707106781187,0.));
#5626 = ORIENTED_EDGE('',*,*,#5627,.T.);
#5627 = EDGE_CURVE('',#5620,#5593,#5628,.T.);
#5628 = LINE('',#5629,#5630);
#5629 = CARTESIAN_POINT('',(104.649999,-71.942893,0.));
#5630 = VECTOR('',#5631,1.);
#5631 = DIRECTION('',(0.,1.,0.));
#5632 = PLANE('',#5633);
#5633 = AXIS2_PLACEMENT_3D('',#5634,#5635,#5636);
#5634 = CARTESIAN_POINT('',(0.,0.,0.));
#5635 = DIRECTION('',(-0.,-0.,-1.));
#5636 = DIRECTION('',(-1.,0.,0.));
#5637 = ADVANCED_FACE('',(#5638),#5679,.F.);
#5638 = FACE_BOUND('',#5639,.F.);
#5639 = EDGE_LOOP('',(#5640,#5641,#5649,#5657,#5665,#5673));
#5640 = ORIENTED_EDGE('',*,*,#5045,.F.);
#5641 = ORIENTED_EDGE('',*,*,#5642,.T.);
#5642 = EDGE_CURVE('',#5038,#5643,#5645,.T.);
#5643 = VERTEX_POINT('',#5644);
#5644 = CARTESIAN_POINT('',(117.15,-61.15,-4.E-02));
#5645 = LINE('',#5646,#5647);
#5646 = CARTESIAN_POINT('',(117.15,-61.15,0.));
#5647 = VECTOR('',#5648,1.);
#5648 = DIRECTION('',(0.,0.,-1.));
#5649 = ORIENTED_EDGE('',*,*,#5650,.T.);
#5650 = EDGE_CURVE('',#5643,#5651,#5653,.T.);
#5651 = VERTEX_POINT('',#5652);
#5652 = CARTESIAN_POINT('',(118.85,-61.15,-4.E-02));
#5653 = LINE('',#5654,#5655);
#5654 = CARTESIAN_POINT('',(117.15,-61.15,-4.E-02));
#5655 = VECTOR('',#5656,1.);
#5656 = DIRECTION('',(1.,0.,0.));
#5657 = ORIENTED_EDGE('',*,*,#5658,.F.);
#5658 = EDGE_CURVE('',#5659,#5651,#5661,.T.);
#5659 = VERTEX_POINT('',#5660);
#5660 = CARTESIAN_POINT('',(118.85,-61.15,-3.5E-02));
#5661 = LINE('',#5662,#5663);
#5662 = CARTESIAN_POINT('',(118.85,-61.15,0.));
#5663 = VECTOR('',#5664,1.);
#5664 = DIRECTION('',(0.,0.,-1.));
#5665 = ORIENTED_EDGE('',*,*,#5666,.F.);
#5666 = EDGE_CURVE('',#5667,#5659,#5669,.T.);
#5667 = VERTEX_POINT('',#5668);
#5668 = CARTESIAN_POINT('',(117.377764,-61.15,-3.5E-02));
#5669 = LINE('',#5670,#5671);
#5670 = CARTESIAN_POINT('',(117.377764,-61.15,-3.5E-02));
#5671 = VECTOR('',#5672,1.);
#5672 = DIRECTION('',(1.,-4.826282849761E-15,0.));
#5673 = ORIENTED_EDGE('',*,*,#5674,.F.);
#5674 = EDGE_CURVE('',#5046,#5667,#5675,.T.);
#5675 = LINE('',#5676,#5677);
#5676 = CARTESIAN_POINT('',(117.377764,-61.15,0.));
#5677 = VECTOR('',#5678,1.);
#5678 = DIRECTION('',(0.,0.,-1.));
#5679 = PLANE('',#5680);
#5680 = AXIS2_PLACEMENT_3D('',#5681,#5682,#5683);
#5681 = CARTESIAN_POINT('',(117.15,-61.15,0.));
#5682 = DIRECTION('',(0.,-1.,0.));
#5683 = DIRECTION('',(1.,0.,0.));
#5684 = ADVANCED_FACE('',(#5685),#5719,.F.);
#5685 = FACE_BOUND('',#5686,.F.);
#5686 = EDGE_LOOP('',(#5687,#5697,#5705,#5711,#5712,#5713));
#5687 = ORIENTED_EDGE('',*,*,#5688,.T.);
#5688 = EDGE_CURVE('',#5689,#5691,#5693,.T.);
#5689 = VERTEX_POINT('',#5690);
#5690 = CARTESIAN_POINT('',(117.15,-61.377764,-3.5E-02));
#5691 = VERTEX_POINT('',#5692);
#5692 = CARTESIAN_POINT('',(117.15,-62.85,-3.5E-02));
#5693 = LINE('',#5694,#5695);
#5694 = CARTESIAN_POINT('',(117.15,-31.425,-3.5E-02));
#5695 = VECTOR('',#5696,1.);
#5696 = DIRECTION('',(-0.,-1.,0.));
#5697 = ORIENTED_EDGE('',*,*,#5698,.T.);
#5698 = EDGE_CURVE('',#5691,#5699,#5701,.T.);
#5699 = VERTEX_POINT('',#5700);
#5700 = CARTESIAN_POINT('',(117.15,-62.85,-4.E-02));
#5701 = LINE('',#5702,#5703);
#5702 = CARTESIAN_POINT('',(117.15,-62.85,0.));
#5703 = VECTOR('',#5704,1.);
#5704 = DIRECTION('',(0.,0.,-1.));
#5705 = ORIENTED_EDGE('',*,*,#5706,.T.);
#5706 = EDGE_CURVE('',#5699,#5643,#5707,.T.);
#5707 = LINE('',#5708,#5709);
#5708 = CARTESIAN_POINT('',(117.15,-62.85,-4.E-02));
#5709 = VECTOR('',#5710,1.);
#5710 = DIRECTION('',(0.,1.,0.));
#5711 = ORIENTED_EDGE('',*,*,#5642,.F.);
#5712 = ORIENTED_EDGE('',*,*,#5035,.F.);
#5713 = ORIENTED_EDGE('',*,*,#5714,.T.);
#5714 = EDGE_CURVE('',#5036,#5689,#5715,.T.);
#5715 = LINE('',#5716,#5717);
#5716 = CARTESIAN_POINT('',(117.15,-61.377764,0.));
#5717 = VECTOR('',#5718,1.);
#5718 = DIRECTION('',(0.,0.,-1.));
#5719 = PLANE('',#5720);
#5720 = AXIS2_PLACEMENT_3D('',#5721,#5722,#5723);
#5721 = CARTESIAN_POINT('',(117.15,-62.85,0.));
#5722 = DIRECTION('',(1.,-0.,0.));
#5723 = DIRECTION('',(0.,1.,0.));
#5724 = ADVANCED_FACE('',(#5725),#5744,.F.);
#5725 = FACE_BOUND('',#5726,.T.);
#5726 = EDGE_LOOP('',(#5727,#5736,#5742,#5743));
#5727 = ORIENTED_EDGE('',*,*,#5728,.T.);
#5728 = EDGE_CURVE('',#5729,#5729,#5731,.T.);
#5729 = VERTEX_POINT('',#5730);
#5730 = CARTESIAN_POINT('',(118.,-62.475,-4.E-02));
#5731 = CIRCLE('',#5732,0.475);
#5732 = AXIS2_PLACEMENT_3D('',#5733,#5734,#5735);
#5733 = CARTESIAN_POINT('',(118.,-62.,-4.E-02));
#5734 = DIRECTION('',(-0.,0.,-1.));
#5735 = DIRECTION('',(-0.,-1.,0.));
#5736 = ORIENTED_EDGE('',*,*,#5737,.T.);
#5737 = EDGE_CURVE('',#5729,#5150,#5738,.T.);
#5738 = LINE('',#5739,#5740);
#5739 = CARTESIAN_POINT('',(118.,-62.475,-4.6E-02));
#5740 = VECTOR('',#5741,1.);
#5741 = DIRECTION('',(0.,0.,1.));
#5742 = ORIENTED_EDGE('',*,*,#5149,.F.);
#5743 = ORIENTED_EDGE('',*,*,#5737,.F.);
#5744 = CYLINDRICAL_SURFACE('',#5745,0.475);
#5745 = AXIS2_PLACEMENT_3D('',#5746,#5747,#5748);
#5746 = CARTESIAN_POINT('',(118.,-62.,-4.6E-02));
#5747 = DIRECTION('',(-0.,-0.,-1.));
#5748 = DIRECTION('',(-0.,-1.,0.));
#5749 = ADVANCED_FACE('',(#5750),#5775,.F.);
#5750 = FACE_BOUND('',#5751,.F.);
#5751 = EDGE_LOOP('',(#5752,#5760,#5768,#5774));
#5752 = ORIENTED_EDGE('',*,*,#5753,.T.);
#5753 = EDGE_CURVE('',#5167,#5754,#5756,.T.);
#5754 = VERTEX_POINT('',#5755);
#5755 = CARTESIAN_POINT('',(102.503368,-61.496632,-3.5E-02));
#5756 = LINE('',#5757,#5758);
#5757 = CARTESIAN_POINT('',(102.503368,-61.496632,0.));
#5758 = VECTOR('',#5759,1.);
#5759 = DIRECTION('',(0.,0.,-1.));
#5760 = ORIENTED_EDGE('',*,*,#5761,.T.);
#5761 = EDGE_CURVE('',#5754,#5762,#5764,.T.);
#5762 = VERTEX_POINT('',#5763);
#5763 = CARTESIAN_POINT('',(102.996632,-61.003368,-3.5E-02));
#5764 = LINE('',#5765,#5766);
#5765 = CARTESIAN_POINT('',(102.503368,-61.496632,-3.5E-02));
#5766 = VECTOR('',#5767,1.);
#5767 = DIRECTION('',(0.707106781187,0.707106781187,0.));
#5768 = ORIENTED_EDGE('',*,*,#5769,.F.);
#5769 = EDGE_CURVE('',#5169,#5762,#5770,.T.);
#5770 = LINE('',#5771,#5772);
#5771 = CARTESIAN_POINT('',(102.996632,-61.003368,0.));
#5772 = VECTOR('',#5773,1.);
#5773 = DIRECTION('',(0.,0.,-1.));
#5774 = ORIENTED_EDGE('',*,*,#5166,.F.);
#5775 = PLANE('',#5776);
#5776 = AXIS2_PLACEMENT_3D('',#5777,#5778,#5779);
#5777 = CARTESIAN_POINT('',(102.503368,-61.496632,0.));
#5778 = DIRECTION('',(0.707106781187,-0.707106781187,0.));
#5779 = DIRECTION('',(0.707106781187,0.707106781187,0.));
#5780 = ADVANCED_FACE('',(#5781),#5799,.F.);
#5781 = FACE_BOUND('',#5782,.F.);
#5782 = EDGE_LOOP('',(#5783,#5791,#5797,#5798));
#5783 = ORIENTED_EDGE('',*,*,#5784,.T.);
#5784 = EDGE_CURVE('',#5405,#5785,#5787,.T.);
#5785 = VERTEX_POINT('',#5786);
#5786 = CARTESIAN_POINT('',(102.5,-61.504764,-3.5E-02));
#5787 = LINE('',#5788,#5789);
#5788 = CARTESIAN_POINT('',(102.5,-61.504764,0.));
#5789 = VECTOR('',#5790,1.);
#5790 = DIRECTION('',(0.,0.,-1.));
#5791 = ORIENTED_EDGE('',*,*,#5792,.T.);
#5792 = EDGE_CURVE('',#5785,#5754,#5793,.T.);
#5793 = LINE('',#5794,#5795);
#5794 = CARTESIAN_POINT('',(102.5,-61.504764,-3.5E-02));
#5795 = VECTOR('',#5796,1.);
#5796 = DIRECTION('',(0.382646127147,0.923894983956,0.));
#5797 = ORIENTED_EDGE('',*,*,#5753,.F.);
#5798 = ORIENTED_EDGE('',*,*,#5412,.F.);
#5799 = PLANE('',#5800);
#5800 = AXIS2_PLACEMENT_3D('',#5801,#5802,#5803);
#5801 = CARTESIAN_POINT('',(102.5,-61.504764,0.));
#5802 = DIRECTION('',(0.923894983956,-0.382646127147,0.));
#5803 = DIRECTION('',(0.382646127147,0.923894983956,0.));
#5804 = ADVANCED_FACE('',(#5805),#5823,.F.);
#5805 = FACE_BOUND('',#5806,.F.);
#5806 = EDGE_LOOP('',(#5807,#5815,#5821,#5822));
#5807 = ORIENTED_EDGE('',*,*,#5808,.T.);
#5808 = EDGE_CURVE('',#5397,#5809,#5811,.T.);
#5809 = VERTEX_POINT('',#5810);
#5810 = CARTESIAN_POINT('',(102.5,-73.495236,-3.5E-02));
#5811 = LINE('',#5812,#5813);
#5812 = CARTESIAN_POINT('',(102.5,-73.495236,0.));
#5813 = VECTOR('',#5814,1.);
#5814 = DIRECTION('',(0.,0.,-1.));
#5815 = ORIENTED_EDGE('',*,*,#5816,.T.);
#5816 = EDGE_CURVE('',#5809,#5785,#5817,.T.);
#5817 = LINE('',#5818,#5819);
#5818 = CARTESIAN_POINT('',(102.5,-73.495236,-3.5E-02));
#5819 = VECTOR('',#5820,1.);
#5820 = DIRECTION('',(0.,1.,0.));
#5821 = ORIENTED_EDGE('',*,*,#5784,.F.);
#5822 = ORIENTED_EDGE('',*,*,#5404,.F.);
#5823 = PLANE('',#5824);
#5824 = AXIS2_PLACEMENT_3D('',#5825,#5826,#5827);
#5825 = CARTESIAN_POINT('',(102.5,-73.495236,0.));
#5826 = DIRECTION('',(1.,-0.,0.));
#5827 = DIRECTION('',(0.,1.,0.));
#5828 = ADVANCED_FACE('',(#5829),#5847,.F.);
#5829 = FACE_BOUND('',#5830,.F.);
#5830 = EDGE_LOOP('',(#5831,#5839,#5845,#5846));
#5831 = ORIENTED_EDGE('',*,*,#5832,.T.);
#5832 = EDGE_CURVE('',#5389,#5833,#5835,.T.);
#5833 = VERTEX_POINT('',#5834);
#5834 = CARTESIAN_POINT('',(102.503368,-73.503368,-3.5E-02));
#5835 = LINE('',#5836,#5837);
#5836 = CARTESIAN_POINT('',(102.503368,-73.503368,0.));
#5837 = VECTOR('',#5838,1.);
#5838 = DIRECTION('',(0.,0.,-1.));
#5839 = ORIENTED_EDGE('',*,*,#5840,.T.);
#5840 = EDGE_CURVE('',#5833,#5809,#5841,.T.);
#5841 = LINE('',#5842,#5843);
#5842 = CARTESIAN_POINT('',(102.503368,-73.503368,-3.5E-02));
#5843 = VECTOR('',#5844,1.);
#5844 = DIRECTION('',(-0.382646127147,0.923894983956,0.));
#5845 = ORIENTED_EDGE('',*,*,#5808,.F.);
#5846 = ORIENTED_EDGE('',*,*,#5396,.F.);
#5847 = PLANE('',#5848);
#5848 = AXIS2_PLACEMENT_3D('',#5849,#5850,#5851);
#5849 = CARTESIAN_POINT('',(102.503368,-73.503368,0.));
#5850 = DIRECTION('',(0.923894983956,0.382646127147,0.));
#5851 = DIRECTION('',(-0.382646127147,0.923894983956,0.));
#5852 = ADVANCED_FACE('',(#5853),#5871,.F.);
#5853 = FACE_BOUND('',#5854,.F.);
#5854 = EDGE_LOOP('',(#5855,#5863,#5869,#5870));
#5855 = ORIENTED_EDGE('',*,*,#5856,.T.);
#5856 = EDGE_CURVE('',#5381,#5857,#5859,.T.);
#5857 = VERTEX_POINT('',#5858);
#5858 = CARTESIAN_POINT('',(102.996632,-73.996632,-3.5E-02));
#5859 = LINE('',#5860,#5861);
#5860 = CARTESIAN_POINT('',(102.996632,-73.996632,0.));
#5861 = VECTOR('',#5862,1.);
#5862 = DIRECTION('',(0.,0.,-1.));
#5863 = ORIENTED_EDGE('',*,*,#5864,.T.);
#5864 = EDGE_CURVE('',#5857,#5833,#5865,.T.);
#5865 = LINE('',#5866,#5867);
#5866 = CARTESIAN_POINT('',(102.996632,-73.996632,-3.5E-02));
#5867 = VECTOR('',#5868,1.);
#5868 = DIRECTION('',(-0.707106781187,0.707106781187,0.));
#5869 = ORIENTED_EDGE('',*,*,#5832,.F.);
#5870 = ORIENTED_EDGE('',*,*,#5388,.F.);
#5871 = PLANE('',#5872);
#5872 = AXIS2_PLACEMENT_3D('',#5873,#5874,#5875);
#5873 = CARTESIAN_POINT('',(102.996632,-73.996632,0.));
#5874 = DIRECTION('',(0.707106781187,0.707106781187,0.));
#5875 = DIRECTION('',(-0.707106781187,0.707106781187,0.));
#5876 = ADVANCED_FACE('',(#5877),#5895,.F.);
#5877 = FACE_BOUND('',#5878,.F.);
#5878 = EDGE_LOOP('',(#5879,#5887,#5893,#5894));
#5879 = ORIENTED_EDGE('',*,*,#5880,.T.);
#5880 = EDGE_CURVE('',#5373,#5881,#5883,.T.);
#5881 = VERTEX_POINT('',#5882);
#5882 = CARTESIAN_POINT('',(103.004764,-74.,-3.5E-02));
#5883 = LINE('',#5884,#5885);
#5884 = CARTESIAN_POINT('',(103.004764,-74.,0.));
#5885 = VECTOR('',#5886,1.);
#5886 = DIRECTION('',(0.,0.,-1.));
#5887 = ORIENTED_EDGE('',*,*,#5888,.T.);
#5888 = EDGE_CURVE('',#5881,#5857,#5889,.T.);
#5889 = LINE('',#5890,#5891);
#5890 = CARTESIAN_POINT('',(103.004764,-74.,-3.5E-02));
#5891 = VECTOR('',#5892,1.);
#5892 = DIRECTION('',(-0.923894983956,0.382646127147,0.));
#5893 = ORIENTED_EDGE('',*,*,#5856,.F.);
#5894 = ORIENTED_EDGE('',*,*,#5380,.F.);
#5895 = PLANE('',#5896);
#5896 = AXIS2_PLACEMENT_3D('',#5897,#5898,#5899);
#5897 = CARTESIAN_POINT('',(103.004764,-74.,0.));
#5898 = DIRECTION('',(0.382646127147,0.923894983956,0.));
#5899 = DIRECTION('',(-0.923894983956,0.382646127147,0.));
#5900 = ADVANCED_FACE('',(#5901),#5919,.F.);
#5901 = FACE_BOUND('',#5902,.F.);
#5902 = EDGE_LOOP('',(#5903,#5911,#5917,#5918));
#5903 = ORIENTED_EDGE('',*,*,#5904,.T.);
#5904 = EDGE_CURVE('',#5365,#5905,#5907,.T.);
#5905 = VERTEX_POINT('',#5906);
#5906 = CARTESIAN_POINT('',(126.995317,-73.999998,-3.5E-02));
#5907 = LINE('',#5908,#5909);
#5908 = CARTESIAN_POINT('',(126.995317,-73.999998,0.));
#5909 = VECTOR('',#5910,1.);
#5910 = DIRECTION('',(0.,0.,-1.));
#5911 = ORIENTED_EDGE('',*,*,#5912,.T.);
#5912 = EDGE_CURVE('',#5905,#5881,#5913,.T.);
#5913 = LINE('',#5914,#5915);
#5914 = CARTESIAN_POINT('',(126.995317,-73.999998,-3.5E-02));
#5915 = VECTOR('',#5916,1.);
#5916 = DIRECTION('',(-1.,-8.336614812299E-08,0.));
#5917 = ORIENTED_EDGE('',*,*,#5880,.F.);
#5918 = ORIENTED_EDGE('',*,*,#5372,.F.);
#5919 = PLANE('',#5920);
#5920 = AXIS2_PLACEMENT_3D('',#5921,#5922,#5923);
#5921 = CARTESIAN_POINT('',(126.995317,-73.999998,0.));
#5922 = DIRECTION('',(-8.336614812299E-08,1.,0.));
#5923 = DIRECTION('',(-1.,-8.336614812299E-08,0.));
#5924 = ADVANCED_FACE('',(#5925),#5943,.F.);
#5925 = FACE_BOUND('',#5926,.F.);
#5926 = EDGE_LOOP('',(#5927,#5935,#5941,#5942));
#5927 = ORIENTED_EDGE('',*,*,#5928,.T.);
#5928 = EDGE_CURVE('',#5357,#5929,#5931,.T.);
#5929 = VERTEX_POINT('',#5930);
#5930 = CARTESIAN_POINT('',(127.00339,-73.996492,-3.5E-02));
#5931 = LINE('',#5932,#5933);
#5932 = CARTESIAN_POINT('',(127.00339,-73.996492,0.));
#5933 = VECTOR('',#5934,1.);
#5934 = DIRECTION('',(0.,0.,-1.));
#5935 = ORIENTED_EDGE('',*,*,#5936,.T.);
#5936 = EDGE_CURVE('',#5929,#5905,#5937,.T.);
#5937 = LINE('',#5938,#5939);
#5938 = CARTESIAN_POINT('',(127.00339,-73.996492,-3.5E-02));
#5939 = VECTOR('',#5940,1.);
#5940 = DIRECTION('',(-0.917236158378,-0.398343858699,0.));
#5941 = ORIENTED_EDGE('',*,*,#5904,.F.);
#5942 = ORIENTED_EDGE('',*,*,#5364,.F.);
#5943 = PLANE('',#5944);
#5944 = AXIS2_PLACEMENT_3D('',#5945,#5946,#5947);
#5945 = CARTESIAN_POINT('',(127.00339,-73.996492,0.));
#5946 = DIRECTION('',(-0.398343858699,0.917236158378,0.));
#5947 = DIRECTION('',(-0.917236158378,-0.398343858699,0.));
#5948 = ADVANCED_FACE('',(#5949),#5967,.F.);
#5949 = FACE_BOUND('',#5950,.F.);
#5950 = EDGE_LOOP('',(#5951,#5959,#5965,#5966));
#5951 = ORIENTED_EDGE('',*,*,#5952,.T.);
#5952 = EDGE_CURVE('',#5349,#5953,#5955,.T.);
#5953 = VERTEX_POINT('',#5954);
#5954 = CARTESIAN_POINT('',(127.496769,-73.485962,-3.5E-02));
#5955 = LINE('',#5956,#5957);
#5956 = CARTESIAN_POINT('',(127.496769,-73.485962,0.));
#5957 = VECTOR('',#5958,1.);
#5958 = DIRECTION('',(0.,0.,-1.));
#5959 = ORIENTED_EDGE('',*,*,#5960,.T.);
#5960 = EDGE_CURVE('',#5953,#5929,#5961,.T.);
#5961 = LINE('',#5962,#5963);
#5962 = CARTESIAN_POINT('',(127.496769,-73.485962,-3.5E-02));
#5963 = VECTOR('',#5964,1.);
#5964 = DIRECTION('',(-0.694925008279,-0.719082215653,0.));
#5965 = ORIENTED_EDGE('',*,*,#5928,.F.);
#5966 = ORIENTED_EDGE('',*,*,#5356,.F.);
#5967 = PLANE('',#5968);
#5968 = AXIS2_PLACEMENT_3D('',#5969,#5970,#5971);
#5969 = CARTESIAN_POINT('',(127.496769,-73.485962,0.));
#5970 = DIRECTION('',(-0.719082215653,0.694925008279,0.));
#5971 = DIRECTION('',(-0.694925008279,-0.719082215653,0.));
#5972 = ADVANCED_FACE('',(#5973),#5991,.F.);
#5973 = FACE_BOUND('',#5974,.F.);
#5974 = EDGE_LOOP('',(#5975,#5983,#5989,#5990));
#5975 = ORIENTED_EDGE('',*,*,#5976,.T.);
#5976 = EDGE_CURVE('',#5341,#5977,#5979,.T.);
#5977 = VERTEX_POINT('',#5978);
#5978 = CARTESIAN_POINT('',(127.5,-73.47797,-3.5E-02));
#5979 = LINE('',#5980,#5981);
#5980 = CARTESIAN_POINT('',(127.5,-73.47797,0.));
#5981 = VECTOR('',#5982,1.);
#5982 = DIRECTION('',(0.,0.,-1.));
#5983 = ORIENTED_EDGE('',*,*,#5984,.T.);
#5984 = EDGE_CURVE('',#5977,#5953,#5985,.T.);
#5985 = LINE('',#5986,#5987);
#5986 = CARTESIAN_POINT('',(127.5,-73.47797,-3.5E-02));
#5987 = VECTOR('',#5988,1.);
#5988 = DIRECTION('',(-0.37480826865,-0.927102346967,0.));
#5989 = ORIENTED_EDGE('',*,*,#5952,.F.);
#5990 = ORIENTED_EDGE('',*,*,#5348,.F.);
#5991 = PLANE('',#5992);
#5992 = AXIS2_PLACEMENT_3D('',#5993,#5994,#5995);
#5993 = CARTESIAN_POINT('',(127.5,-73.47797,0.));
#5994 = DIRECTION('',(-0.927102346967,0.37480826865,0.));
#5995 = DIRECTION('',(-0.37480826865,-0.927102346967,0.));
#5996 = ADVANCED_FACE('',(#5997),#6015,.F.);
#5997 = FACE_BOUND('',#5998,.F.);
#5998 = EDGE_LOOP('',(#5999,#6007,#6013,#6014));
#5999 = ORIENTED_EDGE('',*,*,#6000,.T.);
#6000 = EDGE_CURVE('',#5333,#6001,#6003,.T.);
#6001 = VERTEX_POINT('',#6002);
#6002 = CARTESIAN_POINT('',(127.5,-61.504764,-3.5E-02));
#6003 = LINE('',#6004,#6005);
#6004 = CARTESIAN_POINT('',(127.5,-61.504764,0.));
#6005 = VECTOR('',#6006,1.);
#6006 = DIRECTION('',(0.,0.,-1.));
#6007 = ORIENTED_EDGE('',*,*,#6008,.T.);
#6008 = EDGE_CURVE('',#6001,#5977,#6009,.T.);
#6009 = LINE('',#6010,#6011);
#6010 = CARTESIAN_POINT('',(127.5,-61.504764,-3.5E-02));
#6011 = VECTOR('',#6012,1.);
#6012 = DIRECTION('',(0.,-1.,0.));
#6013 = ORIENTED_EDGE('',*,*,#5976,.F.);
#6014 = ORIENTED_EDGE('',*,*,#5340,.F.);
#6015 = PLANE('',#6016);
#6016 = AXIS2_PLACEMENT_3D('',#6017,#6018,#6019);
#6017 = CARTESIAN_POINT('',(127.5,-61.504764,0.));
#6018 = DIRECTION('',(-1.,-0.,-0.));
#6019 = DIRECTION('',(0.,-1.,0.));
#6020 = ADVANCED_FACE('',(#6021),#6039,.F.);
#6021 = FACE_BOUND('',#6022,.F.);
#6022 = EDGE_LOOP('',(#6023,#6031,#6037,#6038));
#6023 = ORIENTED_EDGE('',*,*,#6024,.T.);
#6024 = EDGE_CURVE('',#5325,#6025,#6027,.T.);
#6025 = VERTEX_POINT('',#6026);
#6026 = CARTESIAN_POINT('',(127.496632,-61.496632,-3.5E-02));
#6027 = LINE('',#6028,#6029);
#6028 = CARTESIAN_POINT('',(127.496632,-61.496632,0.));
#6029 = VECTOR('',#6030,1.);
#6030 = DIRECTION('',(0.,0.,-1.));
#6031 = ORIENTED_EDGE('',*,*,#6032,.T.);
#6032 = EDGE_CURVE('',#6025,#6001,#6033,.T.);
#6033 = LINE('',#6034,#6035);
#6034 = CARTESIAN_POINT('',(127.496632,-61.496632,-3.5E-02));
#6035 = VECTOR('',#6036,1.);
#6036 = DIRECTION('',(0.382646127147,-0.923894983956,0.));
#6037 = ORIENTED_EDGE('',*,*,#6000,.F.);
#6038 = ORIENTED_EDGE('',*,*,#5332,.F.);
#6039 = PLANE('',#6040);
#6040 = AXIS2_PLACEMENT_3D('',#6041,#6042,#6043);
#6041 = CARTESIAN_POINT('',(127.496632,-61.496632,0.));
#6042 = DIRECTION('',(-0.923894983956,-0.382646127147,-0.));
#6043 = DIRECTION('',(0.382646127147,-0.923894983956,0.));
#6044 = ADVANCED_FACE('',(#6045),#6063,.F.);
#6045 = FACE_BOUND('',#6046,.F.);
#6046 = EDGE_LOOP('',(#6047,#6055,#6061,#6062));
#6047 = ORIENTED_EDGE('',*,*,#6048,.T.);
#6048 = EDGE_CURVE('',#5317,#6049,#6051,.T.);
#6049 = VERTEX_POINT('',#6050);
#6050 = CARTESIAN_POINT('',(127.003368,-61.003368,-3.5E-02));
#6051 = LINE('',#6052,#6053);
#6052 = CARTESIAN_POINT('',(127.003368,-61.003368,0.));
#6053 = VECTOR('',#6054,1.);
#6054 = DIRECTION('',(0.,0.,-1.));
#6055 = ORIENTED_EDGE('',*,*,#6056,.T.);
#6056 = EDGE_CURVE('',#6049,#6025,#6057,.T.);
#6057 = LINE('',#6058,#6059);
#6058 = CARTESIAN_POINT('',(127.003368,-61.003368,-3.5E-02));
#6059 = VECTOR('',#6060,1.);
#6060 = DIRECTION('',(0.707106781187,-0.707106781187,0.));
#6061 = ORIENTED_EDGE('',*,*,#6024,.F.);
#6062 = ORIENTED_EDGE('',*,*,#5324,.F.);
#6063 = PLANE('',#6064);
#6064 = AXIS2_PLACEMENT_3D('',#6065,#6066,#6067);
#6065 = CARTESIAN_POINT('',(127.003368,-61.003368,0.));
#6066 = DIRECTION('',(-0.707106781187,-0.707106781187,-0.));
#6067 = DIRECTION('',(0.707106781187,-0.707106781187,0.));
#6068 = ADVANCED_FACE('',(#6069),#6087,.F.);
#6069 = FACE_BOUND('',#6070,.F.);
#6070 = EDGE_LOOP('',(#6071,#6079,#6085,#6086));
#6071 = ORIENTED_EDGE('',*,*,#6072,.T.);
#6072 = EDGE_CURVE('',#5309,#6073,#6075,.T.);
#6073 = VERTEX_POINT('',#6074);
#6074 = CARTESIAN_POINT('',(126.995236,-61.,-3.5E-02));
#6075 = LINE('',#6076,#6077);
#6076 = CARTESIAN_POINT('',(126.995236,-61.,0.));
#6077 = VECTOR('',#6078,1.);
#6078 = DIRECTION('',(0.,0.,-1.));
#6079 = ORIENTED_EDGE('',*,*,#6080,.T.);
#6080 = EDGE_CURVE('',#6073,#6049,#6081,.T.);
#6081 = LINE('',#6082,#6083);
#6082 = CARTESIAN_POINT('',(126.995236,-61.,-3.5E-02));
#6083 = VECTOR('',#6084,1.);
#6084 = DIRECTION('',(0.923894983956,-0.382646127148,0.));
#6085 = ORIENTED_EDGE('',*,*,#6048,.F.);
#6086 = ORIENTED_EDGE('',*,*,#5316,.F.);
#6087 = PLANE('',#6088);
#6088 = AXIS2_PLACEMENT_3D('',#6089,#6090,#6091);
#6089 = CARTESIAN_POINT('',(126.995236,-61.,0.));
#6090 = DIRECTION('',(-0.382646127148,-0.923894983956,-0.));
#6091 = DIRECTION('',(0.923894983956,-0.382646127148,0.));
#6092 = ADVANCED_FACE('',(#6093),#6111,.F.);
#6093 = FACE_BOUND('',#6094,.F.);
#6094 = EDGE_LOOP('',(#6095,#6103,#6109,#6110));
#6095 = ORIENTED_EDGE('',*,*,#6096,.T.);
#6096 = EDGE_CURVE('',#5301,#6097,#6099,.T.);
#6097 = VERTEX_POINT('',#6098);
#6098 = CARTESIAN_POINT('',(117.504764,-61.,-3.5E-02));
#6099 = LINE('',#6100,#6101);
#6100 = CARTESIAN_POINT('',(117.504764,-61.,0.));
#6101 = VECTOR('',#6102,1.);
#6102 = DIRECTION('',(0.,0.,-1.));
#6103 = ORIENTED_EDGE('',*,*,#6104,.T.);
#6104 = EDGE_CURVE('',#6097,#6073,#6105,.T.);
#6105 = LINE('',#6106,#6107);
#6106 = CARTESIAN_POINT('',(117.504764,-61.,-3.5E-02));
#6107 = VECTOR('',#6108,1.);
#6108 = DIRECTION('',(1.,0.,0.));
#6109 = ORIENTED_EDGE('',*,*,#6072,.F.);
#6110 = ORIENTED_EDGE('',*,*,#5308,.F.);
#6111 = PLANE('',#6112);
#6112 = AXIS2_PLACEMENT_3D('',#6113,#6114,#6115);
#6113 = CARTESIAN_POINT('',(117.504764,-61.,0.));
#6114 = DIRECTION('',(0.,-1.,0.));
#6115 = DIRECTION('',(1.,0.,0.));
#6116 = ADVANCED_FACE('',(#6117),#6135,.F.);
#6117 = FACE_BOUND('',#6118,.F.);
#6118 = EDGE_LOOP('',(#6119,#6127,#6133,#6134));
#6119 = ORIENTED_EDGE('',*,*,#6120,.T.);
#6120 = EDGE_CURVE('',#5293,#6121,#6123,.T.);
#6121 = VERTEX_POINT('',#6122);
#6122 = CARTESIAN_POINT('',(117.496632,-61.003368,-3.5E-02));
#6123 = LINE('',#6124,#6125);
#6124 = CARTESIAN_POINT('',(117.496632,-61.003368,0.));
#6125 = VECTOR('',#6126,1.);
#6126 = DIRECTION('',(0.,0.,-1.));
#6127 = ORIENTED_EDGE('',*,*,#6128,.T.);
#6128 = EDGE_CURVE('',#6121,#6097,#6129,.T.);
#6129 = LINE('',#6130,#6131);
#6130 = CARTESIAN_POINT('',(117.496632,-61.003368,-3.5E-02));
#6131 = VECTOR('',#6132,1.);
#6132 = DIRECTION('',(0.923894983956,0.382646127148,0.));
#6133 = ORIENTED_EDGE('',*,*,#6096,.F.);
#6134 = ORIENTED_EDGE('',*,*,#5300,.F.);
#6135 = PLANE('',#6136);
#6136 = AXIS2_PLACEMENT_3D('',#6137,#6138,#6139);
#6137 = CARTESIAN_POINT('',(117.496632,-61.003368,0.));
#6138 = DIRECTION('',(0.382646127148,-0.923894983956,0.));
#6139 = DIRECTION('',(0.923894983956,0.382646127148,0.));
#6140 = ADVANCED_FACE('',(#6141),#6159,.F.);
#6141 = FACE_BOUND('',#6142,.F.);
#6142 = EDGE_LOOP('',(#6143,#6151,#6157,#6158));
#6143 = ORIENTED_EDGE('',*,*,#6144,.T.);
#6144 = EDGE_CURVE('',#5284,#6145,#6147,.T.);
#6145 = VERTEX_POINT('',#6146);
#6146 = CARTESIAN_POINT('',(117.369632,-61.130368,-3.5E-02));
#6147 = LINE('',#6148,#6149);
#6148 = CARTESIAN_POINT('',(117.369632,-61.130368,0.));
#6149 = VECTOR('',#6150,1.);
#6150 = DIRECTION('',(0.,0.,-1.));
#6151 = ORIENTED_EDGE('',*,*,#6152,.T.);
#6152 = EDGE_CURVE('',#6145,#6121,#6153,.T.);
#6153 = LINE('',#6154,#6155);
#6154 = CARTESIAN_POINT('',(117.369632,-61.130368,-3.5E-02));
#6155 = VECTOR('',#6156,1.);
#6156 = DIRECTION('',(0.707106781187,0.707106781187,0.));
#6157 = ORIENTED_EDGE('',*,*,#6120,.F.);
#6158 = ORIENTED_EDGE('',*,*,#5292,.F.);
#6159 = PLANE('',#6160);
#6160 = AXIS2_PLACEMENT_3D('',#6161,#6162,#6163);
#6161 = CARTESIAN_POINT('',(117.369632,-61.130368,0.));
#6162 = DIRECTION('',(0.707106781187,-0.707106781187,0.));
#6163 = DIRECTION('',(0.707106781187,0.707106781187,0.));
#6164 = ADVANCED_FACE('',(#6165),#6177,.T.);
#6165 = FACE_BOUND('',#6166,.F.);
#6166 = EDGE_LOOP('',(#6167,#6168,#6175,#6176));
#6167 = ORIENTED_EDGE('',*,*,#5674,.T.);
#6168 = ORIENTED_EDGE('',*,*,#6169,.T.);
#6169 = EDGE_CURVE('',#5667,#6145,#6170,.T.);
#6170 = CIRCLE('',#6171,1.150000001287E-02);
#6171 = AXIS2_PLACEMENT_3D('',#6172,#6173,#6174);
#6172 = CARTESIAN_POINT('',(117.37776345597,-61.1385,-3.5E-02));
#6173 = DIRECTION('',(0.,0.,-1.));
#6174 = DIRECTION('',(4.730640175737E-05,-0.999999998881,0.));
#6175 = ORIENTED_EDGE('',*,*,#6144,.F.);
#6176 = ORIENTED_EDGE('',*,*,#5283,.F.);
#6177 = CYLINDRICAL_SURFACE('',#6178,1.150000001287E-02);
#6178 = AXIS2_PLACEMENT_3D('',#6179,#6180,#6181);
#6179 = CARTESIAN_POINT('',(117.37776345597,-61.1385,0.));
#6180 = DIRECTION('',(-0.,-0.,1.));
#6181 = DIRECTION('',(4.730640175737E-05,-0.999999998881,0.));
#6182 = ADVANCED_FACE('',(#6183),#6202,.T.);
#6183 = FACE_BOUND('',#6184,.F.);
#6184 = EDGE_LOOP('',(#6185,#6193,#6200,#6201));
#6185 = ORIENTED_EDGE('',*,*,#6186,.T.);
#6186 = EDGE_CURVE('',#5265,#6187,#6189,.T.);
#6187 = VERTEX_POINT('',#6188);
#6188 = CARTESIAN_POINT('',(117.130368,-61.369632,-3.5E-02));
#6189 = LINE('',#6190,#6191);
#6190 = CARTESIAN_POINT('',(117.130368,-61.369632,0.));
#6191 = VECTOR('',#6192,1.);
#6192 = DIRECTION('',(0.,0.,-1.));
#6193 = ORIENTED_EDGE('',*,*,#6194,.T.);
#6194 = EDGE_CURVE('',#6187,#5689,#6195,.T.);
#6195 = CIRCLE('',#6196,1.150038470209E-02);
#6196 = AXIS2_PLACEMENT_3D('',#6197,#6198,#6199);
#6197 = CARTESIAN_POINT('',(117.1384996153,-61.37776438469,-3.5E-02));
#6198 = DIRECTION('',(0.,0.,-1.));
#6199 = DIRECTION('',(-0.707073329719,0.707140231072,0.));
#6200 = ORIENTED_EDGE('',*,*,#5714,.F.);
#6201 = ORIENTED_EDGE('',*,*,#5272,.F.);
#6202 = CYLINDRICAL_SURFACE('',#6203,1.150038470209E-02);
#6203 = AXIS2_PLACEMENT_3D('',#6204,#6205,#6206);
#6204 = CARTESIAN_POINT('',(117.1384996153,-61.37776438469,0.));
#6205 = DIRECTION('',(-0.,-0.,1.));
#6206 = DIRECTION('',(-0.707073329719,0.707140231072,0.));
#6207 = ADVANCED_FACE('',(#6208),#6226,.F.);
#6208 = FACE_BOUND('',#6209,.F.);
#6209 = EDGE_LOOP('',(#6210,#6218,#6224,#6225));
#6210 = ORIENTED_EDGE('',*,*,#6211,.T.);
#6211 = EDGE_CURVE('',#5257,#6212,#6214,.T.);
#6212 = VERTEX_POINT('',#6213);
#6213 = CARTESIAN_POINT('',(117.003368,-61.496632,-3.5E-02));
#6214 = LINE('',#6215,#6216);
#6215 = CARTESIAN_POINT('',(117.003368,-61.496632,0.));
#6216 = VECTOR('',#6217,1.);
#6217 = DIRECTION('',(0.,0.,-1.));
#6218 = ORIENTED_EDGE('',*,*,#6219,.T.);
#6219 = EDGE_CURVE('',#6212,#6187,#6220,.T.);
#6220 = LINE('',#6221,#6222);
#6221 = CARTESIAN_POINT('',(117.003368,-61.496632,-3.5E-02));
#6222 = VECTOR('',#6223,1.);
#6223 = DIRECTION('',(0.707106781187,0.707106781187,0.));
#6224 = ORIENTED_EDGE('',*,*,#6186,.F.);
#6225 = ORIENTED_EDGE('',*,*,#5264,.F.);
#6226 = PLANE('',#6227);
#6227 = AXIS2_PLACEMENT_3D('',#6228,#6229,#6230);
#6228 = CARTESIAN_POINT('',(117.003368,-61.496632,0.));
#6229 = DIRECTION('',(0.707106781187,-0.707106781187,0.));
#6230 = DIRECTION('',(0.707106781187,0.707106781187,0.));
#6231 = ADVANCED_FACE('',(#6232),#6250,.F.);
#6232 = FACE_BOUND('',#6233,.F.);
#6233 = EDGE_LOOP('',(#6234,#6242,#6248,#6249));
#6234 = ORIENTED_EDGE('',*,*,#6235,.T.);
#6235 = EDGE_CURVE('',#5249,#6236,#6238,.T.);
#6236 = VERTEX_POINT('',#6237);
#6237 = CARTESIAN_POINT('',(117.,-61.504764,-3.5E-02));
#6238 = LINE('',#6239,#6240);
#6239 = CARTESIAN_POINT('',(117.,-61.504764,0.));
#6240 = VECTOR('',#6241,1.);
#6241 = DIRECTION('',(0.,0.,-1.));
#6242 = ORIENTED_EDGE('',*,*,#6243,.T.);
#6243 = EDGE_CURVE('',#6236,#6212,#6244,.T.);
#6244 = LINE('',#6245,#6246);
#6245 = CARTESIAN_POINT('',(117.,-61.504764,-3.5E-02));
#6246 = VECTOR('',#6247,1.);
#6247 = DIRECTION('',(0.382646127147,0.923894983956,0.));
#6248 = ORIENTED_EDGE('',*,*,#6211,.F.);
#6249 = ORIENTED_EDGE('',*,*,#5256,.F.);
#6250 = PLANE('',#6251);
#6251 = AXIS2_PLACEMENT_3D('',#6252,#6253,#6254);
#6252 = CARTESIAN_POINT('',(117.,-61.504764,0.));
#6253 = DIRECTION('',(0.923894983956,-0.382646127147,0.));
#6254 = DIRECTION('',(0.382646127147,0.923894983956,0.));
#6255 = ADVANCED_FACE('',(#6256),#6274,.F.);
#6256 = FACE_BOUND('',#6257,.F.);
#6257 = EDGE_LOOP('',(#6258,#6266,#6272,#6273));
#6258 = ORIENTED_EDGE('',*,*,#6259,.T.);
#6259 = EDGE_CURVE('',#5241,#6260,#6262,.T.);
#6260 = VERTEX_POINT('',#6261);
#6261 = CARTESIAN_POINT('',(117.,-63.5,-3.5E-02));
#6262 = LINE('',#6263,#6264);
#6263 = CARTESIAN_POINT('',(117.,-63.5,0.));
#6264 = VECTOR('',#6265,1.);
#6265 = DIRECTION('',(0.,0.,-1.));
#6266 = ORIENTED_EDGE('',*,*,#6267,.T.);
#6267 = EDGE_CURVE('',#6260,#6236,#6268,.T.);
#6268 = LINE('',#6269,#6270);
#6269 = CARTESIAN_POINT('',(117.,-63.5,-3.5E-02));
#6270 = VECTOR('',#6271,1.);
#6271 = DIRECTION('',(0.,1.,0.));
#6272 = ORIENTED_EDGE('',*,*,#6235,.F.);
#6273 = ORIENTED_EDGE('',*,*,#5248,.F.);
#6274 = PLANE('',#6275);
#6275 = AXIS2_PLACEMENT_3D('',#6276,#6277,#6278);
#6276 = CARTESIAN_POINT('',(117.,-63.5,0.));
#6277 = DIRECTION('',(1.,-0.,0.));
#6278 = DIRECTION('',(0.,1.,0.));
#6279 = ADVANCED_FACE('',(#6280),#6298,.F.);
#6280 = FACE_BOUND('',#6281,.F.);
#6281 = EDGE_LOOP('',(#6282,#6290,#6296,#6297));
#6282 = ORIENTED_EDGE('',*,*,#6283,.T.);
#6283 = EDGE_CURVE('',#5233,#6284,#6286,.T.);
#6284 = VERTEX_POINT('',#6285);
#6285 = CARTESIAN_POINT('',(116.5,-63.982902,-3.5E-02));
#6286 = LINE('',#6287,#6288);
#6287 = CARTESIAN_POINT('',(116.5,-63.982902,0.));
#6288 = VECTOR('',#6289,1.);
#6289 = DIRECTION('',(0.,0.,-1.));
#6290 = ORIENTED_EDGE('',*,*,#6291,.T.);
#6291 = EDGE_CURVE('',#6284,#6260,#6292,.T.);
#6292 = LINE('',#6293,#6294);
#6293 = CARTESIAN_POINT('',(116.5,-63.982902,-3.5E-02));
#6294 = VECTOR('',#6295,1.);
#6295 = DIRECTION('',(0.719298383657,0.69470125613,0.));
#6296 = ORIENTED_EDGE('',*,*,#6259,.F.);
#6297 = ORIENTED_EDGE('',*,*,#5240,.F.);
#6298 = PLANE('',#6299);
#6299 = AXIS2_PLACEMENT_3D('',#6300,#6301,#6302);
#6300 = CARTESIAN_POINT('',(116.5,-63.982902,0.));
#6301 = DIRECTION('',(0.69470125613,-0.719298383657,0.));
#6302 = DIRECTION('',(0.719298383657,0.69470125613,0.));
#6303 = ADVANCED_FACE('',(#6304),#6322,.F.);
#6304 = FACE_BOUND('',#6305,.F.);
#6305 = EDGE_LOOP('',(#6306,#6314,#6320,#6321));
#6306 = ORIENTED_EDGE('',*,*,#6307,.T.);
#6307 = EDGE_CURVE('',#5225,#6308,#6310,.T.);
#6308 = VERTEX_POINT('',#6309);
#6309 = CARTESIAN_POINT('',(112.,-64.077831,-3.5E-02));
#6310 = LINE('',#6311,#6312);
#6311 = CARTESIAN_POINT('',(112.,-64.077831,0.));
#6312 = VECTOR('',#6313,1.);
#6313 = DIRECTION('',(0.,0.,-1.));
#6314 = ORIENTED_EDGE('',*,*,#6315,.T.);
#6315 = EDGE_CURVE('',#6308,#6284,#6316,.T.);
#6316 = LINE('',#6317,#6318);
#6317 = CARTESIAN_POINT('',(112.,-64.077831,-3.5E-02));
#6318 = VECTOR('',#6319,1.);
#6319 = DIRECTION('',(0.999777567692,2.109064104965E-02,0.));
#6320 = ORIENTED_EDGE('',*,*,#6283,.F.);
#6321 = ORIENTED_EDGE('',*,*,#5232,.F.);
#6322 = PLANE('',#6323);
#6323 = AXIS2_PLACEMENT_3D('',#6324,#6325,#6326);
#6324 = CARTESIAN_POINT('',(112.,-64.077831,0.));
#6325 = DIRECTION('',(2.109064104965E-02,-0.999777567692,0.));
#6326 = DIRECTION('',(0.999777567692,2.109064104965E-02,0.));
#6327 = ADVANCED_FACE('',(#6328),#6346,.F.);
#6328 = FACE_BOUND('',#6329,.F.);
#6329 = EDGE_LOOP('',(#6330,#6338,#6344,#6345));
#6330 = ORIENTED_EDGE('',*,*,#6331,.T.);
#6331 = EDGE_CURVE('',#5217,#6332,#6334,.T.);
#6332 = VERTEX_POINT('',#6333);
#6333 = CARTESIAN_POINT('',(111.5,-63.651301,-3.5E-02));
#6334 = LINE('',#6335,#6336);
#6335 = CARTESIAN_POINT('',(111.5,-63.651301,0.));
#6336 = VECTOR('',#6337,1.);
#6337 = DIRECTION('',(0.,0.,-1.));
#6338 = ORIENTED_EDGE('',*,*,#6339,.T.);
#6339 = EDGE_CURVE('',#6332,#6308,#6340,.T.);
#6340 = LINE('',#6341,#6342);
#6341 = CARTESIAN_POINT('',(111.5,-63.651301,-3.5E-02));
#6342 = VECTOR('',#6343,1.);
#6343 = DIRECTION('',(0.76078931617,-0.648998934052,0.));
#6344 = ORIENTED_EDGE('',*,*,#6307,.F.);
#6345 = ORIENTED_EDGE('',*,*,#5224,.F.);
#6346 = PLANE('',#6347);
#6347 = AXIS2_PLACEMENT_3D('',#6348,#6349,#6350);
#6348 = CARTESIAN_POINT('',(111.5,-63.651301,0.));
#6349 = DIRECTION('',(-0.648998934052,-0.76078931617,-0.));
#6350 = DIRECTION('',(0.76078931617,-0.648998934052,0.));
#6351 = ADVANCED_FACE('',(#6352),#6370,.F.);
#6352 = FACE_BOUND('',#6353,.F.);
#6353 = EDGE_LOOP('',(#6354,#6362,#6368,#6369));
#6354 = ORIENTED_EDGE('',*,*,#6355,.T.);
#6355 = EDGE_CURVE('',#5209,#6356,#6358,.T.);
#6356 = VERTEX_POINT('',#6357);
#6357 = CARTESIAN_POINT('',(111.5,-61.504764,-3.5E-02));
#6358 = LINE('',#6359,#6360);
#6359 = CARTESIAN_POINT('',(111.5,-61.504764,0.));
#6360 = VECTOR('',#6361,1.);
#6361 = DIRECTION('',(0.,0.,-1.));
#6362 = ORIENTED_EDGE('',*,*,#6363,.T.);
#6363 = EDGE_CURVE('',#6356,#6332,#6364,.T.);
#6364 = LINE('',#6365,#6366);
#6365 = CARTESIAN_POINT('',(111.5,-61.504764,-3.5E-02));
#6366 = VECTOR('',#6367,1.);
#6367 = DIRECTION('',(0.,-1.,0.));
#6368 = ORIENTED_EDGE('',*,*,#6331,.F.);
#6369 = ORIENTED_EDGE('',*,*,#5216,.F.);
#6370 = PLANE('',#6371);
#6371 = AXIS2_PLACEMENT_3D('',#6372,#6373,#6374);
#6372 = CARTESIAN_POINT('',(111.5,-61.504764,0.));
#6373 = DIRECTION('',(-1.,-0.,-0.));
#6374 = DIRECTION('',(0.,-1.,0.));
#6375 = ADVANCED_FACE('',(#6376),#6394,.F.);
#6376 = FACE_BOUND('',#6377,.F.);
#6377 = EDGE_LOOP('',(#6378,#6386,#6392,#6393));
#6378 = ORIENTED_EDGE('',*,*,#6379,.T.);
#6379 = EDGE_CURVE('',#5201,#6380,#6382,.T.);
#6380 = VERTEX_POINT('',#6381);
#6381 = CARTESIAN_POINT('',(111.496632,-61.496632,-3.5E-02));
#6382 = LINE('',#6383,#6384);
#6383 = CARTESIAN_POINT('',(111.496632,-61.496632,0.));
#6384 = VECTOR('',#6385,1.);
#6385 = DIRECTION('',(0.,0.,-1.));
#6386 = ORIENTED_EDGE('',*,*,#6387,.T.);
#6387 = EDGE_CURVE('',#6380,#6356,#6388,.T.);
#6388 = LINE('',#6389,#6390);
#6389 = CARTESIAN_POINT('',(111.496632,-61.496632,-3.5E-02));
#6390 = VECTOR('',#6391,1.);
#6391 = DIRECTION('',(0.382646127147,-0.923894983956,0.));
#6392 = ORIENTED_EDGE('',*,*,#6355,.F.);
#6393 = ORIENTED_EDGE('',*,*,#5208,.F.);
#6394 = PLANE('',#6395);
#6395 = AXIS2_PLACEMENT_3D('',#6396,#6397,#6398);
#6396 = CARTESIAN_POINT('',(111.496632,-61.496632,0.));
#6397 = DIRECTION('',(-0.923894983956,-0.382646127147,-0.));
#6398 = DIRECTION('',(0.382646127147,-0.923894983956,0.));
#6399 = ADVANCED_FACE('',(#6400),#6418,.F.);
#6400 = FACE_BOUND('',#6401,.F.);
#6401 = EDGE_LOOP('',(#6402,#6410,#6416,#6417));
#6402 = ORIENTED_EDGE('',*,*,#6403,.T.);
#6403 = EDGE_CURVE('',#5193,#6404,#6406,.T.);
#6404 = VERTEX_POINT('',#6405);
#6405 = CARTESIAN_POINT('',(111.003368,-61.003368,-3.5E-02));
#6406 = LINE('',#6407,#6408);
#6407 = CARTESIAN_POINT('',(111.003368,-61.003368,0.));
#6408 = VECTOR('',#6409,1.);
#6409 = DIRECTION('',(0.,0.,-1.));
#6410 = ORIENTED_EDGE('',*,*,#6411,.T.);
#6411 = EDGE_CURVE('',#6404,#6380,#6412,.T.);
#6412 = LINE('',#6413,#6414);
#6413 = CARTESIAN_POINT('',(111.003368,-61.003368,-3.5E-02));
#6414 = VECTOR('',#6415,1.);
#6415 = DIRECTION('',(0.707106781187,-0.707106781187,0.));
#6416 = ORIENTED_EDGE('',*,*,#6379,.F.);
#6417 = ORIENTED_EDGE('',*,*,#5200,.F.);
#6418 = PLANE('',#6419);
#6419 = AXIS2_PLACEMENT_3D('',#6420,#6421,#6422);
#6420 = CARTESIAN_POINT('',(111.003368,-61.003368,0.));
#6421 = DIRECTION('',(-0.707106781187,-0.707106781187,-0.));
#6422 = DIRECTION('',(0.707106781187,-0.707106781187,0.));
#6423 = ADVANCED_FACE('',(#6424),#6442,.F.);
#6424 = FACE_BOUND('',#6425,.F.);
#6425 = EDGE_LOOP('',(#6426,#6434,#6440,#6441));
#6426 = ORIENTED_EDGE('',*,*,#6427,.T.);
#6427 = EDGE_CURVE('',#5185,#6428,#6430,.T.);
#6428 = VERTEX_POINT('',#6429);
#6429 = CARTESIAN_POINT('',(110.995236,-61.,-3.5E-02));
#6430 = LINE('',#6431,#6432);
#6431 = CARTESIAN_POINT('',(110.995236,-61.,0.));
#6432 = VECTOR('',#6433,1.);
#6433 = DIRECTION('',(0.,0.,-1.));
#6434 = ORIENTED_EDGE('',*,*,#6435,.T.);
#6435 = EDGE_CURVE('',#6428,#6404,#6436,.T.);
#6436 = LINE('',#6437,#6438);
#6437 = CARTESIAN_POINT('',(110.995236,-61.,-3.5E-02));
#6438 = VECTOR('',#6439,1.);
#6439 = DIRECTION('',(0.923894983956,-0.382646127148,0.));
#6440 = ORIENTED_EDGE('',*,*,#6403,.F.);
#6441 = ORIENTED_EDGE('',*,*,#5192,.F.);
#6442 = PLANE('',#6443);
#6443 = AXIS2_PLACEMENT_3D('',#6444,#6445,#6446);
#6444 = CARTESIAN_POINT('',(110.995236,-61.,0.));
#6445 = DIRECTION('',(-0.382646127148,-0.923894983956,-0.));
#6446 = DIRECTION('',(0.923894983956,-0.382646127148,0.));
#6447 = ADVANCED_FACE('',(#6448),#6466,.F.);
#6448 = FACE_BOUND('',#6449,.F.);
#6449 = EDGE_LOOP('',(#6450,#6458,#6464,#6465));
#6450 = ORIENTED_EDGE('',*,*,#6451,.T.);
#6451 = EDGE_CURVE('',#5177,#6452,#6454,.T.);
#6452 = VERTEX_POINT('',#6453);
#6453 = CARTESIAN_POINT('',(103.004764,-61.,-3.5E-02));
#6454 = LINE('',#6455,#6456);
#6455 = CARTESIAN_POINT('',(103.004764,-61.,0.));
#6456 = VECTOR('',#6457,1.);
#6457 = DIRECTION('',(0.,0.,-1.));
#6458 = ORIENTED_EDGE('',*,*,#6459,.T.);
#6459 = EDGE_CURVE('',#6452,#6428,#6460,.T.);
#6460 = LINE('',#6461,#6462);
#6461 = CARTESIAN_POINT('',(103.004764,-61.,-3.5E-02));
#6462 = VECTOR('',#6463,1.);
#6463 = DIRECTION('',(1.,0.,0.));
#6464 = ORIENTED_EDGE('',*,*,#6427,.F.);
#6465 = ORIENTED_EDGE('',*,*,#5184,.F.);
#6466 = PLANE('',#6467);
#6467 = AXIS2_PLACEMENT_3D('',#6468,#6469,#6470);
#6468 = CARTESIAN_POINT('',(103.004764,-61.,0.));
#6469 = DIRECTION('',(0.,-1.,0.));
#6470 = DIRECTION('',(1.,0.,0.));
#6471 = ADVANCED_FACE('',(#6472),#6483,.F.);
#6472 = FACE_BOUND('',#6473,.F.);
#6473 = EDGE_LOOP('',(#6474,#6475,#6481,#6482));
#6474 = ORIENTED_EDGE('',*,*,#5769,.T.);
#6475 = ORIENTED_EDGE('',*,*,#6476,.T.);
#6476 = EDGE_CURVE('',#5762,#6452,#6477,.T.);
#6477 = LINE('',#6478,#6479);
#6478 = CARTESIAN_POINT('',(102.996632,-61.003368,-3.5E-02));
#6479 = VECTOR('',#6480,1.);
#6480 = DIRECTION('',(0.923894983956,0.382646127148,0.));
#6481 = ORIENTED_EDGE('',*,*,#6451,.F.);
#6482 = ORIENTED_EDGE('',*,*,#5176,.F.);
#6483 = PLANE('',#6484);
#6484 = AXIS2_PLACEMENT_3D('',#6485,#6486,#6487);
#6485 = CARTESIAN_POINT('',(102.996632,-61.003368,0.));
#6486 = DIRECTION('',(0.382646127148,-0.923894983956,0.));
#6487 = DIRECTION('',(0.923894983956,0.382646127148,0.));
#6488 = ADVANCED_FACE('',(#6489),#6497,.F.);
#6489 = FACE_BOUND('',#6490,.F.);
#6490 = EDGE_LOOP('',(#6491,#6492,#6493,#6494,#6495,#6496));
#6491 = ORIENTED_EDGE('',*,*,#5430,.F.);
#6492 = ORIENTED_EDGE('',*,*,#5420,.F.);
#6493 = ORIENTED_EDGE('',*,*,#5463,.F.);
#6494 = ORIENTED_EDGE('',*,*,#5454,.F.);
#6495 = ORIENTED_EDGE('',*,*,#5446,.F.);
#6496 = ORIENTED_EDGE('',*,*,#5438,.F.);
#6497 = PLANE('',#6498);
#6498 = AXIS2_PLACEMENT_3D('',#6499,#6500,#6501);
#6499 = CARTESIAN_POINT('',(0.,0.,0.));
#6500 = DIRECTION('',(-0.,-0.,-1.));
#6501 = DIRECTION('',(-1.,0.,0.));
#6502 = ADVANCED_FACE('',(#6503),#6522,.F.);
#6503 = FACE_BOUND('',#6504,.F.);
#6504 = EDGE_LOOP('',(#6505,#6513,#6520,#6521));
#6505 = ORIENTED_EDGE('',*,*,#6506,.T.);
#6506 = EDGE_CURVE('',#5483,#6507,#6509,.T.);
#6507 = VERTEX_POINT('',#6508);
#6508 = CARTESIAN_POINT('',(124.813902,-71.75,-3.5E-02));
#6509 = LINE('',#6510,#6511);
#6510 = CARTESIAN_POINT('',(124.813902,-71.75,0.));
#6511 = VECTOR('',#6512,1.);
#6512 = DIRECTION('',(0.,0.,-1.));
#6513 = ORIENTED_EDGE('',*,*,#6514,.T.);
#6514 = EDGE_CURVE('',#6507,#6507,#6515,.T.);
#6515 = CIRCLE('',#6516,1.103903);
#6516 = AXIS2_PLACEMENT_3D('',#6517,#6518,#6519);
#6517 = CARTESIAN_POINT('',(123.709999,-71.75,-3.5E-02));
#6518 = DIRECTION('',(0.,0.,1.));
#6519 = DIRECTION('',(1.,0.,-0.));
#6520 = ORIENTED_EDGE('',*,*,#6506,.F.);
#6521 = ORIENTED_EDGE('',*,*,#5482,.F.);
#6522 = CYLINDRICAL_SURFACE('',#6523,1.103903);
#6523 = AXIS2_PLACEMENT_3D('',#6524,#6525,#6526);
#6524 = CARTESIAN_POINT('',(123.709999,-71.75,0.));
#6525 = DIRECTION('',(0.,0.,1.));
#6526 = DIRECTION('',(1.,0.,-0.));
#6527 = ADVANCED_FACE('',(#6528),#6534,.F.);
#6528 = FACE_BOUND('',#6529,.F.);
#6529 = EDGE_LOOP('',(#6530,#6531,#6532,#6533));
#6530 = ORIENTED_EDGE('',*,*,#5511,.F.);
#6531 = ORIENTED_EDGE('',*,*,#5503,.F.);
#6532 = ORIENTED_EDGE('',*,*,#5103,.F.);
#6533 = ORIENTED_EDGE('',*,*,#5493,.F.);
#6534 = PLANE('',#6535);
#6535 = AXIS2_PLACEMENT_3D('',#6536,#6537,#6538);
#6536 = CARTESIAN_POINT('',(0.,0.,0.));
#6537 = DIRECTION('',(-0.,-0.,-1.));
#6538 = DIRECTION('',(-1.,0.,0.));
#6539 = ADVANCED_FACE('',(#6540),#6559,.F.);
#6540 = FACE_BOUND('',#6541,.F.);
#6541 = EDGE_LOOP('',(#6542,#6550,#6557,#6558));
#6542 = ORIENTED_EDGE('',*,*,#6543,.T.);
#6543 = EDGE_CURVE('',#5520,#6544,#6546,.T.);
#6544 = VERTEX_POINT('',#6545);
#6545 = CARTESIAN_POINT('',(107.393902,-71.75,-3.5E-02));
#6546 = LINE('',#6547,#6548);
#6547 = CARTESIAN_POINT('',(107.393902,-71.75,0.));
#6548 = VECTOR('',#6549,1.);
#6549 = DIRECTION('',(0.,0.,-1.));
#6550 = ORIENTED_EDGE('',*,*,#6551,.T.);
#6551 = EDGE_CURVE('',#6544,#6544,#6552,.T.);
#6552 = CIRCLE('',#6553,1.103903);
#6553 = AXIS2_PLACEMENT_3D('',#6554,#6555,#6556);
#6554 = CARTESIAN_POINT('',(106.289999,-71.75,-3.5E-02));
#6555 = DIRECTION('',(0.,0.,1.));
#6556 = DIRECTION('',(1.,0.,-0.));
#6557 = ORIENTED_EDGE('',*,*,#6543,.F.);
#6558 = ORIENTED_EDGE('',*,*,#5519,.F.);
#6559 = CYLINDRICAL_SURFACE('',#6560,1.103903);
#6560 = AXIS2_PLACEMENT_3D('',#6561,#6562,#6563);
#6561 = CARTESIAN_POINT('',(106.289999,-71.75,0.));
#6562 = DIRECTION('',(0.,0.,1.));
#6563 = DIRECTION('',(1.,0.,-0.));
#6564 = ADVANCED_FACE('',(#6565),#6574,.F.);
#6565 = FACE_BOUND('',#6566,.F.);
#6566 = EDGE_LOOP('',(#6567,#6568,#6569,#6570,#6571,#6572,#6573));
#6567 = ORIENTED_EDGE('',*,*,#5584,.F.);
#6568 = ORIENTED_EDGE('',*,*,#5576,.F.);
#6569 = ORIENTED_EDGE('',*,*,#5121,.F.);
#6570 = ORIENTED_EDGE('',*,*,#5568,.F.);
#6571 = ORIENTED_EDGE('',*,*,#5560,.F.);
#6572 = ORIENTED_EDGE('',*,*,#5551,.F.);
#6573 = ORIENTED_EDGE('',*,*,#5541,.F.);
#6574 = PLANE('',#6575);
#6575 = AXIS2_PLACEMENT_3D('',#6576,#6577,#6578);
#6576 = CARTESIAN_POINT('',(0.,0.,0.));
#6577 = DIRECTION('',(-0.,-0.,-1.));
#6578 = DIRECTION('',(-1.,0.,0.));
#6579 = ADVANCED_FACE('',(#6580),#6587,.F.);
#6580 = FACE_BOUND('',#6581,.F.);
#6581 = EDGE_LOOP('',(#6582,#6583,#6584,#6585,#6586));
#6582 = ORIENTED_EDGE('',*,*,#5592,.F.);
#6583 = ORIENTED_EDGE('',*,*,#5627,.F.);
#6584 = ORIENTED_EDGE('',*,*,#5619,.F.);
#6585 = ORIENTED_EDGE('',*,*,#5610,.F.);
#6586 = ORIENTED_EDGE('',*,*,#5602,.F.);
#6587 = PLANE('',#6588);
#6588 = AXIS2_PLACEMENT_3D('',#6589,#6590,#6591);
#6589 = CARTESIAN_POINT('',(0.,0.,0.));
#6590 = DIRECTION('',(-0.,-0.,-1.));
#6591 = DIRECTION('',(-1.,0.,0.));
#6592 = ADVANCED_FACE('',(#6593,#6642,#6693,#6704,#6707,#6741,#6744,
    #6755,#6814),#6857,.T.);
#6593 = FACE_BOUND('',#6594,.T.);
#6594 = EDGE_LOOP('',(#6595,#6596,#6597,#6598,#6599,#6600,#6601,#6602,
    #6603,#6604,#6605,#6606,#6607,#6608,#6609,#6610,#6618,#6624,#6625,
    #6626,#6627,#6628,#6629,#6630,#6631,#6632,#6633,#6634,#6635,#6636,
    #6637,#6638,#6639,#6640,#6641));
#6595 = ORIENTED_EDGE('',*,*,#5761,.T.);
#6596 = ORIENTED_EDGE('',*,*,#6476,.T.);
#6597 = ORIENTED_EDGE('',*,*,#6459,.T.);
#6598 = ORIENTED_EDGE('',*,*,#6435,.T.);
#6599 = ORIENTED_EDGE('',*,*,#6411,.T.);
#6600 = ORIENTED_EDGE('',*,*,#6387,.T.);
#6601 = ORIENTED_EDGE('',*,*,#6363,.T.);
#6602 = ORIENTED_EDGE('',*,*,#6339,.T.);
#6603 = ORIENTED_EDGE('',*,*,#6315,.T.);
#6604 = ORIENTED_EDGE('',*,*,#6291,.T.);
#6605 = ORIENTED_EDGE('',*,*,#6267,.T.);
#6606 = ORIENTED_EDGE('',*,*,#6243,.T.);
#6607 = ORIENTED_EDGE('',*,*,#6219,.T.);
#6608 = ORIENTED_EDGE('',*,*,#6194,.T.);
#6609 = ORIENTED_EDGE('',*,*,#5688,.T.);
#6610 = ORIENTED_EDGE('',*,*,#6611,.T.);
#6611 = EDGE_CURVE('',#5691,#6612,#6614,.T.);
#6612 = VERTEX_POINT('',#6613);
#6613 = CARTESIAN_POINT('',(118.85,-62.85,-3.5E-02));
#6614 = LINE('',#6615,#6616);
#6615 = CARTESIAN_POINT('',(117.15,-62.85,-3.5E-02));
#6616 = VECTOR('',#6617,1.);
#6617 = DIRECTION('',(1.,0.,0.));
#6618 = ORIENTED_EDGE('',*,*,#6619,.T.);
#6619 = EDGE_CURVE('',#6612,#5659,#6620,.T.);
#6620 = LINE('',#6621,#6622);
#6621 = CARTESIAN_POINT('',(118.85,-30.575,-3.5E-02));
#6622 = VECTOR('',#6623,1.);
#6623 = DIRECTION('',(0.,1.,0.));
#6624 = ORIENTED_EDGE('',*,*,#5666,.F.);
#6625 = ORIENTED_EDGE('',*,*,#6169,.T.);
#6626 = ORIENTED_EDGE('',*,*,#6152,.T.);
#6627 = ORIENTED_EDGE('',*,*,#6128,.T.);
#6628 = ORIENTED_EDGE('',*,*,#6104,.T.);
#6629 = ORIENTED_EDGE('',*,*,#6080,.T.);
#6630 = ORIENTED_EDGE('',*,*,#6056,.T.);
#6631 = ORIENTED_EDGE('',*,*,#6032,.T.);
#6632 = ORIENTED_EDGE('',*,*,#6008,.T.);
#6633 = ORIENTED_EDGE('',*,*,#5984,.T.);
#6634 = ORIENTED_EDGE('',*,*,#5960,.T.);
#6635 = ORIENTED_EDGE('',*,*,#5936,.T.);
#6636 = ORIENTED_EDGE('',*,*,#5912,.T.);
#6637 = ORIENTED_EDGE('',*,*,#5888,.T.);
#6638 = ORIENTED_EDGE('',*,*,#5864,.T.);
#6639 = ORIENTED_EDGE('',*,*,#5840,.T.);
#6640 = ORIENTED_EDGE('',*,*,#5816,.T.);
#6641 = ORIENTED_EDGE('',*,*,#5792,.T.);
#6642 = FACE_BOUND('',#6643,.T.);
#6643 = EDGE_LOOP('',(#6644,#6654,#6662,#6670,#6678,#6687));
#6644 = ORIENTED_EDGE('',*,*,#6645,.T.);
#6645 = EDGE_CURVE('',#6646,#6648,#6650,.T.);
#6646 = VERTEX_POINT('',#6647);
#6647 = CARTESIAN_POINT('',(126.057107,-72.649999,-3.5E-02));
#6648 = VERTEX_POINT('',#6649);
#6649 = CARTESIAN_POINT('',(127.15,-72.649999,-3.5E-02));
#6650 = LINE('',#6651,#6652);
#6651 = CARTESIAN_POINT('',(126.057107,-72.649999,-3.5E-02));
#6652 = VECTOR('',#6653,1.);
#6653 = DIRECTION('',(1.,0.,0.));
#6654 = ORIENTED_EDGE('',*,*,#6655,.T.);
#6655 = EDGE_CURVE('',#6648,#6656,#6658,.T.);
#6656 = VERTEX_POINT('',#6657);
#6657 = CARTESIAN_POINT('',(127.149999,-70.85,-3.5E-02));
#6658 = LINE('',#6659,#6660);
#6659 = CARTESIAN_POINT('',(127.15,-72.649999,-3.5E-02));
#6660 = VECTOR('',#6661,1.);
#6661 = DIRECTION('',(-5.555558706899E-07,1.,0.));
#6662 = ORIENTED_EDGE('',*,*,#6663,.T.);
#6663 = EDGE_CURVE('',#6656,#6664,#6666,.T.);
#6664 = VERTEX_POINT('',#6665);
#6665 = CARTESIAN_POINT('',(126.75,-70.85,-3.5E-02));
#6666 = LINE('',#6667,#6668);
#6667 = CARTESIAN_POINT('',(127.149999,-70.85,-3.5E-02));
#6668 = VECTOR('',#6669,1.);
#6669 = DIRECTION('',(-1.,0.,0.));
#6670 = ORIENTED_EDGE('',*,*,#6671,.T.);
#6671 = EDGE_CURVE('',#6664,#6672,#6674,.T.);
#6672 = VERTEX_POINT('',#6673);
#6673 = CARTESIAN_POINT('',(126.75,-71.75,-3.5E-02));
#6674 = LINE('',#6675,#6676);
#6675 = CARTESIAN_POINT('',(126.75,-70.85,-3.5E-02));
#6676 = VECTOR('',#6677,1.);
#6677 = DIRECTION('',(0.,-1.,0.));
#6678 = ORIENTED_EDGE('',*,*,#6679,.T.);
#6679 = EDGE_CURVE('',#6672,#6680,#6682,.T.);
#6680 = VERTEX_POINT('',#6681);
#6681 = CARTESIAN_POINT('',(126.603553,-72.103553,-3.5E-02));
#6682 = CIRCLE('',#6683,0.499992432518);
#6683 = AXIS2_PLACEMENT_3D('',#6684,#6685,#6686);
#6684 = CARTESIAN_POINT('',(126.25000756748,-71.75000235338,-3.5E-02));
#6685 = DIRECTION('',(0.,0.,-1.));
#6686 = DIRECTION('',(0.999999999989,4.706832568646E-06,0.));
#6687 = ORIENTED_EDGE('',*,*,#6688,.T.);
#6688 = EDGE_CURVE('',#6680,#6646,#6689,.T.);
#6689 = LINE('',#6690,#6691);
#6690 = CARTESIAN_POINT('',(126.603553,-72.103553,-3.5E-02));
#6691 = VECTOR('',#6692,1.);
#6692 = DIRECTION('',(-0.707106781187,-0.707106781187,0.));
#6693 = FACE_BOUND('',#6694,.T.);
#6694 = EDGE_LOOP('',(#6695));
#6695 = ORIENTED_EDGE('',*,*,#6696,.T.);
#6696 = EDGE_CURVE('',#6697,#6697,#6699,.T.);
#6697 = VERTEX_POINT('',#6698);
#6698 = CARTESIAN_POINT('',(126.687392,-71.75,-3.5E-02));
#6699 = CIRCLE('',#6700,0.437392);
#6700 = AXIS2_PLACEMENT_3D('',#6701,#6702,#6703);
#6701 = CARTESIAN_POINT('',(126.25,-71.75,-3.5E-02));
#6702 = DIRECTION('',(0.,0.,1.));
#6703 = DIRECTION('',(1.,0.,-0.));
#6704 = FACE_BOUND('',#6705,.T.);
#6705 = EDGE_LOOP('',(#6706));
#6706 = ORIENTED_EDGE('',*,*,#6514,.T.);
#6707 = FACE_BOUND('',#6708,.T.);
#6708 = EDGE_LOOP('',(#6709,#6719,#6727,#6735));
#6709 = ORIENTED_EDGE('',*,*,#6710,.T.);
#6710 = EDGE_CURVE('',#6711,#6713,#6715,.T.);
#6711 = VERTEX_POINT('',#6712);
#6712 = CARTESIAN_POINT('',(125.75,-71.542894,-3.5E-02));
#6713 = VERTEX_POINT('',#6714);
#6714 = CARTESIAN_POINT('',(125.75,-70.85,-3.5E-02));
#6715 = LINE('',#6716,#6717);
#6716 = CARTESIAN_POINT('',(125.75,-71.542894,-3.5E-02));
#6717 = VECTOR('',#6718,1.);
#6718 = DIRECTION('',(0.,1.,0.));
#6719 = ORIENTED_EDGE('',*,*,#6720,.T.);
#6720 = EDGE_CURVE('',#6713,#6721,#6723,.T.);
#6721 = VERTEX_POINT('',#6722);
#6722 = CARTESIAN_POINT('',(125.35,-70.85,-3.5E-02));
#6723 = LINE('',#6724,#6725);
#6724 = CARTESIAN_POINT('',(62.675,-70.85,-3.5E-02));
#6725 = VECTOR('',#6726,1.);
#6726 = DIRECTION('',(-1.,0.,0.));
#6727 = ORIENTED_EDGE('',*,*,#6728,.T.);
#6728 = EDGE_CURVE('',#6721,#6729,#6731,.T.);
#6729 = VERTEX_POINT('',#6730);
#6730 = CARTESIAN_POINT('',(125.35,-71.942894,-3.5E-02));
#6731 = LINE('',#6732,#6733);
#6732 = CARTESIAN_POINT('',(125.35,-70.85,-3.5E-02));
#6733 = VECTOR('',#6734,1.);
#6734 = DIRECTION('',(0.,-1.,0.));
#6735 = ORIENTED_EDGE('',*,*,#6736,.T.);
#6736 = EDGE_CURVE('',#6729,#6711,#6737,.T.);
#6737 = LINE('',#6738,#6739);
#6738 = CARTESIAN_POINT('',(125.35,-71.942894,-3.5E-02));
#6739 = VECTOR('',#6740,1.);
#6740 = DIRECTION('',(0.707106781187,0.707106781187,0.));
#6741 = FACE_BOUND('',#6742,.T.);
#6742 = EDGE_LOOP('',(#6743));
#6743 = ORIENTED_EDGE('',*,*,#6551,.T.);
#6744 = FACE_BOUND('',#6745,.T.);
#6745 = EDGE_LOOP('',(#6746));
#6746 = ORIENTED_EDGE('',*,*,#6747,.T.);
#6747 = EDGE_CURVE('',#6748,#6748,#6750,.T.);
#6748 = VERTEX_POINT('',#6749);
#6749 = CARTESIAN_POINT('',(104.187392,-71.75,-3.5E-02));
#6750 = CIRCLE('',#6751,0.437392);
#6751 = AXIS2_PLACEMENT_3D('',#6752,#6753,#6754);
#6752 = CARTESIAN_POINT('',(103.75,-71.75,-3.5E-02));
#6753 = DIRECTION('',(0.,0.,1.));
#6754 = DIRECTION('',(1.,0.,-0.));
#6755 = FACE_BOUND('',#6756,.T.);
#6756 = EDGE_LOOP('',(#6757,#6767,#6776,#6784,#6792,#6800,#6808));
#6757 = ORIENTED_EDGE('',*,*,#6758,.T.);
#6758 = EDGE_CURVE('',#6759,#6761,#6763,.T.);
#6759 = VERTEX_POINT('',#6760);
#6760 = CARTESIAN_POINT('',(103.942893,-72.649999,-3.5E-02));
#6761 = VERTEX_POINT('',#6762);
#6762 = CARTESIAN_POINT('',(103.396447,-72.103553,-3.5E-02));
#6763 = LINE('',#6764,#6765);
#6764 = CARTESIAN_POINT('',(103.942893,-72.649999,-3.5E-02));
#6765 = VECTOR('',#6766,1.);
#6766 = DIRECTION('',(-0.707106781187,0.707106781187,0.));
#6767 = ORIENTED_EDGE('',*,*,#6768,.T.);
#6768 = EDGE_CURVE('',#6761,#6769,#6771,.T.);
#6769 = VERTEX_POINT('',#6770);
#6770 = CARTESIAN_POINT('',(103.558658,-71.28806,-3.5E-02));
#6771 = CIRCLE('',#6772,0.499999006433);
#6772 = AXIS2_PLACEMENT_3D('',#6773,#6774,#6775);
#6773 = CARTESIAN_POINT('',(103.74999854995,-71.74999917389,-3.5E-02));
#6774 = DIRECTION('',(0.,0.,-1.));
#6775 = DIRECTION('',(-0.707104505028,-0.707109057338,-0.));
#6776 = ORIENTED_EDGE('',*,*,#6777,.T.);
#6777 = EDGE_CURVE('',#6769,#6778,#6780,.T.);
#6778 = VERTEX_POINT('',#6779);
#6779 = CARTESIAN_POINT('',(103.63,-71.268943,-3.5E-02));
#6780 = LINE('',#6781,#6782);
#6781 = CARTESIAN_POINT('',(103.558658,-71.28806,-3.5E-02));
#6782 = VECTOR('',#6783,1.);
#6783 = DIRECTION('',(0.965922547279,0.258831282223,0.));
#6784 = ORIENTED_EDGE('',*,*,#6785,.T.);
#6785 = EDGE_CURVE('',#6778,#6786,#6788,.T.);
#6786 = VERTEX_POINT('',#6787);
#6787 = CARTESIAN_POINT('',(103.63,-70.85,-3.5E-02));
#6788 = LINE('',#6789,#6790);
#6789 = CARTESIAN_POINT('',(103.63,-71.268943,-3.5E-02));
#6790 = VECTOR('',#6791,1.);
#6791 = DIRECTION('',(0.,1.,0.));
#6792 = ORIENTED_EDGE('',*,*,#6793,.T.);
#6793 = EDGE_CURVE('',#6786,#6794,#6796,.T.);
#6794 = VERTEX_POINT('',#6795);
#6795 = CARTESIAN_POINT('',(102.85,-70.85,-3.5E-02));
#6796 = LINE('',#6797,#6798);
#6797 = CARTESIAN_POINT('',(51.425,-70.85,-3.5E-02));
#6798 = VECTOR('',#6799,1.);
#6799 = DIRECTION('',(-1.,0.,0.));
#6800 = ORIENTED_EDGE('',*,*,#6801,.T.);
#6801 = EDGE_CURVE('',#6794,#6802,#6804,.T.);
#6802 = VERTEX_POINT('',#6803);
#6803 = CARTESIAN_POINT('',(102.85,-72.649999,-3.5E-02));
#6804 = LINE('',#6805,#6806);
#6805 = CARTESIAN_POINT('',(102.85,-70.85,-3.5E-02));
#6806 = VECTOR('',#6807,1.);
#6807 = DIRECTION('',(0.,-1.,0.));
#6808 = ORIENTED_EDGE('',*,*,#6809,.T.);
#6809 = EDGE_CURVE('',#6802,#6759,#6810,.T.);
#6810 = LINE('',#6811,#6812);
#6811 = CARTESIAN_POINT('',(102.85,-72.649999,-3.5E-02));
#6812 = VECTOR('',#6813,1.);
#6813 = DIRECTION('',(1.,0.,0.));
#6814 = FACE_BOUND('',#6815,.T.);
#6815 = EDGE_LOOP('',(#6816,#6826,#6834,#6843,#6851));
#6816 = ORIENTED_EDGE('',*,*,#6817,.T.);
#6817 = EDGE_CURVE('',#6818,#6820,#6822,.T.);
#6818 = VERTEX_POINT('',#6819);
#6819 = CARTESIAN_POINT('',(104.649999,-70.85,-3.5E-02));
#6820 = VERTEX_POINT('',#6821);
#6821 = CARTESIAN_POINT('',(103.83,-70.85,-3.5E-02));
#6822 = LINE('',#6823,#6824);
#6823 = CARTESIAN_POINT('',(104.649999,-70.85,-3.5E-02));
#6824 = VECTOR('',#6825,1.);
#6825 = DIRECTION('',(-1.,0.,0.));
#6826 = ORIENTED_EDGE('',*,*,#6827,.T.);
#6827 = EDGE_CURVE('',#6820,#6828,#6830,.T.);
#6828 = VERTEX_POINT('',#6829);
#6829 = CARTESIAN_POINT('',(103.83,-71.258225,-3.5E-02));
#6830 = LINE('',#6831,#6832);
#6831 = CARTESIAN_POINT('',(103.83,-70.85,-3.5E-02));
#6832 = VECTOR('',#6833,1.);
#6833 = DIRECTION('',(0.,-1.,0.));
#6834 = ORIENTED_EDGE('',*,*,#6835,.T.);
#6835 = EDGE_CURVE('',#6828,#6836,#6838,.T.);
#6836 = VERTEX_POINT('',#6837);
#6837 = CARTESIAN_POINT('',(104.103553,-71.396447,-3.5E-02));
#6838 = CIRCLE('',#6839,0.476752539961);
#6839 = AXIS2_PLACEMENT_3D('',#6840,#6841,#6842);
#6840 = CARTESIAN_POINT('',(103.76317951295,-71.73027161514,-3.5E-02));
#6841 = DIRECTION('',(0.,0.,-1.));
#6842 = DIRECTION('',(0.140157590033,0.990129208718,0.));
#6843 = ORIENTED_EDGE('',*,*,#6844,.T.);
#6844 = EDGE_CURVE('',#6836,#6845,#6847,.T.);
#6845 = VERTEX_POINT('',#6846);
#6846 = CARTESIAN_POINT('',(104.649999,-71.942893,-3.5E-02));
#6847 = LINE('',#6848,#6849);
#6848 = CARTESIAN_POINT('',(104.103553,-71.396447,-3.5E-02));
#6849 = VECTOR('',#6850,1.);
#6850 = DIRECTION('',(0.707106781187,-0.707106781187,0.));
#6851 = ORIENTED_EDGE('',*,*,#6852,.T.);
#6852 = EDGE_CURVE('',#6845,#6818,#6853,.T.);
#6853 = LINE('',#6854,#6855);
#6854 = CARTESIAN_POINT('',(104.649999,-71.942893,-3.5E-02));
#6855 = VECTOR('',#6856,1.);
#6856 = DIRECTION('',(0.,1.,0.));
#6857 = PLANE('',#6858);
#6858 = AXIS2_PLACEMENT_3D('',#6859,#6860,#6861);
#6859 = CARTESIAN_POINT('',(0.,0.,-3.5E-02));
#6860 = DIRECTION('',(-0.,-0.,-1.));
#6861 = DIRECTION('',(-1.,0.,0.));
#6862 = ADVANCED_FACE('',(#6863),#6881,.F.);
#6863 = FACE_BOUND('',#6864,.F.);
#6864 = EDGE_LOOP('',(#6865,#6866,#6867,#6875));
#6865 = ORIENTED_EDGE('',*,*,#6619,.T.);
#6866 = ORIENTED_EDGE('',*,*,#5658,.T.);
#6867 = ORIENTED_EDGE('',*,*,#6868,.T.);
#6868 = EDGE_CURVE('',#5651,#6869,#6871,.T.);
#6869 = VERTEX_POINT('',#6870);
#6870 = CARTESIAN_POINT('',(118.85,-62.85,-4.E-02));
#6871 = LINE('',#6872,#6873);
#6872 = CARTESIAN_POINT('',(118.85,-61.15,-4.E-02));
#6873 = VECTOR('',#6874,1.);
#6874 = DIRECTION('',(0.,-1.,0.));
#6875 = ORIENTED_EDGE('',*,*,#6876,.F.);
#6876 = EDGE_CURVE('',#6612,#6869,#6877,.T.);
#6877 = LINE('',#6878,#6879);
#6878 = CARTESIAN_POINT('',(118.85,-62.85,0.));
#6879 = VECTOR('',#6880,1.);
#6880 = DIRECTION('',(0.,0.,-1.));
#6881 = PLANE('',#6882);
#6882 = AXIS2_PLACEMENT_3D('',#6883,#6884,#6885);
#6883 = CARTESIAN_POINT('',(118.85,-61.15,0.));
#6884 = DIRECTION('',(-1.,-0.,-0.));
#6885 = DIRECTION('',(0.,-1.,0.));
#6886 = ADVANCED_FACE('',(#6887,#6898),#6901,.T.);
#6887 = FACE_BOUND('',#6888,.T.);
#6888 = EDGE_LOOP('',(#6889,#6890,#6891,#6892));
#6889 = ORIENTED_EDGE('',*,*,#5706,.T.);
#6890 = ORIENTED_EDGE('',*,*,#5650,.T.);
#6891 = ORIENTED_EDGE('',*,*,#6868,.T.);
#6892 = ORIENTED_EDGE('',*,*,#6893,.T.);
#6893 = EDGE_CURVE('',#6869,#5699,#6894,.T.);
#6894 = LINE('',#6895,#6896);
#6895 = CARTESIAN_POINT('',(118.85,-62.85,-4.E-02));
#6896 = VECTOR('',#6897,1.);
#6897 = DIRECTION('',(-1.,0.,0.));
#6898 = FACE_BOUND('',#6899,.T.);
#6899 = EDGE_LOOP('',(#6900));
#6900 = ORIENTED_EDGE('',*,*,#5728,.F.);
#6901 = PLANE('',#6902);
#6902 = AXIS2_PLACEMENT_3D('',#6903,#6904,#6905);
#6903 = CARTESIAN_POINT('',(0.,0.,-4.E-02));
#6904 = DIRECTION('',(-0.,-0.,-1.));
#6905 = DIRECTION('',(-1.,0.,0.));
#6906 = ADVANCED_FACE('',(#6907),#6913,.F.);
#6907 = FACE_BOUND('',#6908,.F.);
#6908 = EDGE_LOOP('',(#6909,#6910,#6911,#6912));
#6909 = ORIENTED_EDGE('',*,*,#6611,.T.);
#6910 = ORIENTED_EDGE('',*,*,#6876,.T.);
#6911 = ORIENTED_EDGE('',*,*,#6893,.T.);
#6912 = ORIENTED_EDGE('',*,*,#5698,.F.);
#6913 = PLANE('',#6914);
#6914 = AXIS2_PLACEMENT_3D('',#6915,#6916,#6917);
#6915 = CARTESIAN_POINT('',(118.85,-62.85,0.));
#6916 = DIRECTION('',(0.,1.,0.));
#6917 = DIRECTION('',(-1.,0.,0.));
#6918 = ADVANCED_FACE('',(#6919),#6935,.F.);
#6919 = FACE_BOUND('',#6920,.F.);
#6920 = EDGE_LOOP('',(#6921,#6927,#6928,#6934));
#6921 = ORIENTED_EDGE('',*,*,#6922,.T.);
#6922 = EDGE_CURVE('',#5421,#6646,#6923,.T.);
#6923 = LINE('',#6924,#6925);
#6924 = CARTESIAN_POINT('',(126.057107,-72.649999,0.));
#6925 = VECTOR('',#6926,1.);
#6926 = DIRECTION('',(0.,0.,-1.));
#6927 = ORIENTED_EDGE('',*,*,#6645,.T.);
#6928 = ORIENTED_EDGE('',*,*,#6929,.F.);
#6929 = EDGE_CURVE('',#5423,#6648,#6930,.T.);
#6930 = LINE('',#6931,#6932);
#6931 = CARTESIAN_POINT('',(127.15,-72.649999,0.));
#6932 = VECTOR('',#6933,1.);
#6933 = DIRECTION('',(0.,0.,-1.));
#6934 = ORIENTED_EDGE('',*,*,#5420,.F.);
#6935 = PLANE('',#6936);
#6936 = AXIS2_PLACEMENT_3D('',#6937,#6938,#6939);
#6937 = CARTESIAN_POINT('',(126.057107,-72.649999,0.));
#6938 = DIRECTION('',(0.,-1.,0.));
#6939 = DIRECTION('',(1.,0.,0.));
#6940 = ADVANCED_FACE('',(#6941),#6952,.F.);
#6941 = FACE_BOUND('',#6942,.F.);
#6942 = EDGE_LOOP('',(#6943,#6949,#6950,#6951));
#6943 = ORIENTED_EDGE('',*,*,#6944,.T.);
#6944 = EDGE_CURVE('',#5455,#6680,#6945,.T.);
#6945 = LINE('',#6946,#6947);
#6946 = CARTESIAN_POINT('',(126.603553,-72.103553,0.));
#6947 = VECTOR('',#6948,1.);
#6948 = DIRECTION('',(0.,0.,-1.));
#6949 = ORIENTED_EDGE('',*,*,#6688,.T.);
#6950 = ORIENTED_EDGE('',*,*,#6922,.F.);
#6951 = ORIENTED_EDGE('',*,*,#5463,.F.);
#6952 = PLANE('',#6953);
#6953 = AXIS2_PLACEMENT_3D('',#6954,#6955,#6956);
#6954 = CARTESIAN_POINT('',(126.603553,-72.103553,0.));
#6955 = DIRECTION('',(-0.707106781187,0.707106781187,0.));
#6956 = DIRECTION('',(-0.707106781187,-0.707106781187,0.));
#6957 = ADVANCED_FACE('',(#6958),#6969,.T.);
#6958 = FACE_BOUND('',#6959,.F.);
#6959 = EDGE_LOOP('',(#6960,#6966,#6967,#6968));
#6960 = ORIENTED_EDGE('',*,*,#6961,.T.);
#6961 = EDGE_CURVE('',#5447,#6672,#6962,.T.);
#6962 = LINE('',#6963,#6964);
#6963 = CARTESIAN_POINT('',(126.75,-71.75,0.));
#6964 = VECTOR('',#6965,1.);
#6965 = DIRECTION('',(0.,0.,-1.));
#6966 = ORIENTED_EDGE('',*,*,#6679,.T.);
#6967 = ORIENTED_EDGE('',*,*,#6944,.F.);
#6968 = ORIENTED_EDGE('',*,*,#5454,.F.);
#6969 = CYLINDRICAL_SURFACE('',#6970,0.499992432518);
#6970 = AXIS2_PLACEMENT_3D('',#6971,#6972,#6973);
#6971 = CARTESIAN_POINT('',(126.25000756748,-71.75000235338,0.));
#6972 = DIRECTION('',(-0.,-0.,1.));
#6973 = DIRECTION('',(0.999999999989,4.706832568646E-06,0.));
#6974 = ADVANCED_FACE('',(#6975),#6986,.F.);
#6975 = FACE_BOUND('',#6976,.F.);
#6976 = EDGE_LOOP('',(#6977,#6983,#6984,#6985));
#6977 = ORIENTED_EDGE('',*,*,#6978,.T.);
#6978 = EDGE_CURVE('',#5439,#6664,#6979,.T.);
#6979 = LINE('',#6980,#6981);
#6980 = CARTESIAN_POINT('',(126.75,-70.85,0.));
#6981 = VECTOR('',#6982,1.);
#6982 = DIRECTION('',(0.,0.,-1.));
#6983 = ORIENTED_EDGE('',*,*,#6671,.T.);
#6984 = ORIENTED_EDGE('',*,*,#6961,.F.);
#6985 = ORIENTED_EDGE('',*,*,#5446,.F.);
#6986 = PLANE('',#6987);
#6987 = AXIS2_PLACEMENT_3D('',#6988,#6989,#6990);
#6988 = CARTESIAN_POINT('',(126.75,-70.85,0.));
#6989 = DIRECTION('',(-1.,-0.,-0.));
#6990 = DIRECTION('',(0.,-1.,0.));
#6991 = ADVANCED_FACE('',(#6992),#7038,.F.);
#6992 = FACE_BOUND('',#6993,.F.);
#6993 = EDGE_LOOP('',(#6994,#6995,#7003,#7011,#7019,#7025,#7031,#7032));
#6994 = ORIENTED_EDGE('',*,*,#6720,.T.);
#6995 = ORIENTED_EDGE('',*,*,#6996,.T.);
#6996 = EDGE_CURVE('',#6721,#6997,#6999,.T.);
#6997 = VERTEX_POINT('',#6998);
#6998 = CARTESIAN_POINT('',(125.35,-70.85,-4.E-02));
#6999 = LINE('',#7000,#7001);
#7000 = CARTESIAN_POINT('',(125.35,-70.85,0.));
#7001 = VECTOR('',#7002,1.);
#7002 = DIRECTION('',(0.,0.,-1.));
#7003 = ORIENTED_EDGE('',*,*,#7004,.T.);
#7004 = EDGE_CURVE('',#6997,#7005,#7007,.T.);
#7005 = VERTEX_POINT('',#7006);
#7006 = CARTESIAN_POINT('',(127.15,-70.85,-4.E-02));
#7007 = LINE('',#7008,#7009);
#7008 = CARTESIAN_POINT('',(125.35,-70.85,-4.E-02));
#7009 = VECTOR('',#7010,1.);
#7010 = DIRECTION('',(1.,0.,0.));
#7011 = ORIENTED_EDGE('',*,*,#7012,.F.);
#7012 = EDGE_CURVE('',#7013,#7005,#7015,.T.);
#7013 = VERTEX_POINT('',#7014);
#7014 = CARTESIAN_POINT('',(127.15,-70.85,0.));
#7015 = LINE('',#7016,#7017);
#7016 = CARTESIAN_POINT('',(127.15,-70.85,0.));
#7017 = VECTOR('',#7018,1.);
#7018 = DIRECTION('',(0.,0.,-1.));
#7019 = ORIENTED_EDGE('',*,*,#7020,.F.);
#7020 = EDGE_CURVE('',#5431,#7013,#7021,.T.);
#7021 = LINE('',#7022,#7023);
#7022 = CARTESIAN_POINT('',(125.35,-70.85,0.));
#7023 = VECTOR('',#7024,1.);
#7024 = DIRECTION('',(1.,0.,0.));
#7025 = ORIENTED_EDGE('',*,*,#7026,.T.);
#7026 = EDGE_CURVE('',#5431,#6656,#7027,.T.);
#7027 = LINE('',#7028,#7029);
#7028 = CARTESIAN_POINT('',(127.149999,-70.85,0.));
#7029 = VECTOR('',#7030,1.);
#7030 = DIRECTION('',(0.,0.,-1.));
#7031 = ORIENTED_EDGE('',*,*,#6663,.T.);
#7032 = ORIENTED_EDGE('',*,*,#7033,.T.);
#7033 = EDGE_CURVE('',#6664,#6713,#7034,.T.);
#7034 = LINE('',#7035,#7036);
#7035 = CARTESIAN_POINT('',(62.675,-70.85,-3.5E-02));
#7036 = VECTOR('',#7037,1.);
#7037 = DIRECTION('',(-1.,0.,0.));
#7038 = PLANE('',#7039);
#7039 = AXIS2_PLACEMENT_3D('',#7040,#7041,#7042);
#7040 = CARTESIAN_POINT('',(125.35,-70.85,0.));
#7041 = DIRECTION('',(0.,-1.,0.));
#7042 = DIRECTION('',(1.,0.,0.));
#7043 = ADVANCED_FACE('',(#7044),#7050,.F.);
#7044 = FACE_BOUND('',#7045,.F.);
#7045 = EDGE_LOOP('',(#7046,#7047,#7048,#7049));
#7046 = ORIENTED_EDGE('',*,*,#6929,.T.);
#7047 = ORIENTED_EDGE('',*,*,#6655,.T.);
#7048 = ORIENTED_EDGE('',*,*,#7026,.F.);
#7049 = ORIENTED_EDGE('',*,*,#5430,.F.);
#7050 = PLANE('',#7051);
#7051 = AXIS2_PLACEMENT_3D('',#7052,#7053,#7054);
#7052 = CARTESIAN_POINT('',(127.15,-72.649999,0.));
#7053 = DIRECTION('',(1.,5.555558706899E-07,0.));
#7054 = DIRECTION('',(-5.555558706899E-07,1.,0.));
#7055 = ADVANCED_FACE('',(#7056),#7075,.F.);
#7056 = FACE_BOUND('',#7057,.F.);
#7057 = EDGE_LOOP('',(#7058,#7066,#7067,#7068));
#7058 = ORIENTED_EDGE('',*,*,#7059,.T.);
#7059 = EDGE_CURVE('',#7060,#6697,#7062,.T.);
#7060 = VERTEX_POINT('',#7061);
#7061 = CARTESIAN_POINT('',(126.687392,-71.75,0.));
#7062 = LINE('',#7063,#7064);
#7063 = CARTESIAN_POINT('',(126.687392,-71.75,0.));
#7064 = VECTOR('',#7065,1.);
#7065 = DIRECTION('',(0.,0.,-1.));
#7066 = ORIENTED_EDGE('',*,*,#6696,.T.);
#7067 = ORIENTED_EDGE('',*,*,#7059,.F.);
#7068 = ORIENTED_EDGE('',*,*,#7069,.F.);
#7069 = EDGE_CURVE('',#7060,#7060,#7070,.T.);
#7070 = CIRCLE('',#7071,0.437392);
#7071 = AXIS2_PLACEMENT_3D('',#7072,#7073,#7074);
#7072 = CARTESIAN_POINT('',(126.25,-71.75,0.));
#7073 = DIRECTION('',(0.,0.,1.));
#7074 = DIRECTION('',(1.,0.,-0.));
#7075 = CYLINDRICAL_SURFACE('',#7076,0.437392);
#7076 = AXIS2_PLACEMENT_3D('',#7077,#7078,#7079);
#7077 = CARTESIAN_POINT('',(126.25,-71.75,0.));
#7078 = DIRECTION('',(0.,0.,1.));
#7079 = DIRECTION('',(1.,0.,-0.));
#7080 = ADVANCED_FACE('',(#7081),#7097,.F.);
#7081 = FACE_BOUND('',#7082,.F.);
#7082 = EDGE_LOOP('',(#7083,#7089,#7090,#7096));
#7083 = ORIENTED_EDGE('',*,*,#7084,.T.);
#7084 = EDGE_CURVE('',#5494,#6711,#7085,.T.);
#7085 = LINE('',#7086,#7087);
#7086 = CARTESIAN_POINT('',(125.75,-71.542894,0.));
#7087 = VECTOR('',#7088,1.);
#7088 = DIRECTION('',(0.,0.,-1.));
#7089 = ORIENTED_EDGE('',*,*,#6710,.T.);
#7090 = ORIENTED_EDGE('',*,*,#7091,.F.);
#7091 = EDGE_CURVE('',#5096,#6713,#7092,.T.);
#7092 = LINE('',#7093,#7094);
#7093 = CARTESIAN_POINT('',(125.75,-70.85,0.));
#7094 = VECTOR('',#7095,1.);
#7095 = DIRECTION('',(0.,0.,-1.));
#7096 = ORIENTED_EDGE('',*,*,#5493,.F.);
#7097 = PLANE('',#7098);
#7098 = AXIS2_PLACEMENT_3D('',#7099,#7100,#7101);
#7099 = CARTESIAN_POINT('',(125.75,-71.542894,0.));
#7100 = DIRECTION('',(1.,-0.,0.));
#7101 = DIRECTION('',(0.,1.,0.));
#7102 = ADVANCED_FACE('',(#7103),#7114,.F.);
#7103 = FACE_BOUND('',#7104,.F.);
#7104 = EDGE_LOOP('',(#7105,#7111,#7112,#7113));
#7105 = ORIENTED_EDGE('',*,*,#7106,.T.);
#7106 = EDGE_CURVE('',#5504,#6729,#7107,.T.);
#7107 = LINE('',#7108,#7109);
#7108 = CARTESIAN_POINT('',(125.35,-71.942894,0.));
#7109 = VECTOR('',#7110,1.);
#7110 = DIRECTION('',(0.,0.,-1.));
#7111 = ORIENTED_EDGE('',*,*,#6736,.T.);
#7112 = ORIENTED_EDGE('',*,*,#7084,.F.);
#7113 = ORIENTED_EDGE('',*,*,#5511,.F.);
#7114 = PLANE('',#7115);
#7115 = AXIS2_PLACEMENT_3D('',#7116,#7117,#7118);
#7116 = CARTESIAN_POINT('',(125.35,-71.942894,0.));
#7117 = DIRECTION('',(0.707106781187,-0.707106781187,0.));
#7118 = DIRECTION('',(0.707106781187,0.707106781187,0.));
#7119 = ADVANCED_FACE('',(#7120),#7146,.F.);
#7120 = FACE_BOUND('',#7121,.F.);
#7121 = EDGE_LOOP('',(#7122,#7130,#7138,#7144,#7145));
#7122 = ORIENTED_EDGE('',*,*,#7123,.T.);
#7123 = EDGE_CURVE('',#6729,#7124,#7126,.T.);
#7124 = VERTEX_POINT('',#7125);
#7125 = CARTESIAN_POINT('',(125.35,-72.65,-3.5E-02));
#7126 = LINE('',#7127,#7128);
#7127 = CARTESIAN_POINT('',(125.35,-36.325,-3.5E-02));
#7128 = VECTOR('',#7129,1.);
#7129 = DIRECTION('',(-0.,-1.,0.));
#7130 = ORIENTED_EDGE('',*,*,#7131,.T.);
#7131 = EDGE_CURVE('',#7124,#7132,#7134,.T.);
#7132 = VERTEX_POINT('',#7133);
#7133 = CARTESIAN_POINT('',(125.35,-72.65,-4.E-02));
#7134 = LINE('',#7135,#7136);
#7135 = CARTESIAN_POINT('',(125.35,-72.65,0.));
#7136 = VECTOR('',#7137,1.);
#7137 = DIRECTION('',(0.,0.,-1.));
#7138 = ORIENTED_EDGE('',*,*,#7139,.T.);
#7139 = EDGE_CURVE('',#7132,#6997,#7140,.T.);
#7140 = LINE('',#7141,#7142);
#7141 = CARTESIAN_POINT('',(125.35,-72.65,-4.E-02));
#7142 = VECTOR('',#7143,1.);
#7143 = DIRECTION('',(0.,1.,0.));
#7144 = ORIENTED_EDGE('',*,*,#6996,.F.);
#7145 = ORIENTED_EDGE('',*,*,#6728,.T.);
#7146 = PLANE('',#7147);
#7147 = AXIS2_PLACEMENT_3D('',#7148,#7149,#7150);
#7148 = CARTESIAN_POINT('',(125.35,-72.65,0.));
#7149 = DIRECTION('',(1.,-0.,0.));
#7150 = DIRECTION('',(0.,1.,0.));
#7151 = ADVANCED_FACE('',(#7152),#7171,.F.);
#7152 = FACE_BOUND('',#7153,.F.);
#7153 = EDGE_LOOP('',(#7154,#7162,#7163,#7164));
#7154 = ORIENTED_EDGE('',*,*,#7155,.T.);
#7155 = EDGE_CURVE('',#7156,#6748,#7158,.T.);
#7156 = VERTEX_POINT('',#7157);
#7157 = CARTESIAN_POINT('',(104.187392,-71.75,0.));
#7158 = LINE('',#7159,#7160);
#7159 = CARTESIAN_POINT('',(104.187392,-71.75,0.));
#7160 = VECTOR('',#7161,1.);
#7161 = DIRECTION('',(0.,0.,-1.));
#7162 = ORIENTED_EDGE('',*,*,#6747,.T.);
#7163 = ORIENTED_EDGE('',*,*,#7155,.F.);
#7164 = ORIENTED_EDGE('',*,*,#7165,.F.);
#7165 = EDGE_CURVE('',#7156,#7156,#7166,.T.);
#7166 = CIRCLE('',#7167,0.437392);
#7167 = AXIS2_PLACEMENT_3D('',#7168,#7169,#7170);
#7168 = CARTESIAN_POINT('',(103.75,-71.75,0.));
#7169 = DIRECTION('',(0.,0.,1.));
#7170 = DIRECTION('',(1.,0.,-0.));
#7171 = CYLINDRICAL_SURFACE('',#7172,0.437392);
#7172 = AXIS2_PLACEMENT_3D('',#7173,#7174,#7175);
#7173 = CARTESIAN_POINT('',(103.75,-71.75,0.));
#7174 = DIRECTION('',(0.,0.,1.));
#7175 = DIRECTION('',(1.,0.,-0.));
#7176 = ADVANCED_FACE('',(#7177),#7193,.F.);
#7177 = FACE_BOUND('',#7178,.F.);
#7178 = EDGE_LOOP('',(#7179,#7185,#7186,#7192));
#7179 = ORIENTED_EDGE('',*,*,#7180,.T.);
#7180 = EDGE_CURVE('',#5542,#6759,#7181,.T.);
#7181 = LINE('',#7182,#7183);
#7182 = CARTESIAN_POINT('',(103.942893,-72.649999,0.));
#7183 = VECTOR('',#7184,1.);
#7184 = DIRECTION('',(0.,0.,-1.));
#7185 = ORIENTED_EDGE('',*,*,#6758,.T.);
#7186 = ORIENTED_EDGE('',*,*,#7187,.F.);
#7187 = EDGE_CURVE('',#5544,#6761,#7188,.T.);
#7188 = LINE('',#7189,#7190);
#7189 = CARTESIAN_POINT('',(103.396447,-72.103553,0.));
#7190 = VECTOR('',#7191,1.);
#7191 = DIRECTION('',(0.,0.,-1.));
#7192 = ORIENTED_EDGE('',*,*,#5541,.F.);
#7193 = PLANE('',#7194);
#7194 = AXIS2_PLACEMENT_3D('',#7195,#7196,#7197);
#7195 = CARTESIAN_POINT('',(103.942893,-72.649999,0.));
#7196 = DIRECTION('',(0.707106781187,0.707106781187,0.));
#7197 = DIRECTION('',(-0.707106781187,0.707106781187,0.));
#7198 = ADVANCED_FACE('',(#7199),#7210,.F.);
#7199 = FACE_BOUND('',#7200,.F.);
#7200 = EDGE_LOOP('',(#7201,#7207,#7208,#7209));
#7201 = ORIENTED_EDGE('',*,*,#7202,.T.);
#7202 = EDGE_CURVE('',#5577,#6802,#7203,.T.);
#7203 = LINE('',#7204,#7205);
#7204 = CARTESIAN_POINT('',(102.85,-72.649999,0.));
#7205 = VECTOR('',#7206,1.);
#7206 = DIRECTION('',(0.,0.,-1.));
#7207 = ORIENTED_EDGE('',*,*,#6809,.T.);
#7208 = ORIENTED_EDGE('',*,*,#7180,.F.);
#7209 = ORIENTED_EDGE('',*,*,#5584,.F.);
#7210 = PLANE('',#7211);
#7211 = AXIS2_PLACEMENT_3D('',#7212,#7213,#7214);
#7212 = CARTESIAN_POINT('',(102.85,-72.649999,0.));
#7213 = DIRECTION('',(0.,-1.,0.));
#7214 = DIRECTION('',(1.,0.,0.));
#7215 = ADVANCED_FACE('',(#7216),#7250,.F.);
#7216 = FACE_BOUND('',#7217,.F.);
#7217 = EDGE_LOOP('',(#7218,#7219,#7227,#7235,#7243,#7249));
#7218 = ORIENTED_EDGE('',*,*,#7202,.F.);
#7219 = ORIENTED_EDGE('',*,*,#7220,.F.);
#7220 = EDGE_CURVE('',#7221,#5577,#7223,.T.);
#7221 = VERTEX_POINT('',#7222);
#7222 = CARTESIAN_POINT('',(102.85,-72.65,0.));
#7223 = LINE('',#7224,#7225);
#7224 = CARTESIAN_POINT('',(102.85,-72.65,0.));
#7225 = VECTOR('',#7226,1.);
#7226 = DIRECTION('',(0.,1.,0.));
#7227 = ORIENTED_EDGE('',*,*,#7228,.F.);
#7228 = EDGE_CURVE('',#7229,#7221,#7231,.T.);
#7229 = VERTEX_POINT('',#7230);
#7230 = CARTESIAN_POINT('',(102.85,-72.65,-4.E-02));
#7231 = LINE('',#7232,#7233);
#7232 = CARTESIAN_POINT('',(102.85,-72.65,-4.E-02));
#7233 = VECTOR('',#7234,1.);
#7234 = DIRECTION('',(0.,0.,1.));
#7235 = ORIENTED_EDGE('',*,*,#7236,.T.);
#7236 = EDGE_CURVE('',#7229,#7237,#7239,.T.);
#7237 = VERTEX_POINT('',#7238);
#7238 = CARTESIAN_POINT('',(102.85,-70.85,-4.E-02));
#7239 = LINE('',#7240,#7241);
#7240 = CARTESIAN_POINT('',(102.85,-72.65,-4.E-02));
#7241 = VECTOR('',#7242,1.);
#7242 = DIRECTION('',(0.,1.,0.));
#7243 = ORIENTED_EDGE('',*,*,#7244,.F.);
#7244 = EDGE_CURVE('',#6794,#7237,#7245,.T.);
#7245 = LINE('',#7246,#7247);
#7246 = CARTESIAN_POINT('',(102.85,-70.85,0.));
#7247 = VECTOR('',#7248,1.);
#7248 = DIRECTION('',(0.,0.,-1.));
#7249 = ORIENTED_EDGE('',*,*,#6801,.T.);
#7250 = PLANE('',#7251);
#7251 = AXIS2_PLACEMENT_3D('',#7252,#7253,#7254);
#7252 = CARTESIAN_POINT('',(102.85,-72.65,0.));
#7253 = DIRECTION('',(1.,-0.,0.));
#7254 = DIRECTION('',(0.,1.,0.));
#7255 = ADVANCED_FACE('',(#7256),#7295,.F.);
#7256 = FACE_BOUND('',#7257,.F.);
#7257 = EDGE_LOOP('',(#7258,#7259,#7260,#7268,#7276,#7282,#7288,#7289));
#7258 = ORIENTED_EDGE('',*,*,#6793,.T.);
#7259 = ORIENTED_EDGE('',*,*,#7244,.T.);
#7260 = ORIENTED_EDGE('',*,*,#7261,.T.);
#7261 = EDGE_CURVE('',#7237,#7262,#7264,.T.);
#7262 = VERTEX_POINT('',#7263);
#7263 = CARTESIAN_POINT('',(104.65,-70.85,-4.E-02));
#7264 = LINE('',#7265,#7266);
#7265 = CARTESIAN_POINT('',(102.85,-70.85,-4.E-02));
#7266 = VECTOR('',#7267,1.);
#7267 = DIRECTION('',(1.,0.,0.));
#7268 = ORIENTED_EDGE('',*,*,#7269,.F.);
#7269 = EDGE_CURVE('',#7270,#7262,#7272,.T.);
#7270 = VERTEX_POINT('',#7271);
#7271 = CARTESIAN_POINT('',(104.65,-70.85,0.));
#7272 = LINE('',#7273,#7274);
#7273 = CARTESIAN_POINT('',(104.65,-70.85,0.));
#7274 = VECTOR('',#7275,1.);
#7275 = DIRECTION('',(0.,0.,-1.));
#7276 = ORIENTED_EDGE('',*,*,#7277,.F.);
#7277 = EDGE_CURVE('',#5593,#7270,#7278,.T.);
#7278 = LINE('',#7279,#7280);
#7279 = CARTESIAN_POINT('',(102.85,-70.85,0.));
#7280 = VECTOR('',#7281,1.);
#7281 = DIRECTION('',(1.,0.,0.));
#7282 = ORIENTED_EDGE('',*,*,#7283,.T.);
#7283 = EDGE_CURVE('',#5593,#6818,#7284,.T.);
#7284 = LINE('',#7285,#7286);
#7285 = CARTESIAN_POINT('',(104.649999,-70.85,0.));
#7286 = VECTOR('',#7287,1.);
#7287 = DIRECTION('',(0.,0.,-1.));
#7288 = ORIENTED_EDGE('',*,*,#6817,.T.);
#7289 = ORIENTED_EDGE('',*,*,#7290,.T.);
#7290 = EDGE_CURVE('',#6820,#6786,#7291,.T.);
#7291 = LINE('',#7292,#7293);
#7292 = CARTESIAN_POINT('',(51.425,-70.85,-3.5E-02));
#7293 = VECTOR('',#7294,1.);
#7294 = DIRECTION('',(-1.,0.,0.));
#7295 = PLANE('',#7296);
#7296 = AXIS2_PLACEMENT_3D('',#7297,#7298,#7299);
#7297 = CARTESIAN_POINT('',(102.85,-70.85,0.));
#7298 = DIRECTION('',(0.,-1.,0.));
#7299 = DIRECTION('',(1.,0.,0.));
#7300 = ADVANCED_FACE('',(#7301),#7317,.F.);
#7301 = FACE_BOUND('',#7302,.F.);
#7302 = EDGE_LOOP('',(#7303,#7309,#7310,#7316));
#7303 = ORIENTED_EDGE('',*,*,#7304,.T.);
#7304 = EDGE_CURVE('',#5561,#6778,#7305,.T.);
#7305 = LINE('',#7306,#7307);
#7306 = CARTESIAN_POINT('',(103.63,-71.268943,0.));
#7307 = VECTOR('',#7308,1.);
#7308 = DIRECTION('',(0.,0.,-1.));
#7309 = ORIENTED_EDGE('',*,*,#6785,.T.);
#7310 = ORIENTED_EDGE('',*,*,#7311,.F.);
#7311 = EDGE_CURVE('',#5114,#6786,#7312,.T.);
#7312 = LINE('',#7313,#7314);
#7313 = CARTESIAN_POINT('',(103.63,-70.85,0.));
#7314 = VECTOR('',#7315,1.);
#7315 = DIRECTION('',(0.,0.,-1.));
#7316 = ORIENTED_EDGE('',*,*,#5568,.F.);
#7317 = PLANE('',#7318);
#7318 = AXIS2_PLACEMENT_3D('',#7319,#7320,#7321);
#7319 = CARTESIAN_POINT('',(103.63,-71.268943,0.));
#7320 = DIRECTION('',(1.,-0.,0.));
#7321 = DIRECTION('',(0.,1.,0.));
#7322 = ADVANCED_FACE('',(#7323),#7334,.F.);
#7323 = FACE_BOUND('',#7324,.F.);
#7324 = EDGE_LOOP('',(#7325,#7331,#7332,#7333));
#7325 = ORIENTED_EDGE('',*,*,#7326,.T.);
#7326 = EDGE_CURVE('',#5552,#6769,#7327,.T.);
#7327 = LINE('',#7328,#7329);
#7328 = CARTESIAN_POINT('',(103.558658,-71.28806,0.));
#7329 = VECTOR('',#7330,1.);
#7330 = DIRECTION('',(0.,0.,-1.));
#7331 = ORIENTED_EDGE('',*,*,#6777,.T.);
#7332 = ORIENTED_EDGE('',*,*,#7304,.F.);
#7333 = ORIENTED_EDGE('',*,*,#5560,.F.);
#7334 = PLANE('',#7335);
#7335 = AXIS2_PLACEMENT_3D('',#7336,#7337,#7338);
#7336 = CARTESIAN_POINT('',(103.558658,-71.28806,0.));
#7337 = DIRECTION('',(0.258831282223,-0.965922547279,0.));
#7338 = DIRECTION('',(0.965922547279,0.258831282223,0.));
#7339 = ADVANCED_FACE('',(#7340),#7346,.T.);
#7340 = FACE_BOUND('',#7341,.F.);
#7341 = EDGE_LOOP('',(#7342,#7343,#7344,#7345));
#7342 = ORIENTED_EDGE('',*,*,#7187,.T.);
#7343 = ORIENTED_EDGE('',*,*,#6768,.T.);
#7344 = ORIENTED_EDGE('',*,*,#7326,.F.);
#7345 = ORIENTED_EDGE('',*,*,#5551,.F.);
#7346 = CYLINDRICAL_SURFACE('',#7347,0.499999006433);
#7347 = AXIS2_PLACEMENT_3D('',#7348,#7349,#7350);
#7348 = CARTESIAN_POINT('',(103.74999854995,-71.74999917389,0.));
#7349 = DIRECTION('',(-0.,-0.,1.));
#7350 = DIRECTION('',(-0.707104505028,-0.707109057338,-0.));
#7351 = ADVANCED_FACE('',(#7352),#7363,.F.);
#7352 = FACE_BOUND('',#7353,.F.);
#7353 = EDGE_LOOP('',(#7354,#7360,#7361,#7362));
#7354 = ORIENTED_EDGE('',*,*,#7355,.T.);
#7355 = EDGE_CURVE('',#5620,#6845,#7356,.T.);
#7356 = LINE('',#7357,#7358);
#7357 = CARTESIAN_POINT('',(104.649999,-71.942893,0.));
#7358 = VECTOR('',#7359,1.);
#7359 = DIRECTION('',(0.,0.,-1.));
#7360 = ORIENTED_EDGE('',*,*,#6852,.T.);
#7361 = ORIENTED_EDGE('',*,*,#7283,.F.);
#7362 = ORIENTED_EDGE('',*,*,#5627,.F.);
#7363 = PLANE('',#7364);
#7364 = AXIS2_PLACEMENT_3D('',#7365,#7366,#7367);
#7365 = CARTESIAN_POINT('',(104.649999,-71.942893,0.));
#7366 = DIRECTION('',(1.,-0.,0.));
#7367 = DIRECTION('',(0.,1.,0.));
#7368 = ADVANCED_FACE('',(#7369),#7380,.F.);
#7369 = FACE_BOUND('',#7370,.F.);
#7370 = EDGE_LOOP('',(#7371,#7377,#7378,#7379));
#7371 = ORIENTED_EDGE('',*,*,#7372,.T.);
#7372 = EDGE_CURVE('',#5611,#6836,#7373,.T.);
#7373 = LINE('',#7374,#7375);
#7374 = CARTESIAN_POINT('',(104.103553,-71.396447,0.));
#7375 = VECTOR('',#7376,1.);
#7376 = DIRECTION('',(0.,0.,-1.));
#7377 = ORIENTED_EDGE('',*,*,#6844,.T.);
#7378 = ORIENTED_EDGE('',*,*,#7355,.F.);
#7379 = ORIENTED_EDGE('',*,*,#5619,.F.);
#7380 = PLANE('',#7381);
#7381 = AXIS2_PLACEMENT_3D('',#7382,#7383,#7384);
#7382 = CARTESIAN_POINT('',(104.103553,-71.396447,0.));
#7383 = DIRECTION('',(-0.707106781187,-0.707106781187,-0.));
#7384 = DIRECTION('',(0.707106781187,-0.707106781187,0.));
#7385 = ADVANCED_FACE('',(#7386),#7397,.T.);
#7386 = FACE_BOUND('',#7387,.F.);
#7387 = EDGE_LOOP('',(#7388,#7394,#7395,#7396));
#7388 = ORIENTED_EDGE('',*,*,#7389,.T.);
#7389 = EDGE_CURVE('',#5603,#6828,#7390,.T.);
#7390 = LINE('',#7391,#7392);
#7391 = CARTESIAN_POINT('',(103.83,-71.258225,0.));
#7392 = VECTOR('',#7393,1.);
#7393 = DIRECTION('',(0.,0.,-1.));
#7394 = ORIENTED_EDGE('',*,*,#6835,.T.);
#7395 = ORIENTED_EDGE('',*,*,#7372,.F.);
#7396 = ORIENTED_EDGE('',*,*,#5610,.F.);
#7397 = CYLINDRICAL_SURFACE('',#7398,0.476752539961);
#7398 = AXIS2_PLACEMENT_3D('',#7399,#7400,#7401);
#7399 = CARTESIAN_POINT('',(103.76317951295,-71.73027161514,0.));
#7400 = DIRECTION('',(-0.,-0.,1.));
#7401 = DIRECTION('',(0.140157590033,0.990129208718,0.));
#7402 = ADVANCED_FACE('',(#7403),#7414,.F.);
#7403 = FACE_BOUND('',#7404,.F.);
#7404 = EDGE_LOOP('',(#7405,#7411,#7412,#7413));
#7405 = ORIENTED_EDGE('',*,*,#7406,.T.);
#7406 = EDGE_CURVE('',#5595,#6820,#7407,.T.);
#7407 = LINE('',#7408,#7409);
#7408 = CARTESIAN_POINT('',(103.83,-70.85,0.));
#7409 = VECTOR('',#7410,1.);
#7410 = DIRECTION('',(0.,0.,-1.));
#7411 = ORIENTED_EDGE('',*,*,#6827,.T.);
#7412 = ORIENTED_EDGE('',*,*,#7389,.F.);
#7413 = ORIENTED_EDGE('',*,*,#5602,.F.);
#7414 = PLANE('',#7415);
#7415 = AXIS2_PLACEMENT_3D('',#7416,#7417,#7418);
#7416 = CARTESIAN_POINT('',(103.83,-70.85,0.));
#7417 = DIRECTION('',(-1.,-0.,-0.));
#7418 = DIRECTION('',(0.,-1.,0.));
#7419 = ADVANCED_FACE('',(#7420),#7431,.F.);
#7420 = FACE_BOUND('',#7421,.F.);
#7421 = EDGE_LOOP('',(#7422,#7428,#7429,#7430));
#7422 = ORIENTED_EDGE('',*,*,#7423,.F.);
#7423 = EDGE_CURVE('',#5096,#5439,#7424,.T.);
#7424 = LINE('',#7425,#7426);
#7425 = CARTESIAN_POINT('',(125.35,-70.85,0.));
#7426 = VECTOR('',#7427,1.);
#7427 = DIRECTION('',(1.,0.,0.));
#7428 = ORIENTED_EDGE('',*,*,#7091,.T.);
#7429 = ORIENTED_EDGE('',*,*,#7033,.F.);
#7430 = ORIENTED_EDGE('',*,*,#6978,.F.);
#7431 = PLANE('',#7432);
#7432 = AXIS2_PLACEMENT_3D('',#7433,#7434,#7435);
#7433 = CARTESIAN_POINT('',(125.35,-70.85,0.));
#7434 = DIRECTION('',(0.,-1.,0.));
#7435 = DIRECTION('',(1.,0.,0.));
#7436 = ADVANCED_FACE('',(#7437),#7468,.F.);
#7437 = FACE_BOUND('',#7438,.F.);
#7438 = EDGE_LOOP('',(#7439,#7440,#7448,#7456,#7462));
#7439 = ORIENTED_EDGE('',*,*,#7012,.T.);
#7440 = ORIENTED_EDGE('',*,*,#7441,.T.);
#7441 = EDGE_CURVE('',#7005,#7442,#7444,.T.);
#7442 = VERTEX_POINT('',#7443);
#7443 = CARTESIAN_POINT('',(127.15,-72.65,-4.E-02));
#7444 = LINE('',#7445,#7446);
#7445 = CARTESIAN_POINT('',(127.15,-70.85,-4.E-02));
#7446 = VECTOR('',#7447,1.);
#7447 = DIRECTION('',(0.,-1.,0.));
#7448 = ORIENTED_EDGE('',*,*,#7449,.F.);
#7449 = EDGE_CURVE('',#7450,#7442,#7452,.T.);
#7450 = VERTEX_POINT('',#7451);
#7451 = CARTESIAN_POINT('',(127.15,-72.65,0.));
#7452 = LINE('',#7453,#7454);
#7453 = CARTESIAN_POINT('',(127.15,-72.65,0.));
#7454 = VECTOR('',#7455,1.);
#7455 = DIRECTION('',(0.,0.,-1.));
#7456 = ORIENTED_EDGE('',*,*,#7457,.F.);
#7457 = EDGE_CURVE('',#5423,#7450,#7458,.T.);
#7458 = LINE('',#7459,#7460);
#7459 = CARTESIAN_POINT('',(127.15,-70.85,0.));
#7460 = VECTOR('',#7461,1.);
#7461 = DIRECTION('',(0.,-1.,0.));
#7462 = ORIENTED_EDGE('',*,*,#7463,.F.);
#7463 = EDGE_CURVE('',#7013,#5423,#7464,.T.);
#7464 = LINE('',#7465,#7466);
#7465 = CARTESIAN_POINT('',(127.15,-70.85,0.));
#7466 = VECTOR('',#7467,1.);
#7467 = DIRECTION('',(0.,-1.,0.));
#7468 = PLANE('',#7469);
#7469 = AXIS2_PLACEMENT_3D('',#7470,#7471,#7472);
#7470 = CARTESIAN_POINT('',(127.15,-70.85,0.));
#7471 = DIRECTION('',(-1.,-0.,-0.));
#7472 = DIRECTION('',(0.,-1.,0.));
#7473 = ADVANCED_FACE('',(#7474,#7485),#7496,.T.);
#7474 = FACE_BOUND('',#7475,.T.);
#7475 = EDGE_LOOP('',(#7476,#7477,#7478,#7479));
#7476 = ORIENTED_EDGE('',*,*,#7139,.T.);
#7477 = ORIENTED_EDGE('',*,*,#7004,.T.);
#7478 = ORIENTED_EDGE('',*,*,#7441,.T.);
#7479 = ORIENTED_EDGE('',*,*,#7480,.T.);
#7480 = EDGE_CURVE('',#7442,#7132,#7481,.T.);
#7481 = LINE('',#7482,#7483);
#7482 = CARTESIAN_POINT('',(127.15,-72.65,-4.E-02));
#7483 = VECTOR('',#7484,1.);
#7484 = DIRECTION('',(-1.,0.,0.));
#7485 = FACE_BOUND('',#7486,.T.);
#7486 = EDGE_LOOP('',(#7487));
#7487 = ORIENTED_EDGE('',*,*,#7488,.F.);
#7488 = EDGE_CURVE('',#7489,#7489,#7491,.T.);
#7489 = VERTEX_POINT('',#7490);
#7490 = CARTESIAN_POINT('',(126.25,-72.175,-4.E-02));
#7491 = CIRCLE('',#7492,0.425);
#7492 = AXIS2_PLACEMENT_3D('',#7493,#7494,#7495);
#7493 = CARTESIAN_POINT('',(126.25,-71.75,-4.E-02));
#7494 = DIRECTION('',(-0.,0.,-1.));
#7495 = DIRECTION('',(-0.,-1.,0.));
#7496 = PLANE('',#7497);
#7497 = AXIS2_PLACEMENT_3D('',#7498,#7499,#7500);
#7498 = CARTESIAN_POINT('',(0.,0.,-4.E-02));
#7499 = DIRECTION('',(-0.,-0.,-1.));
#7500 = DIRECTION('',(-1.,0.,0.));
#7501 = ADVANCED_FACE('',(#7502,#7505),#7508,.F.);
#7502 = FACE_BOUND('',#7503,.F.);
#7503 = EDGE_LOOP('',(#7504));
#7504 = ORIENTED_EDGE('',*,*,#5471,.T.);
#7505 = FACE_BOUND('',#7506,.F.);
#7506 = EDGE_LOOP('',(#7507));
#7507 = ORIENTED_EDGE('',*,*,#7069,.T.);
#7508 = PLANE('',#7509);
#7509 = AXIS2_PLACEMENT_3D('',#7510,#7511,#7512);
#7510 = CARTESIAN_POINT('',(0.,0.,0.));
#7511 = DIRECTION('',(-0.,-0.,-1.));
#7512 = DIRECTION('',(-1.,0.,0.));
#7513 = ADVANCED_FACE('',(#7514),#7532,.F.);
#7514 = FACE_BOUND('',#7515,.F.);
#7515 = EDGE_LOOP('',(#7516,#7524,#7530,#7531));
#7516 = ORIENTED_EDGE('',*,*,#7517,.F.);
#7517 = EDGE_CURVE('',#7518,#5504,#7520,.T.);
#7518 = VERTEX_POINT('',#7519);
#7519 = CARTESIAN_POINT('',(125.35,-72.65,0.));
#7520 = LINE('',#7521,#7522);
#7521 = CARTESIAN_POINT('',(125.35,-72.65,0.));
#7522 = VECTOR('',#7523,1.);
#7523 = DIRECTION('',(0.,1.,0.));
#7524 = ORIENTED_EDGE('',*,*,#7525,.T.);
#7525 = EDGE_CURVE('',#7518,#7124,#7526,.T.);
#7526 = LINE('',#7527,#7528);
#7527 = CARTESIAN_POINT('',(125.35,-72.65,0.));
#7528 = VECTOR('',#7529,1.);
#7529 = DIRECTION('',(0.,0.,-1.));
#7530 = ORIENTED_EDGE('',*,*,#7123,.F.);
#7531 = ORIENTED_EDGE('',*,*,#7106,.F.);
#7532 = PLANE('',#7533);
#7533 = AXIS2_PLACEMENT_3D('',#7534,#7535,#7536);
#7534 = CARTESIAN_POINT('',(125.35,-72.65,0.));
#7535 = DIRECTION('',(1.,-0.,0.));
#7536 = DIRECTION('',(0.,1.,0.));
#7537 = ADVANCED_FACE('',(#7538),#7550,.F.);
#7538 = FACE_BOUND('',#7539,.F.);
#7539 = EDGE_LOOP('',(#7540,#7541,#7542,#7543,#7544));
#7540 = ORIENTED_EDGE('',*,*,#7449,.T.);
#7541 = ORIENTED_EDGE('',*,*,#7480,.T.);
#7542 = ORIENTED_EDGE('',*,*,#7131,.F.);
#7543 = ORIENTED_EDGE('',*,*,#7525,.F.);
#7544 = ORIENTED_EDGE('',*,*,#7545,.F.);
#7545 = EDGE_CURVE('',#7450,#7518,#7546,.T.);
#7546 = LINE('',#7547,#7548);
#7547 = CARTESIAN_POINT('',(127.15,-72.65,0.));
#7548 = VECTOR('',#7549,1.);
#7549 = DIRECTION('',(-1.,0.,0.));
#7550 = PLANE('',#7551);
#7551 = AXIS2_PLACEMENT_3D('',#7552,#7553,#7554);
#7552 = CARTESIAN_POINT('',(127.15,-72.65,0.));
#7553 = DIRECTION('',(0.,1.,0.));
#7554 = DIRECTION('',(-1.,0.,0.));
#7555 = ADVANCED_FACE('',(#7556,#7559),#7562,.F.);
#7556 = FACE_BOUND('',#7557,.F.);
#7557 = EDGE_LOOP('',(#7558));
#7558 = ORIENTED_EDGE('',*,*,#5530,.T.);
#7559 = FACE_BOUND('',#7560,.F.);
#7560 = EDGE_LOOP('',(#7561));
#7561 = ORIENTED_EDGE('',*,*,#7165,.T.);
#7562 = PLANE('',#7563);
#7563 = AXIS2_PLACEMENT_3D('',#7564,#7565,#7566);
#7564 = CARTESIAN_POINT('',(0.,0.,0.));
#7565 = DIRECTION('',(-0.,-0.,-1.));
#7566 = DIRECTION('',(-1.,0.,0.));
#7567 = ADVANCED_FACE('',(#7568,#7586),#7597,.T.);
#7568 = FACE_BOUND('',#7569,.T.);
#7569 = EDGE_LOOP('',(#7570,#7571,#7572,#7580));
#7570 = ORIENTED_EDGE('',*,*,#7236,.T.);
#7571 = ORIENTED_EDGE('',*,*,#7261,.T.);
#7572 = ORIENTED_EDGE('',*,*,#7573,.T.);
#7573 = EDGE_CURVE('',#7262,#7574,#7576,.T.);
#7574 = VERTEX_POINT('',#7575);
#7575 = CARTESIAN_POINT('',(104.65,-72.65,-4.E-02));
#7576 = LINE('',#7577,#7578);
#7577 = CARTESIAN_POINT('',(104.65,-70.85,-4.E-02));
#7578 = VECTOR('',#7579,1.);
#7579 = DIRECTION('',(0.,-1.,0.));
#7580 = ORIENTED_EDGE('',*,*,#7581,.T.);
#7581 = EDGE_CURVE('',#7574,#7229,#7582,.T.);
#7582 = LINE('',#7583,#7584);
#7583 = CARTESIAN_POINT('',(104.65,-72.65,-4.E-02));
#7584 = VECTOR('',#7585,1.);
#7585 = DIRECTION('',(-1.,0.,0.));
#7586 = FACE_BOUND('',#7587,.T.);
#7587 = EDGE_LOOP('',(#7588));
#7588 = ORIENTED_EDGE('',*,*,#7589,.F.);
#7589 = EDGE_CURVE('',#7590,#7590,#7592,.T.);
#7590 = VERTEX_POINT('',#7591);
#7591 = CARTESIAN_POINT('',(103.75,-72.175,-4.E-02));
#7592 = CIRCLE('',#7593,0.425);
#7593 = AXIS2_PLACEMENT_3D('',#7594,#7595,#7596);
#7594 = CARTESIAN_POINT('',(103.75,-71.75,-4.E-02));
#7595 = DIRECTION('',(-0.,0.,-1.));
#7596 = DIRECTION('',(-0.,-1.,0.));
#7597 = PLANE('',#7598);
#7598 = AXIS2_PLACEMENT_3D('',#7599,#7600,#7601);
#7599 = CARTESIAN_POINT('',(0.,0.,-4.E-02));
#7600 = DIRECTION('',(-0.,-0.,-1.));
#7601 = DIRECTION('',(-1.,0.,0.));
#7602 = ADVANCED_FACE('',(#7603),#7621,.F.);
#7603 = FACE_BOUND('',#7604,.F.);
#7604 = EDGE_LOOP('',(#7605,#7613,#7614,#7615));
#7605 = ORIENTED_EDGE('',*,*,#7606,.F.);
#7606 = EDGE_CURVE('',#7574,#7607,#7609,.T.);
#7607 = VERTEX_POINT('',#7608);
#7608 = CARTESIAN_POINT('',(104.65,-72.65,0.));
#7609 = LINE('',#7610,#7611);
#7610 = CARTESIAN_POINT('',(104.65,-72.65,-4.E-02));
#7611 = VECTOR('',#7612,1.);
#7612 = DIRECTION('',(0.,0.,1.));
#7613 = ORIENTED_EDGE('',*,*,#7581,.T.);
#7614 = ORIENTED_EDGE('',*,*,#7228,.T.);
#7615 = ORIENTED_EDGE('',*,*,#7616,.F.);
#7616 = EDGE_CURVE('',#7607,#7221,#7617,.T.);
#7617 = LINE('',#7618,#7619);
#7618 = CARTESIAN_POINT('',(104.65,-72.65,0.));
#7619 = VECTOR('',#7620,1.);
#7620 = DIRECTION('',(-1.,0.,0.));
#7621 = PLANE('',#7622);
#7622 = AXIS2_PLACEMENT_3D('',#7623,#7624,#7625);
#7623 = CARTESIAN_POINT('',(104.65,-72.65,0.));
#7624 = DIRECTION('',(0.,1.,0.));
#7625 = DIRECTION('',(-1.,0.,0.));
#7626 = ADVANCED_FACE('',(#7627),#7638,.F.);
#7627 = FACE_BOUND('',#7628,.F.);
#7628 = EDGE_LOOP('',(#7629,#7630,#7631,#7632));
#7629 = ORIENTED_EDGE('',*,*,#7269,.T.);
#7630 = ORIENTED_EDGE('',*,*,#7573,.T.);
#7631 = ORIENTED_EDGE('',*,*,#7606,.T.);
#7632 = ORIENTED_EDGE('',*,*,#7633,.F.);
#7633 = EDGE_CURVE('',#7270,#7607,#7634,.T.);
#7634 = LINE('',#7635,#7636);
#7635 = CARTESIAN_POINT('',(104.65,-70.85,0.));
#7636 = VECTOR('',#7637,1.);
#7637 = DIRECTION('',(0.,-1.,0.));
#7638 = PLANE('',#7639);
#7639 = AXIS2_PLACEMENT_3D('',#7640,#7641,#7642);
#7640 = CARTESIAN_POINT('',(104.65,-70.85,0.));
#7641 = DIRECTION('',(-1.,-0.,-0.));
#7642 = DIRECTION('',(0.,-1.,0.));
#7643 = ADVANCED_FACE('',(#7644),#7655,.F.);
#7644 = FACE_BOUND('',#7645,.F.);
#7645 = EDGE_LOOP('',(#7646,#7652,#7653,#7654));
#7646 = ORIENTED_EDGE('',*,*,#7647,.F.);
#7647 = EDGE_CURVE('',#5114,#5595,#7648,.T.);
#7648 = LINE('',#7649,#7650);
#7649 = CARTESIAN_POINT('',(102.85,-70.85,0.));
#7650 = VECTOR('',#7651,1.);
#7651 = DIRECTION('',(1.,0.,0.));
#7652 = ORIENTED_EDGE('',*,*,#7311,.T.);
#7653 = ORIENTED_EDGE('',*,*,#7290,.F.);
#7654 = ORIENTED_EDGE('',*,*,#7406,.F.);
#7655 = PLANE('',#7656);
#7656 = AXIS2_PLACEMENT_3D('',#7657,#7658,#7659);
#7657 = CARTESIAN_POINT('',(102.85,-70.85,0.));
#7658 = DIRECTION('',(0.,-1.,0.));
#7659 = DIRECTION('',(1.,0.,0.));
#7660 = ADVANCED_FACE('',(#7661),#7666,.F.);
#7661 = FACE_BOUND('',#7662,.F.);
#7662 = EDGE_LOOP('',(#7663,#7664,#7665));
#7663 = ORIENTED_EDGE('',*,*,#7463,.T.);
#7664 = ORIENTED_EDGE('',*,*,#5430,.T.);
#7665 = ORIENTED_EDGE('',*,*,#7020,.T.);
#7666 = PLANE('',#7667);
#7667 = AXIS2_PLACEMENT_3D('',#7668,#7669,#7670);
#7668 = CARTESIAN_POINT('',(0.,0.,0.));
#7669 = DIRECTION('',(-0.,-0.,-1.));
#7670 = DIRECTION('',(-1.,0.,0.));
#7671 = ADVANCED_FACE('',(#7672,#7684),#7687,.F.);
#7672 = FACE_BOUND('',#7673,.F.);
#7673 = EDGE_LOOP('',(#7674,#7675,#7676,#7677,#7678,#7679,#7680,#7681,
    #7682,#7683));
#7674 = ORIENTED_EDGE('',*,*,#7545,.T.);
#7675 = ORIENTED_EDGE('',*,*,#7517,.T.);
#7676 = ORIENTED_EDGE('',*,*,#5511,.T.);
#7677 = ORIENTED_EDGE('',*,*,#5493,.T.);
#7678 = ORIENTED_EDGE('',*,*,#7423,.T.);
#7679 = ORIENTED_EDGE('',*,*,#5446,.T.);
#7680 = ORIENTED_EDGE('',*,*,#5454,.T.);
#7681 = ORIENTED_EDGE('',*,*,#5463,.T.);
#7682 = ORIENTED_EDGE('',*,*,#5420,.T.);
#7683 = ORIENTED_EDGE('',*,*,#7457,.T.);
#7684 = FACE_BOUND('',#7685,.F.);
#7685 = EDGE_LOOP('',(#7686));
#7686 = ORIENTED_EDGE('',*,*,#5471,.F.);
#7687 = PLANE('',#7688);
#7688 = AXIS2_PLACEMENT_3D('',#7689,#7690,#7691);
#7689 = CARTESIAN_POINT('',(0.,0.,0.));
#7690 = DIRECTION('',(-0.,-0.,-1.));
#7691 = DIRECTION('',(-1.,0.,0.));
#7692 = ADVANCED_FACE('',(#7693),#7712,.F.);
#7693 = FACE_BOUND('',#7694,.T.);
#7694 = EDGE_LOOP('',(#7695,#7696,#7704,#7711));
#7695 = ORIENTED_EDGE('',*,*,#7488,.T.);
#7696 = ORIENTED_EDGE('',*,*,#7697,.T.);
#7697 = EDGE_CURVE('',#7489,#7698,#7700,.T.);
#7698 = VERTEX_POINT('',#7699);
#7699 = CARTESIAN_POINT('',(126.25,-72.175,1.55));
#7700 = LINE('',#7701,#7702);
#7701 = CARTESIAN_POINT('',(126.25,-72.175,-4.6E-02));
#7702 = VECTOR('',#7703,1.);
#7703 = DIRECTION('',(0.,0.,1.));
#7704 = ORIENTED_EDGE('',*,*,#7705,.F.);
#7705 = EDGE_CURVE('',#7698,#7698,#7706,.T.);
#7706 = CIRCLE('',#7707,0.425);
#7707 = AXIS2_PLACEMENT_3D('',#7708,#7709,#7710);
#7708 = CARTESIAN_POINT('',(126.25,-71.75,1.55));
#7709 = DIRECTION('',(-0.,0.,-1.));
#7710 = DIRECTION('',(-0.,-1.,0.));
#7711 = ORIENTED_EDGE('',*,*,#7697,.F.);
#7712 = CYLINDRICAL_SURFACE('',#7713,0.425);
#7713 = AXIS2_PLACEMENT_3D('',#7714,#7715,#7716);
#7714 = CARTESIAN_POINT('',(126.25,-71.75,-4.6E-02));
#7715 = DIRECTION('',(-0.,-0.,-1.));
#7716 = DIRECTION('',(-0.,-1.,0.));
#7717 = ADVANCED_FACE('',(#7718,#7734),#7737,.F.);
#7718 = FACE_BOUND('',#7719,.F.);
#7719 = EDGE_LOOP('',(#7720,#7721,#7722,#7723,#7724,#7725,#7726,#7727,
    #7728,#7729,#7730,#7731,#7732,#7733));
#7720 = ORIENTED_EDGE('',*,*,#7616,.T.);
#7721 = ORIENTED_EDGE('',*,*,#7220,.T.);
#7722 = ORIENTED_EDGE('',*,*,#5584,.T.);
#7723 = ORIENTED_EDGE('',*,*,#5541,.T.);
#7724 = ORIENTED_EDGE('',*,*,#5551,.T.);
#7725 = ORIENTED_EDGE('',*,*,#5560,.T.);
#7726 = ORIENTED_EDGE('',*,*,#5568,.T.);
#7727 = ORIENTED_EDGE('',*,*,#7647,.T.);
#7728 = ORIENTED_EDGE('',*,*,#5602,.T.);
#7729 = ORIENTED_EDGE('',*,*,#5610,.T.);
#7730 = ORIENTED_EDGE('',*,*,#5619,.T.);
#7731 = ORIENTED_EDGE('',*,*,#5627,.T.);
#7732 = ORIENTED_EDGE('',*,*,#7277,.T.);
#7733 = ORIENTED_EDGE('',*,*,#7633,.T.);
#7734 = FACE_BOUND('',#7735,.F.);
#7735 = EDGE_LOOP('',(#7736));
#7736 = ORIENTED_EDGE('',*,*,#5530,.F.);
#7737 = PLANE('',#7738);
#7738 = AXIS2_PLACEMENT_3D('',#7739,#7740,#7741);
#7739 = CARTESIAN_POINT('',(0.,0.,0.));
#7740 = DIRECTION('',(-0.,-0.,-1.));
#7741 = DIRECTION('',(-1.,0.,0.));
#7742 = ADVANCED_FACE('',(#7743),#7762,.F.);
#7743 = FACE_BOUND('',#7744,.T.);
#7744 = EDGE_LOOP('',(#7745,#7746,#7754,#7761));
#7745 = ORIENTED_EDGE('',*,*,#7589,.T.);
#7746 = ORIENTED_EDGE('',*,*,#7747,.T.);
#7747 = EDGE_CURVE('',#7590,#7748,#7750,.T.);
#7748 = VERTEX_POINT('',#7749);
#7749 = CARTESIAN_POINT('',(103.75,-72.175,1.55));
#7750 = LINE('',#7751,#7752);
#7751 = CARTESIAN_POINT('',(103.75,-72.175,-4.6E-02));
#7752 = VECTOR('',#7753,1.);
#7753 = DIRECTION('',(0.,0.,1.));
#7754 = ORIENTED_EDGE('',*,*,#7755,.F.);
#7755 = EDGE_CURVE('',#7748,#7748,#7756,.T.);
#7756 = CIRCLE('',#7757,0.425);
#7757 = AXIS2_PLACEMENT_3D('',#7758,#7759,#7760);
#7758 = CARTESIAN_POINT('',(103.75,-71.75,1.55));
#7759 = DIRECTION('',(-0.,0.,-1.));
#7760 = DIRECTION('',(-0.,-1.,0.));
#7761 = ORIENTED_EDGE('',*,*,#7747,.F.);
#7762 = CYLINDRICAL_SURFACE('',#7763,0.425);
#7763 = AXIS2_PLACEMENT_3D('',#7764,#7765,#7766);
#7764 = CARTESIAN_POINT('',(103.75,-71.75,-4.6E-02));
#7765 = DIRECTION('',(-0.,-0.,-1.));
#7766 = DIRECTION('',(-0.,-1.,0.));
#7767 = ADVANCED_FACE('',(#7768,#7802),#7805,.T.);
#7768 = FACE_BOUND('',#7769,.T.);
#7769 = EDGE_LOOP('',(#7770,#7780,#7788,#7796));
#7770 = ORIENTED_EDGE('',*,*,#7771,.F.);
#7771 = EDGE_CURVE('',#7772,#7774,#7776,.T.);
#7772 = VERTEX_POINT('',#7773);
#7773 = CARTESIAN_POINT('',(125.35,-72.65,1.55));
#7774 = VERTEX_POINT('',#7775);
#7775 = CARTESIAN_POINT('',(125.35,-70.85,1.55));
#7776 = LINE('',#7777,#7778);
#7777 = CARTESIAN_POINT('',(125.35,-72.65,1.55));
#7778 = VECTOR('',#7779,1.);
#7779 = DIRECTION('',(0.,1.,0.));
#7780 = ORIENTED_EDGE('',*,*,#7781,.F.);
#7781 = EDGE_CURVE('',#7782,#7772,#7784,.T.);
#7782 = VERTEX_POINT('',#7783);
#7783 = CARTESIAN_POINT('',(127.15,-72.65,1.55));
#7784 = LINE('',#7785,#7786);
#7785 = CARTESIAN_POINT('',(127.15,-72.65,1.55));
#7786 = VECTOR('',#7787,1.);
#7787 = DIRECTION('',(-1.,0.,0.));
#7788 = ORIENTED_EDGE('',*,*,#7789,.F.);
#7789 = EDGE_CURVE('',#7790,#7782,#7792,.T.);
#7790 = VERTEX_POINT('',#7791);
#7791 = CARTESIAN_POINT('',(127.15,-70.85,1.55));
#7792 = LINE('',#7793,#7794);
#7793 = CARTESIAN_POINT('',(127.15,-70.85,1.55));
#7794 = VECTOR('',#7795,1.);
#7795 = DIRECTION('',(0.,-1.,0.));
#7796 = ORIENTED_EDGE('',*,*,#7797,.F.);
#7797 = EDGE_CURVE('',#7774,#7790,#7798,.T.);
#7798 = LINE('',#7799,#7800);
#7799 = CARTESIAN_POINT('',(125.35,-70.85,1.55));
#7800 = VECTOR('',#7801,1.);
#7801 = DIRECTION('',(1.,0.,0.));
#7802 = FACE_BOUND('',#7803,.T.);
#7803 = EDGE_LOOP('',(#7804));
#7804 = ORIENTED_EDGE('',*,*,#7705,.T.);
#7805 = PLANE('',#7806);
#7806 = AXIS2_PLACEMENT_3D('',#7807,#7808,#7809);
#7807 = CARTESIAN_POINT('',(0.,0.,1.55));
#7808 = DIRECTION('',(0.,0.,1.));
#7809 = DIRECTION('',(1.,0.,-0.));
#7810 = ADVANCED_FACE('',(#7811,#7845),#7848,.T.);
#7811 = FACE_BOUND('',#7812,.T.);
#7812 = EDGE_LOOP('',(#7813,#7823,#7831,#7839));
#7813 = ORIENTED_EDGE('',*,*,#7814,.F.);
#7814 = EDGE_CURVE('',#7815,#7817,#7819,.T.);
#7815 = VERTEX_POINT('',#7816);
#7816 = CARTESIAN_POINT('',(102.85,-72.65,1.55));
#7817 = VERTEX_POINT('',#7818);
#7818 = CARTESIAN_POINT('',(102.85,-70.85,1.55));
#7819 = LINE('',#7820,#7821);
#7820 = CARTESIAN_POINT('',(102.85,-72.65,1.55));
#7821 = VECTOR('',#7822,1.);
#7822 = DIRECTION('',(0.,1.,0.));
#7823 = ORIENTED_EDGE('',*,*,#7824,.F.);
#7824 = EDGE_CURVE('',#7825,#7815,#7827,.T.);
#7825 = VERTEX_POINT('',#7826);
#7826 = CARTESIAN_POINT('',(104.65,-72.65,1.55));
#7827 = LINE('',#7828,#7829);
#7828 = CARTESIAN_POINT('',(104.65,-72.65,1.55));
#7829 = VECTOR('',#7830,1.);
#7830 = DIRECTION('',(-1.,0.,0.));
#7831 = ORIENTED_EDGE('',*,*,#7832,.F.);
#7832 = EDGE_CURVE('',#7833,#7825,#7835,.T.);
#7833 = VERTEX_POINT('',#7834);
#7834 = CARTESIAN_POINT('',(104.65,-70.85,1.55));
#7835 = LINE('',#7836,#7837);
#7836 = CARTESIAN_POINT('',(104.65,-70.85,1.55));
#7837 = VECTOR('',#7838,1.);
#7838 = DIRECTION('',(0.,-1.,0.));
#7839 = ORIENTED_EDGE('',*,*,#7840,.F.);
#7840 = EDGE_CURVE('',#7817,#7833,#7841,.T.);
#7841 = LINE('',#7842,#7843);
#7842 = CARTESIAN_POINT('',(102.85,-70.85,1.55));
#7843 = VECTOR('',#7844,1.);
#7844 = DIRECTION('',(1.,0.,0.));
#7845 = FACE_BOUND('',#7846,.T.);
#7846 = EDGE_LOOP('',(#7847));
#7847 = ORIENTED_EDGE('',*,*,#7755,.T.);
#7848 = PLANE('',#7849);
#7849 = AXIS2_PLACEMENT_3D('',#7850,#7851,#7852);
#7850 = CARTESIAN_POINT('',(0.,0.,1.55));
#7851 = DIRECTION('',(0.,0.,1.));
#7852 = DIRECTION('',(1.,0.,-0.));
#7853 = ADVANCED_FACE('',(#7854),#7879,.T.);
#7854 = FACE_BOUND('',#7855,.T.);
#7855 = EDGE_LOOP('',(#7856,#7864,#7865,#7873));
#7856 = ORIENTED_EDGE('',*,*,#7857,.T.);
#7857 = EDGE_CURVE('',#7858,#7772,#7860,.T.);
#7858 = VERTEX_POINT('',#7859);
#7859 = CARTESIAN_POINT('',(125.35,-72.65,1.51));
#7860 = LINE('',#7861,#7862);
#7861 = CARTESIAN_POINT('',(125.35,-72.65,1.51));
#7862 = VECTOR('',#7863,1.);
#7863 = DIRECTION('',(0.,0.,1.));
#7864 = ORIENTED_EDGE('',*,*,#7771,.T.);
#7865 = ORIENTED_EDGE('',*,*,#7866,.F.);
#7866 = EDGE_CURVE('',#7867,#7774,#7869,.T.);
#7867 = VERTEX_POINT('',#7868);
#7868 = CARTESIAN_POINT('',(125.35,-70.85,1.51));
#7869 = LINE('',#7870,#7871);
#7870 = CARTESIAN_POINT('',(125.35,-70.85,1.51));
#7871 = VECTOR('',#7872,1.);
#7872 = DIRECTION('',(0.,0.,1.));
#7873 = ORIENTED_EDGE('',*,*,#7874,.F.);
#7874 = EDGE_CURVE('',#7858,#7867,#7875,.T.);
#7875 = LINE('',#7876,#7877);
#7876 = CARTESIAN_POINT('',(125.35,-72.65,1.51));
#7877 = VECTOR('',#7878,1.);
#7878 = DIRECTION('',(0.,1.,0.));
#7879 = PLANE('',#7880);
#7880 = AXIS2_PLACEMENT_3D('',#7881,#7882,#7883);
#7881 = CARTESIAN_POINT('',(125.35,-72.65,1.51));
#7882 = DIRECTION('',(-1.,0.,0.));
#7883 = DIRECTION('',(0.,1.,0.));
#7884 = ADVANCED_FACE('',(#7885),#7903,.T.);
#7885 = FACE_BOUND('',#7886,.T.);
#7886 = EDGE_LOOP('',(#7887,#7895,#7896,#7897));
#7887 = ORIENTED_EDGE('',*,*,#7888,.T.);
#7888 = EDGE_CURVE('',#7889,#7782,#7891,.T.);
#7889 = VERTEX_POINT('',#7890);
#7890 = CARTESIAN_POINT('',(127.15,-72.65,1.51));
#7891 = LINE('',#7892,#7893);
#7892 = CARTESIAN_POINT('',(127.15,-72.65,1.51));
#7893 = VECTOR('',#7894,1.);
#7894 = DIRECTION('',(0.,0.,1.));
#7895 = ORIENTED_EDGE('',*,*,#7781,.T.);
#7896 = ORIENTED_EDGE('',*,*,#7857,.F.);
#7897 = ORIENTED_EDGE('',*,*,#7898,.F.);
#7898 = EDGE_CURVE('',#7889,#7858,#7899,.T.);
#7899 = LINE('',#7900,#7901);
#7900 = CARTESIAN_POINT('',(127.15,-72.65,1.51));
#7901 = VECTOR('',#7902,1.);
#7902 = DIRECTION('',(-1.,0.,0.));
#7903 = PLANE('',#7904);
#7904 = AXIS2_PLACEMENT_3D('',#7905,#7906,#7907);
#7905 = CARTESIAN_POINT('',(127.15,-72.65,1.51));
#7906 = DIRECTION('',(0.,-1.,0.));
#7907 = DIRECTION('',(-1.,0.,0.));
#7908 = ADVANCED_FACE('',(#7909),#7927,.T.);
#7909 = FACE_BOUND('',#7910,.T.);
#7910 = EDGE_LOOP('',(#7911,#7912,#7913,#7921));
#7911 = ORIENTED_EDGE('',*,*,#7866,.T.);
#7912 = ORIENTED_EDGE('',*,*,#7797,.T.);
#7913 = ORIENTED_EDGE('',*,*,#7914,.F.);
#7914 = EDGE_CURVE('',#7915,#7790,#7917,.T.);
#7915 = VERTEX_POINT('',#7916);
#7916 = CARTESIAN_POINT('',(127.15,-70.85,1.51));
#7917 = LINE('',#7918,#7919);
#7918 = CARTESIAN_POINT('',(127.15,-70.85,1.51));
#7919 = VECTOR('',#7920,1.);
#7920 = DIRECTION('',(0.,0.,1.));
#7921 = ORIENTED_EDGE('',*,*,#7922,.F.);
#7922 = EDGE_CURVE('',#7867,#7915,#7923,.T.);
#7923 = LINE('',#7924,#7925);
#7924 = CARTESIAN_POINT('',(125.35,-70.85,1.51));
#7925 = VECTOR('',#7926,1.);
#7926 = DIRECTION('',(1.,0.,0.));
#7927 = PLANE('',#7928);
#7928 = AXIS2_PLACEMENT_3D('',#7929,#7930,#7931);
#7929 = CARTESIAN_POINT('',(125.35,-70.85,1.51));
#7930 = DIRECTION('',(0.,1.,0.));
#7931 = DIRECTION('',(1.,0.,0.));
#7932 = ADVANCED_FACE('',(#7933),#7944,.T.);
#7933 = FACE_BOUND('',#7934,.T.);
#7934 = EDGE_LOOP('',(#7935,#7936,#7937,#7938));
#7935 = ORIENTED_EDGE('',*,*,#7914,.T.);
#7936 = ORIENTED_EDGE('',*,*,#7789,.T.);
#7937 = ORIENTED_EDGE('',*,*,#7888,.F.);
#7938 = ORIENTED_EDGE('',*,*,#7939,.F.);
#7939 = EDGE_CURVE('',#7915,#7889,#7940,.T.);
#7940 = LINE('',#7941,#7942);
#7941 = CARTESIAN_POINT('',(127.15,-70.85,1.51));
#7942 = VECTOR('',#7943,1.);
#7943 = DIRECTION('',(0.,-1.,0.));
#7944 = PLANE('',#7945);
#7945 = AXIS2_PLACEMENT_3D('',#7946,#7947,#7948);
#7946 = CARTESIAN_POINT('',(127.15,-70.85,1.51));
#7947 = DIRECTION('',(1.,0.,-0.));
#7948 = DIRECTION('',(0.,-1.,0.));
#7949 = ADVANCED_FACE('',(#7950),#7975,.T.);
#7950 = FACE_BOUND('',#7951,.T.);
#7951 = EDGE_LOOP('',(#7952,#7960,#7961,#7969));
#7952 = ORIENTED_EDGE('',*,*,#7953,.T.);
#7953 = EDGE_CURVE('',#7954,#7815,#7956,.T.);
#7954 = VERTEX_POINT('',#7955);
#7955 = CARTESIAN_POINT('',(102.85,-72.65,1.51));
#7956 = LINE('',#7957,#7958);
#7957 = CARTESIAN_POINT('',(102.85,-72.65,1.51));
#7958 = VECTOR('',#7959,1.);
#7959 = DIRECTION('',(0.,0.,1.));
#7960 = ORIENTED_EDGE('',*,*,#7814,.T.);
#7961 = ORIENTED_EDGE('',*,*,#7962,.F.);
#7962 = EDGE_CURVE('',#7963,#7817,#7965,.T.);
#7963 = VERTEX_POINT('',#7964);
#7964 = CARTESIAN_POINT('',(102.85,-70.85,1.51));
#7965 = LINE('',#7966,#7967);
#7966 = CARTESIAN_POINT('',(102.85,-70.85,1.51));
#7967 = VECTOR('',#7968,1.);
#7968 = DIRECTION('',(0.,0.,1.));
#7969 = ORIENTED_EDGE('',*,*,#7970,.F.);
#7970 = EDGE_CURVE('',#7954,#7963,#7971,.T.);
#7971 = LINE('',#7972,#7973);
#7972 = CARTESIAN_POINT('',(102.85,-72.65,1.51));
#7973 = VECTOR('',#7974,1.);
#7974 = DIRECTION('',(0.,1.,0.));
#7975 = PLANE('',#7976);
#7976 = AXIS2_PLACEMENT_3D('',#7977,#7978,#7979);
#7977 = CARTESIAN_POINT('',(102.85,-72.65,1.51));
#7978 = DIRECTION('',(-1.,0.,0.));
#7979 = DIRECTION('',(0.,1.,0.));
#7980 = ADVANCED_FACE('',(#7981),#7999,.T.);
#7981 = FACE_BOUND('',#7982,.T.);
#7982 = EDGE_LOOP('',(#7983,#7991,#7992,#7993));
#7983 = ORIENTED_EDGE('',*,*,#7984,.T.);
#7984 = EDGE_CURVE('',#7985,#7825,#7987,.T.);
#7985 = VERTEX_POINT('',#7986);
#7986 = CARTESIAN_POINT('',(104.65,-72.65,1.51));
#7987 = LINE('',#7988,#7989);
#7988 = CARTESIAN_POINT('',(104.65,-72.65,1.51));
#7989 = VECTOR('',#7990,1.);
#7990 = DIRECTION('',(0.,0.,1.));
#7991 = ORIENTED_EDGE('',*,*,#7824,.T.);
#7992 = ORIENTED_EDGE('',*,*,#7953,.F.);
#7993 = ORIENTED_EDGE('',*,*,#7994,.F.);
#7994 = EDGE_CURVE('',#7985,#7954,#7995,.T.);
#7995 = LINE('',#7996,#7997);
#7996 = CARTESIAN_POINT('',(104.65,-72.65,1.51));
#7997 = VECTOR('',#7998,1.);
#7998 = DIRECTION('',(-1.,0.,0.));
#7999 = PLANE('',#8000);
#8000 = AXIS2_PLACEMENT_3D('',#8001,#8002,#8003);
#8001 = CARTESIAN_POINT('',(104.65,-72.65,1.51));
#8002 = DIRECTION('',(0.,-1.,0.));
#8003 = DIRECTION('',(-1.,0.,0.));
#8004 = ADVANCED_FACE('',(#8005),#8023,.T.);
#8005 = FACE_BOUND('',#8006,.T.);
#8006 = EDGE_LOOP('',(#8007,#8008,#8009,#8017));
#8007 = ORIENTED_EDGE('',*,*,#7962,.T.);
#8008 = ORIENTED_EDGE('',*,*,#7840,.T.);
#8009 = ORIENTED_EDGE('',*,*,#8010,.F.);
#8010 = EDGE_CURVE('',#8011,#7833,#8013,.T.);
#8011 = VERTEX_POINT('',#8012);
#8012 = CARTESIAN_POINT('',(104.65,-70.85,1.51));
#8013 = LINE('',#8014,#8015);
#8014 = CARTESIAN_POINT('',(104.65,-70.85,1.51));
#8015 = VECTOR('',#8016,1.);
#8016 = DIRECTION('',(0.,0.,1.));
#8017 = ORIENTED_EDGE('',*,*,#8018,.F.);
#8018 = EDGE_CURVE('',#7963,#8011,#8019,.T.);
#8019 = LINE('',#8020,#8021);
#8020 = CARTESIAN_POINT('',(102.85,-70.85,1.51));
#8021 = VECTOR('',#8022,1.);
#8022 = DIRECTION('',(1.,0.,0.));
#8023 = PLANE('',#8024);
#8024 = AXIS2_PLACEMENT_3D('',#8025,#8026,#8027);
#8025 = CARTESIAN_POINT('',(102.85,-70.85,1.51));
#8026 = DIRECTION('',(0.,1.,0.));
#8027 = DIRECTION('',(1.,0.,0.));
#8028 = ADVANCED_FACE('',(#8029),#8040,.T.);
#8029 = FACE_BOUND('',#8030,.T.);
#8030 = EDGE_LOOP('',(#8031,#8032,#8033,#8034));
#8031 = ORIENTED_EDGE('',*,*,#8010,.T.);
#8032 = ORIENTED_EDGE('',*,*,#7832,.T.);
#8033 = ORIENTED_EDGE('',*,*,#7984,.F.);
#8034 = ORIENTED_EDGE('',*,*,#8035,.F.);
#8035 = EDGE_CURVE('',#8011,#7985,#8036,.T.);
#8036 = LINE('',#8037,#8038);
#8037 = CARTESIAN_POINT('',(104.65,-70.85,1.51));
#8038 = VECTOR('',#8039,1.);
#8039 = DIRECTION('',(0.,-1.,0.));
#8040 = PLANE('',#8041);
#8041 = AXIS2_PLACEMENT_3D('',#8042,#8043,#8044);
#8042 = CARTESIAN_POINT('',(104.65,-70.85,1.51));
#8043 = DIRECTION('',(1.,0.,-0.));
#8044 = DIRECTION('',(0.,-1.,0.));
#8045 = ADVANCED_FACE('',(#8046,#8052),#8063,.F.);
#8046 = FACE_BOUND('',#8047,.F.);
#8047 = EDGE_LOOP('',(#8048,#8049,#8050,#8051));
#8048 = ORIENTED_EDGE('',*,*,#7874,.F.);
#8049 = ORIENTED_EDGE('',*,*,#7898,.F.);
#8050 = ORIENTED_EDGE('',*,*,#7939,.F.);
#8051 = ORIENTED_EDGE('',*,*,#7922,.F.);
#8052 = FACE_BOUND('',#8053,.F.);
#8053 = EDGE_LOOP('',(#8054));
#8054 = ORIENTED_EDGE('',*,*,#8055,.T.);
#8055 = EDGE_CURVE('',#8056,#8056,#8058,.T.);
#8056 = VERTEX_POINT('',#8057);
#8057 = CARTESIAN_POINT('',(126.25,-72.2,1.51));
#8058 = CIRCLE('',#8059,0.45);
#8059 = AXIS2_PLACEMENT_3D('',#8060,#8061,#8062);
#8060 = CARTESIAN_POINT('',(126.25,-71.75,1.51));
#8061 = DIRECTION('',(-0.,0.,-1.));
#8062 = DIRECTION('',(-0.,-1.,0.));
#8063 = PLANE('',#8064);
#8064 = AXIS2_PLACEMENT_3D('',#8065,#8066,#8067);
#8065 = CARTESIAN_POINT('',(0.,0.,1.51));
#8066 = DIRECTION('',(0.,0.,1.));
#8067 = DIRECTION('',(1.,0.,-0.));
#8068 = ADVANCED_FACE('',(#8069,#8075),#8086,.F.);
#8069 = FACE_BOUND('',#8070,.F.);
#8070 = EDGE_LOOP('',(#8071,#8072,#8073,#8074));
#8071 = ORIENTED_EDGE('',*,*,#7970,.F.);
#8072 = ORIENTED_EDGE('',*,*,#7994,.F.);
#8073 = ORIENTED_EDGE('',*,*,#8035,.F.);
#8074 = ORIENTED_EDGE('',*,*,#8018,.F.);
#8075 = FACE_BOUND('',#8076,.F.);
#8076 = EDGE_LOOP('',(#8077));
#8077 = ORIENTED_EDGE('',*,*,#8078,.T.);
#8078 = EDGE_CURVE('',#8079,#8079,#8081,.T.);
#8079 = VERTEX_POINT('',#8080);
#8080 = CARTESIAN_POINT('',(103.75,-72.2,1.51));
#8081 = CIRCLE('',#8082,0.45);
#8082 = AXIS2_PLACEMENT_3D('',#8083,#8084,#8085);
#8083 = CARTESIAN_POINT('',(103.75,-71.75,1.51));
#8084 = DIRECTION('',(-0.,0.,-1.));
#8085 = DIRECTION('',(-0.,-1.,0.));
#8086 = PLANE('',#8087);
#8087 = AXIS2_PLACEMENT_3D('',#8088,#8089,#8090);
#8088 = CARTESIAN_POINT('',(0.,0.,1.51));
#8089 = DIRECTION('',(0.,0.,1.));
#8090 = DIRECTION('',(1.,0.,-0.));
#8091 = ADVANCED_FACE('',(#8092),#8103,.T.);
#8092 = FACE_BOUND('',#8093,.F.);
#8093 = EDGE_LOOP('',(#8094,#8095,#8101,#8102));
#8094 = ORIENTED_EDGE('',*,*,#5471,.T.);
#8095 = ORIENTED_EDGE('',*,*,#8096,.T.);
#8096 = EDGE_CURVE('',#5472,#8056,#8097,.T.);
#8097 = LINE('',#8098,#8099);
#8098 = CARTESIAN_POINT('',(126.25,-72.2,-4.E-02));
#8099 = VECTOR('',#8100,1.);
#8100 = DIRECTION('',(0.,0.,1.));
#8101 = ORIENTED_EDGE('',*,*,#8055,.F.);
#8102 = ORIENTED_EDGE('',*,*,#8096,.F.);
#8103 = CYLINDRICAL_SURFACE('',#8104,0.45);
#8104 = AXIS2_PLACEMENT_3D('',#8105,#8106,#8107);
#8105 = CARTESIAN_POINT('',(126.25,-71.75,-4.E-02));
#8106 = DIRECTION('',(-0.,-0.,-1.));
#8107 = DIRECTION('',(-0.,-1.,0.));
#8108 = ADVANCED_FACE('',(#8109),#8120,.T.);
#8109 = FACE_BOUND('',#8110,.F.);
#8110 = EDGE_LOOP('',(#8111,#8112,#8118,#8119));
#8111 = ORIENTED_EDGE('',*,*,#5530,.T.);
#8112 = ORIENTED_EDGE('',*,*,#8113,.T.);
#8113 = EDGE_CURVE('',#5531,#8079,#8114,.T.);
#8114 = LINE('',#8115,#8116);
#8115 = CARTESIAN_POINT('',(103.75,-72.2,-4.E-02));
#8116 = VECTOR('',#8117,1.);
#8117 = DIRECTION('',(0.,0.,1.));
#8118 = ORIENTED_EDGE('',*,*,#8078,.F.);
#8119 = ORIENTED_EDGE('',*,*,#8113,.F.);
#8120 = CYLINDRICAL_SURFACE('',#8121,0.45);
#8121 = AXIS2_PLACEMENT_3D('',#8122,#8123,#8124);
#8122 = CARTESIAN_POINT('',(103.75,-71.75,-4.E-02));
#8123 = DIRECTION('',(-0.,-0.,-1.));
#8124 = DIRECTION('',(-0.,-1.,0.));
#8125 = MANIFOLD_SOLID_BREP('',#8126);
#8126 = CLOSED_SHELL('',(#8127,#8167,#8296,#8338,#8405,#8422,#8439,#8456
    ,#8473,#8493,#8527,#8551,#8578,#8603,#8628,#8652,#8696,#8713,#8733,
    #8750,#8767,#8779,#8799));
#8127 = ADVANCED_FACE('',(#8128),#8162,.T.);
#8128 = FACE_BOUND('',#8129,.T.);
#8129 = EDGE_LOOP('',(#8130,#8140,#8148,#8156));
#8130 = ORIENTED_EDGE('',*,*,#8131,.F.);
#8131 = EDGE_CURVE('',#8132,#8134,#8136,.T.);
#8132 = VERTEX_POINT('',#8133);
#8133 = CARTESIAN_POINT('',(122.9,-70.232893,1.51));
#8134 = VERTEX_POINT('',#8135);
#8135 = CARTESIAN_POINT('',(123.5344041613,-70.8672971613,1.51));
#8136 = LINE('',#8137,#8138);
#8137 = CARTESIAN_POINT('',(122.9,-70.232893,1.51));
#8138 = VECTOR('',#8139,1.);
#8139 = DIRECTION('',(0.707106781187,-0.707106781187,0.));
#8140 = ORIENTED_EDGE('',*,*,#8141,.T.);
#8141 = EDGE_CURVE('',#8132,#8142,#8144,.T.);
#8142 = VERTEX_POINT('',#8143);
#8143 = CARTESIAN_POINT('',(122.9,-70.232893,1.545));
#8144 = LINE('',#8145,#8146);
#8145 = CARTESIAN_POINT('',(122.9,-70.232893,1.51));
#8146 = VECTOR('',#8147,1.);
#8147 = DIRECTION('',(0.,0.,1.));
#8148 = ORIENTED_EDGE('',*,*,#8149,.T.);
#8149 = EDGE_CURVE('',#8142,#8150,#8152,.T.);
#8150 = VERTEX_POINT('',#8151);
#8151 = CARTESIAN_POINT('',(123.5344041613,-70.8672971613,1.545));
#8152 = LINE('',#8153,#8154);
#8153 = CARTESIAN_POINT('',(122.9,-70.232893,1.545));
#8154 = VECTOR('',#8155,1.);
#8155 = DIRECTION('',(0.707106781187,-0.707106781187,0.));
#8156 = ORIENTED_EDGE('',*,*,#8157,.T.);
#8157 = EDGE_CURVE('',#8150,#8134,#8158,.T.);
#8158 = LINE('',#8159,#8160);
#8159 = CARTESIAN_POINT('',(123.5344041613,-70.8672971613,1.51));
#8160 = VECTOR('',#8161,1.);
#8161 = DIRECTION('',(-0.,-0.,-1.));
#8162 = PLANE('',#8163);
#8163 = AXIS2_PLACEMENT_3D('',#8164,#8165,#8166);
#8164 = CARTESIAN_POINT('',(122.9,-70.232893,1.51));
#8165 = DIRECTION('',(0.707106781187,0.707106781187,-0.));
#8166 = DIRECTION('',(0.707106781187,-0.707106781187,0.));
#8167 = ADVANCED_FACE('',(#8168,#8280),#8291,.F.);
#8168 = FACE_BOUND('',#8169,.F.);
#8169 = EDGE_LOOP('',(#8170,#8171,#8179,#8188,#8196,#8205,#8213,#8222,
    #8230,#8239,#8247,#8256,#8264,#8273));
#8170 = ORIENTED_EDGE('',*,*,#8131,.F.);
#8171 = ORIENTED_EDGE('',*,*,#8172,.F.);
#8172 = EDGE_CURVE('',#8173,#8132,#8175,.T.);
#8173 = VERTEX_POINT('',#8174);
#8174 = CARTESIAN_POINT('',(122.9,-68.56994847844,1.51));
#8175 = LINE('',#8176,#8177);
#8176 = CARTESIAN_POINT('',(122.9,-67.25,1.51));
#8177 = VECTOR('',#8178,1.);
#8178 = DIRECTION('',(0.,-1.,0.));
#8179 = ORIENTED_EDGE('',*,*,#8180,.F.);
#8180 = EDGE_CURVE('',#8181,#8173,#8183,.T.);
#8181 = VERTEX_POINT('',#8182);
#8182 = CARTESIAN_POINT('',(123.1,-68.325001,1.51));
#8183 = CIRCLE('',#8184,0.249997252596);
#8184 = AXIS2_PLACEMENT_3D('',#8185,#8186,#8187);
#8185 = CARTESIAN_POINT('',(122.8500027474,-68.32500174741,1.51));
#8186 = DIRECTION('',(0.,0.,-1.));
#8187 = DIRECTION('',(0.999999999996,2.989708719068E-06,0.));
#8188 = ORIENTED_EDGE('',*,*,#8189,.F.);
#8189 = EDGE_CURVE('',#8190,#8181,#8192,.T.);
#8190 = VERTEX_POINT('',#8191);
#8191 = CARTESIAN_POINT('',(123.099999,-66.175,1.51));
#8192 = LINE('',#8193,#8194);
#8193 = CARTESIAN_POINT('',(123.099999,-66.175,1.51));
#8194 = VECTOR('',#8195,1.);
#8195 = DIRECTION('',(4.651160615624E-07,-1.,0.));
#8196 = ORIENTED_EDGE('',*,*,#8197,.F.);
#8197 = EDGE_CURVE('',#8198,#8190,#8200,.T.);
#8198 = VERTEX_POINT('',#8199);
#8199 = CARTESIAN_POINT('',(122.850001,-65.925,1.51));
#8200 = CIRCLE('',#8201,0.249997252596);
#8201 = AXIS2_PLACEMENT_3D('',#8202,#8203,#8204);
#8202 = CARTESIAN_POINT('',(122.85000174741,-66.17499725259,1.51));
#8203 = DIRECTION('',(0.,0.,-1.));
#8204 = DIRECTION('',(-2.989708662224E-06,0.999999999996,0.));
#8205 = ORIENTED_EDGE('',*,*,#8206,.F.);
#8206 = EDGE_CURVE('',#8207,#8198,#8209,.T.);
#8207 = VERTEX_POINT('',#8208);
#8208 = CARTESIAN_POINT('',(121.95,-65.925001,1.51));
#8209 = LINE('',#8210,#8211);
#8210 = CARTESIAN_POINT('',(121.95,-65.925001,1.51));
#8211 = VECTOR('',#8212,1.);
#8212 = DIRECTION('',(0.999999999999,1.111109873739E-06,0.));
#8213 = ORIENTED_EDGE('',*,*,#8214,.F.);
#8214 = EDGE_CURVE('',#8215,#8207,#8217,.T.);
#8215 = VERTEX_POINT('',#8216);
#8216 = CARTESIAN_POINT('',(121.7,-66.174999,1.51));
#8217 = CIRCLE('',#8218,0.249997252596);
#8218 = AXIS2_PLACEMENT_3D('',#8219,#8220,#8221);
#8219 = CARTESIAN_POINT('',(121.94999725259,-66.17499825258,1.51));
#8220 = DIRECTION('',(0.,0.,-1.));
#8221 = DIRECTION('',(-0.999999999996,-2.989708719068E-06,-0.));
#8222 = ORIENTED_EDGE('',*,*,#8223,.F.);
#8223 = EDGE_CURVE('',#8224,#8215,#8226,.T.);
#8224 = VERTEX_POINT('',#8225);
#8225 = CARTESIAN_POINT('',(121.700001,-68.325,1.51));
#8226 = LINE('',#8227,#8228);
#8227 = CARTESIAN_POINT('',(121.700001,-68.325,1.51));
#8228 = VECTOR('',#8229,1.);
#8229 = DIRECTION('',(-4.651160615624E-07,1.,0.));
#8230 = ORIENTED_EDGE('',*,*,#8231,.F.);
#8231 = EDGE_CURVE('',#8232,#8224,#8234,.T.);
#8232 = VERTEX_POINT('',#8233);
#8233 = CARTESIAN_POINT('',(121.9,-68.56994927431,1.51));
#8234 = CIRCLE('',#8235,0.249997252596);
#8235 = AXIS2_PLACEMENT_3D('',#8236,#8237,#8238);
#8236 = CARTESIAN_POINT('',(121.94999825258,-68.3250027474,1.51));
#8237 = DIRECTION('',(0.,0.,-1.));
#8238 = DIRECTION('',(2.989708719068E-06,-0.999999999996,0.));
#8239 = ORIENTED_EDGE('',*,*,#8240,.F.);
#8240 = EDGE_CURVE('',#8241,#8232,#8243,.T.);
#8241 = VERTEX_POINT('',#8242);
#8242 = CARTESIAN_POINT('',(121.9,-70.44,1.51));
#8243 = LINE('',#8244,#8245);
#8244 = CARTESIAN_POINT('',(121.9,-70.44,1.51));
#8245 = VECTOR('',#8246,1.);
#8246 = DIRECTION('',(0.,1.,0.));
#8247 = ORIENTED_EDGE('',*,*,#8248,.F.);
#8248 = EDGE_CURVE('',#8249,#8241,#8251,.T.);
#8249 = VERTEX_POINT('',#8250);
#8250 = CARTESIAN_POINT('',(122.046447,-70.793553,1.51));
#8251 = CIRCLE('',#8252,0.499992432518);
#8252 = AXIS2_PLACEMENT_3D('',#8253,#8254,#8255);
#8253 = CARTESIAN_POINT('',(122.39999243251,-70.44000235338,1.51));
#8254 = DIRECTION('',(0.,0.,-1.));
#8255 = DIRECTION('',(-0.707101566982,-0.707111995353,-0.));
#8256 = ORIENTED_EDGE('',*,*,#8257,.F.);
#8257 = EDGE_CURVE('',#8258,#8249,#8260,.T.);
#8258 = VERTEX_POINT('',#8259);
#8259 = CARTESIAN_POINT('',(122.82729722832,-71.57440382439,1.51));
#8260 = LINE('',#8261,#8262);
#8261 = CARTESIAN_POINT('',(123.356447,-72.103554,1.51));
#8262 = VECTOR('',#8263,1.);
#8263 = DIRECTION('',(-0.707106511299,0.707107051074,0.));
#8264 = ORIENTED_EDGE('',*,*,#8265,.T.);
#8265 = EDGE_CURVE('',#8258,#8266,#8268,.T.);
#8266 = VERTEX_POINT('',#8267);
#8267 = CARTESIAN_POINT('',(124.609999,-71.75,1.51));
#8268 = CIRCLE('',#8269,0.899999);
#8269 = AXIS2_PLACEMENT_3D('',#8270,#8271,#8272);
#8270 = CARTESIAN_POINT('',(123.71,-71.75,1.51));
#8271 = DIRECTION('',(0.,0.,1.));
#8272 = DIRECTION('',(1.,0.,-0.));
#8273 = ORIENTED_EDGE('',*,*,#8274,.T.);
#8274 = EDGE_CURVE('',#8266,#8134,#8275,.T.);
#8275 = CIRCLE('',#8276,0.899999);
#8276 = AXIS2_PLACEMENT_3D('',#8277,#8278,#8279);
#8277 = CARTESIAN_POINT('',(123.71,-71.75,1.51));
#8278 = DIRECTION('',(0.,0.,1.));
#8279 = DIRECTION('',(1.,0.,-0.));
#8280 = FACE_BOUND('',#8281,.F.);
#8281 = EDGE_LOOP('',(#8282));
#8282 = ORIENTED_EDGE('',*,*,#8283,.T.);
#8283 = EDGE_CURVE('',#8284,#8284,#8286,.T.);
#8284 = VERTEX_POINT('',#8285);
#8285 = CARTESIAN_POINT('',(123.71,-72.2,1.51));
#8286 = CIRCLE('',#8287,0.45);
#8287 = AXIS2_PLACEMENT_3D('',#8288,#8289,#8290);
#8288 = CARTESIAN_POINT('',(123.71,-71.75,1.51));
#8289 = DIRECTION('',(-0.,0.,-1.));
#8290 = DIRECTION('',(-3.157967714489E-14,-1.,0.));
#8291 = PLANE('',#8292);
#8292 = AXIS2_PLACEMENT_3D('',#8293,#8294,#8295);
#8293 = CARTESIAN_POINT('',(0.,0.,1.51));
#8294 = DIRECTION('',(0.,0.,1.));
#8295 = DIRECTION('',(1.,0.,-0.));
#8296 = ADVANCED_FACE('',(#8297),#8333,.T.);
#8297 = FACE_BOUND('',#8298,.F.);
#8298 = EDGE_LOOP('',(#8299,#8300,#8308,#8315,#8316,#8317,#8325,#8332));
#8299 = ORIENTED_EDGE('',*,*,#8274,.F.);
#8300 = ORIENTED_EDGE('',*,*,#8301,.T.);
#8301 = EDGE_CURVE('',#8266,#8302,#8304,.T.);
#8302 = VERTEX_POINT('',#8303);
#8303 = CARTESIAN_POINT('',(124.609999,-71.75,1.55));
#8304 = LINE('',#8305,#8306);
#8305 = CARTESIAN_POINT('',(124.609999,-71.75,1.51));
#8306 = VECTOR('',#8307,1.);
#8307 = DIRECTION('',(0.,0.,1.));
#8308 = ORIENTED_EDGE('',*,*,#8309,.T.);
#8309 = EDGE_CURVE('',#8302,#8302,#8310,.T.);
#8310 = CIRCLE('',#8311,0.899999);
#8311 = AXIS2_PLACEMENT_3D('',#8312,#8313,#8314);
#8312 = CARTESIAN_POINT('',(123.71,-71.75,1.55));
#8313 = DIRECTION('',(0.,0.,1.));
#8314 = DIRECTION('',(1.,0.,-0.));
#8315 = ORIENTED_EDGE('',*,*,#8301,.F.);
#8316 = ORIENTED_EDGE('',*,*,#8265,.F.);
#8317 = ORIENTED_EDGE('',*,*,#8318,.F.);
#8318 = EDGE_CURVE('',#8319,#8258,#8321,.T.);
#8319 = VERTEX_POINT('',#8320);
#8320 = CARTESIAN_POINT('',(122.82729722833,-71.5744038244,1.545));
#8321 = LINE('',#8322,#8323);
#8322 = CARTESIAN_POINT('',(122.82729722832,-71.57440382439,1.51));
#8323 = VECTOR('',#8324,1.);
#8324 = DIRECTION('',(-0.,-0.,-1.));
#8325 = ORIENTED_EDGE('',*,*,#8326,.T.);
#8326 = EDGE_CURVE('',#8319,#8150,#8327,.T.);
#8327 = CIRCLE('',#8328,0.899999);
#8328 = AXIS2_PLACEMENT_3D('',#8329,#8330,#8331);
#8329 = CARTESIAN_POINT('',(123.71,-71.75,1.545));
#8330 = DIRECTION('',(0.,-0.,-1.));
#8331 = DIRECTION('',(1.,0.,-0.));
#8332 = ORIENTED_EDGE('',*,*,#8157,.T.);
#8333 = CYLINDRICAL_SURFACE('',#8334,0.899999);
#8334 = AXIS2_PLACEMENT_3D('',#8335,#8336,#8337);
#8335 = CARTESIAN_POINT('',(123.71,-71.75,1.51));
#8336 = DIRECTION('',(-0.,-0.,-1.));
#8337 = DIRECTION('',(1.,0.,-0.));
#8338 = ADVANCED_FACE('',(#8339),#8400,.T.);
#8339 = FACE_BOUND('',#8340,.T.);
#8340 = EDGE_LOOP('',(#8341,#8342,#8350,#8359,#8367,#8376,#8384,#8393,
    #8399));
#8341 = ORIENTED_EDGE('',*,*,#8149,.F.);
#8342 = ORIENTED_EDGE('',*,*,#8343,.F.);
#8343 = EDGE_CURVE('',#8344,#8142,#8346,.T.);
#8344 = VERTEX_POINT('',#8345);
#8345 = CARTESIAN_POINT('',(122.9,-68.56994847843,1.545));
#8346 = LINE('',#8347,#8348);
#8347 = CARTESIAN_POINT('',(122.9,-67.25,1.545));
#8348 = VECTOR('',#8349,1.);
#8349 = DIRECTION('',(0.,-1.,0.));
#8350 = ORIENTED_EDGE('',*,*,#8351,.T.);
#8351 = EDGE_CURVE('',#8344,#8352,#8354,.T.);
#8352 = VERTEX_POINT('',#8353);
#8353 = CARTESIAN_POINT('',(122.85,-68.574999,1.545));
#8354 = CIRCLE('',#8355,0.249997252596);
#8355 = AXIS2_PLACEMENT_3D('',#8356,#8357,#8358);
#8356 = CARTESIAN_POINT('',(122.8500027474,-68.32500174741,1.545));
#8357 = DIRECTION('',(0.,0.,-1.));
#8358 = DIRECTION('',(0.999999999996,2.989708719068E-06,0.));
#8359 = ORIENTED_EDGE('',*,*,#8360,.F.);
#8360 = EDGE_CURVE('',#8361,#8352,#8363,.T.);
#8361 = VERTEX_POINT('',#8362);
#8362 = CARTESIAN_POINT('',(121.949999,-68.575,1.545));
#8363 = LINE('',#8364,#8365);
#8364 = CARTESIAN_POINT('',(61.425038097255,-68.57506724988,1.545));
#8365 = VECTOR('',#8366,1.);
#8366 = DIRECTION('',(0.999999999999,1.111109873739E-06,-0.));
#8367 = ORIENTED_EDGE('',*,*,#8368,.T.);
#8368 = EDGE_CURVE('',#8361,#8369,#8371,.T.);
#8369 = VERTEX_POINT('',#8370);
#8370 = CARTESIAN_POINT('',(121.9,-68.56994927432,1.545));
#8371 = CIRCLE('',#8372,0.249997252596);
#8372 = AXIS2_PLACEMENT_3D('',#8373,#8374,#8375);
#8373 = CARTESIAN_POINT('',(121.94999825258,-68.3250027474,1.545));
#8374 = DIRECTION('',(0.,0.,-1.));
#8375 = DIRECTION('',(2.989708719068E-06,-0.999999999996,0.));
#8376 = ORIENTED_EDGE('',*,*,#8377,.F.);
#8377 = EDGE_CURVE('',#8378,#8369,#8380,.T.);
#8378 = VERTEX_POINT('',#8379);
#8379 = CARTESIAN_POINT('',(121.9,-70.44,1.545));
#8380 = LINE('',#8381,#8382);
#8381 = CARTESIAN_POINT('',(121.9,-70.44,1.545));
#8382 = VECTOR('',#8383,1.);
#8383 = DIRECTION('',(0.,1.,0.));
#8384 = ORIENTED_EDGE('',*,*,#8385,.F.);
#8385 = EDGE_CURVE('',#8386,#8378,#8388,.T.);
#8386 = VERTEX_POINT('',#8387);
#8387 = CARTESIAN_POINT('',(122.046447,-70.793553,1.545));
#8388 = CIRCLE('',#8389,0.499992432518);
#8389 = AXIS2_PLACEMENT_3D('',#8390,#8391,#8392);
#8390 = CARTESIAN_POINT('',(122.39999243251,-70.44000235338,1.545));
#8391 = DIRECTION('',(0.,0.,-1.));
#8392 = DIRECTION('',(-0.707101566982,-0.707111995353,-0.));
#8393 = ORIENTED_EDGE('',*,*,#8394,.F.);
#8394 = EDGE_CURVE('',#8319,#8386,#8395,.T.);
#8395 = LINE('',#8396,#8397);
#8396 = CARTESIAN_POINT('',(123.356447,-72.103554,1.545));
#8397 = VECTOR('',#8398,1.);
#8398 = DIRECTION('',(-0.707106511299,0.707107051074,0.));
#8399 = ORIENTED_EDGE('',*,*,#8326,.T.);
#8400 = PLANE('',#8401);
#8401 = AXIS2_PLACEMENT_3D('',#8402,#8403,#8404);
#8402 = CARTESIAN_POINT('',(0.,0.,1.545));
#8403 = DIRECTION('',(0.,0.,1.));
#8404 = DIRECTION('',(1.,0.,-0.));
#8405 = ADVANCED_FACE('',(#8406),#8417,.T.);
#8406 = FACE_BOUND('',#8407,.T.);
#8407 = EDGE_LOOP('',(#8408,#8409,#8415,#8416));
#8408 = ORIENTED_EDGE('',*,*,#8172,.F.);
#8409 = ORIENTED_EDGE('',*,*,#8410,.F.);
#8410 = EDGE_CURVE('',#8344,#8173,#8411,.T.);
#8411 = LINE('',#8412,#8413);
#8412 = CARTESIAN_POINT('',(122.9,-68.56994847844,1.51));
#8413 = VECTOR('',#8414,1.);
#8414 = DIRECTION('',(0.,0.,-1.));
#8415 = ORIENTED_EDGE('',*,*,#8343,.T.);
#8416 = ORIENTED_EDGE('',*,*,#8141,.F.);
#8417 = PLANE('',#8418);
#8418 = AXIS2_PLACEMENT_3D('',#8419,#8420,#8421);
#8419 = CARTESIAN_POINT('',(122.9,-67.25,1.51));
#8420 = DIRECTION('',(1.,0.,-0.));
#8421 = DIRECTION('',(0.,-1.,0.));
#8422 = ADVANCED_FACE('',(#8423),#8434,.T.);
#8423 = FACE_BOUND('',#8424,.T.);
#8424 = EDGE_LOOP('',(#8425,#8426,#8427,#8428));
#8425 = ORIENTED_EDGE('',*,*,#8257,.F.);
#8426 = ORIENTED_EDGE('',*,*,#8318,.F.);
#8427 = ORIENTED_EDGE('',*,*,#8394,.T.);
#8428 = ORIENTED_EDGE('',*,*,#8429,.F.);
#8429 = EDGE_CURVE('',#8249,#8386,#8430,.T.);
#8430 = LINE('',#8431,#8432);
#8431 = CARTESIAN_POINT('',(122.046447,-70.793553,1.51));
#8432 = VECTOR('',#8433,1.);
#8433 = DIRECTION('',(0.,0.,1.));
#8434 = PLANE('',#8435);
#8435 = AXIS2_PLACEMENT_3D('',#8436,#8437,#8438);
#8436 = CARTESIAN_POINT('',(123.356447,-72.103554,1.51));
#8437 = DIRECTION('',(-0.707107051074,-0.707106511299,0.));
#8438 = DIRECTION('',(-0.707106511299,0.707107051074,0.));
#8439 = ADVANCED_FACE('',(#8440),#8451,.T.);
#8440 = FACE_BOUND('',#8441,.T.);
#8441 = EDGE_LOOP('',(#8442,#8443,#8444,#8450));
#8442 = ORIENTED_EDGE('',*,*,#8429,.T.);
#8443 = ORIENTED_EDGE('',*,*,#8385,.T.);
#8444 = ORIENTED_EDGE('',*,*,#8445,.F.);
#8445 = EDGE_CURVE('',#8241,#8378,#8446,.T.);
#8446 = LINE('',#8447,#8448);
#8447 = CARTESIAN_POINT('',(121.9,-70.44,1.51));
#8448 = VECTOR('',#8449,1.);
#8449 = DIRECTION('',(0.,0.,1.));
#8450 = ORIENTED_EDGE('',*,*,#8248,.F.);
#8451 = CYLINDRICAL_SURFACE('',#8452,0.499992432518);
#8452 = AXIS2_PLACEMENT_3D('',#8453,#8454,#8455);
#8453 = CARTESIAN_POINT('',(122.39999243251,-70.44000235338,1.51));
#8454 = DIRECTION('',(0.,0.,-1.));
#8455 = DIRECTION('',(-0.707101566982,-0.707111995353,-0.));
#8456 = ADVANCED_FACE('',(#8457),#8468,.T.);
#8457 = FACE_BOUND('',#8458,.T.);
#8458 = EDGE_LOOP('',(#8459,#8460,#8461,#8462));
#8459 = ORIENTED_EDGE('',*,*,#8240,.F.);
#8460 = ORIENTED_EDGE('',*,*,#8445,.T.);
#8461 = ORIENTED_EDGE('',*,*,#8377,.T.);
#8462 = ORIENTED_EDGE('',*,*,#8463,.T.);
#8463 = EDGE_CURVE('',#8369,#8232,#8464,.T.);
#8464 = LINE('',#8465,#8466);
#8465 = CARTESIAN_POINT('',(121.9,-68.56994927431,1.51));
#8466 = VECTOR('',#8467,1.);
#8467 = DIRECTION('',(0.,0.,-1.));
#8468 = PLANE('',#8469);
#8469 = AXIS2_PLACEMENT_3D('',#8470,#8471,#8472);
#8470 = CARTESIAN_POINT('',(121.9,-70.44,1.51));
#8471 = DIRECTION('',(-1.,0.,0.));
#8472 = DIRECTION('',(0.,1.,0.));
#8473 = ADVANCED_FACE('',(#8474,#8477),#8488,.T.);
#8474 = FACE_BOUND('',#8475,.T.);
#8475 = EDGE_LOOP('',(#8476));
#8476 = ORIENTED_EDGE('',*,*,#8309,.T.);
#8477 = FACE_BOUND('',#8478,.T.);
#8478 = EDGE_LOOP('',(#8479));
#8479 = ORIENTED_EDGE('',*,*,#8480,.T.);
#8480 = EDGE_CURVE('',#8481,#8481,#8483,.T.);
#8481 = VERTEX_POINT('',#8482);
#8482 = CARTESIAN_POINT('',(123.71,-72.175,1.55));
#8483 = CIRCLE('',#8484,0.425);
#8484 = AXIS2_PLACEMENT_3D('',#8485,#8486,#8487);
#8485 = CARTESIAN_POINT('',(123.71,-71.75,1.55));
#8486 = DIRECTION('',(-0.,0.,-1.));
#8487 = DIRECTION('',(-3.343730521224E-14,-1.,0.));
#8488 = PLANE('',#8489);
#8489 = AXIS2_PLACEMENT_3D('',#8490,#8491,#8492);
#8490 = CARTESIAN_POINT('',(0.,0.,1.55));
#8491 = DIRECTION('',(0.,0.,1.));
#8492 = DIRECTION('',(1.,0.,-0.));
#8493 = ADVANCED_FACE('',(#8494),#8522,.T.);
#8494 = FACE_BOUND('',#8495,.T.);
#8495 = EDGE_LOOP('',(#8496,#8497,#8505,#8514,#8520,#8521));
#8496 = ORIENTED_EDGE('',*,*,#8368,.F.);
#8497 = ORIENTED_EDGE('',*,*,#8498,.T.);
#8498 = EDGE_CURVE('',#8361,#8499,#8501,.T.);
#8499 = VERTEX_POINT('',#8500);
#8500 = CARTESIAN_POINT('',(121.949999,-68.575,1.55));
#8501 = LINE('',#8502,#8503);
#8502 = CARTESIAN_POINT('',(121.949999,-68.575,1.51));
#8503 = VECTOR('',#8504,1.);
#8504 = DIRECTION('',(0.,0.,1.));
#8505 = ORIENTED_EDGE('',*,*,#8506,.T.);
#8506 = EDGE_CURVE('',#8499,#8507,#8509,.T.);
#8507 = VERTEX_POINT('',#8508);
#8508 = CARTESIAN_POINT('',(121.700001,-68.325,1.55));
#8509 = CIRCLE('',#8510,0.249997252596);
#8510 = AXIS2_PLACEMENT_3D('',#8511,#8512,#8513);
#8511 = CARTESIAN_POINT('',(121.94999825258,-68.3250027474,1.55));
#8512 = DIRECTION('',(0.,0.,-1.));
#8513 = DIRECTION('',(2.989708719068E-06,-0.999999999996,0.));
#8514 = ORIENTED_EDGE('',*,*,#8515,.F.);
#8515 = EDGE_CURVE('',#8224,#8507,#8516,.T.);
#8516 = LINE('',#8517,#8518);
#8517 = CARTESIAN_POINT('',(121.700001,-68.325,1.51));
#8518 = VECTOR('',#8519,1.);
#8519 = DIRECTION('',(0.,0.,1.));
#8520 = ORIENTED_EDGE('',*,*,#8231,.F.);
#8521 = ORIENTED_EDGE('',*,*,#8463,.F.);
#8522 = CYLINDRICAL_SURFACE('',#8523,0.249997252596);
#8523 = AXIS2_PLACEMENT_3D('',#8524,#8525,#8526);
#8524 = CARTESIAN_POINT('',(121.94999825258,-68.3250027474,1.51));
#8525 = DIRECTION('',(0.,0.,-1.));
#8526 = DIRECTION('',(2.989708719068E-06,-0.999999999996,0.));
#8527 = ADVANCED_FACE('',(#8528),#8546,.T.);
#8528 = FACE_BOUND('',#8529,.T.);
#8529 = EDGE_LOOP('',(#8530,#8531,#8539,#8545));
#8530 = ORIENTED_EDGE('',*,*,#8360,.T.);
#8531 = ORIENTED_EDGE('',*,*,#8532,.T.);
#8532 = EDGE_CURVE('',#8352,#8533,#8535,.T.);
#8533 = VERTEX_POINT('',#8534);
#8534 = CARTESIAN_POINT('',(122.85,-68.574999,1.55));
#8535 = LINE('',#8536,#8537);
#8536 = CARTESIAN_POINT('',(122.85,-68.574999,1.51));
#8537 = VECTOR('',#8538,1.);
#8538 = DIRECTION('',(0.,0.,1.));
#8539 = ORIENTED_EDGE('',*,*,#8540,.T.);
#8540 = EDGE_CURVE('',#8533,#8499,#8541,.T.);
#8541 = LINE('',#8542,#8543);
#8542 = CARTESIAN_POINT('',(122.85,-68.574999,1.55));
#8543 = VECTOR('',#8544,1.);
#8544 = DIRECTION('',(-0.999999999999,-1.111109873739E-06,0.));
#8545 = ORIENTED_EDGE('',*,*,#8498,.F.);
#8546 = PLANE('',#8547);
#8547 = AXIS2_PLACEMENT_3D('',#8548,#8549,#8550);
#8548 = CARTESIAN_POINT('',(122.85,-68.574999,1.51));
#8549 = DIRECTION('',(1.111109873739E-06,-0.999999999999,0.));
#8550 = DIRECTION('',(-0.999999999999,-1.111109873739E-06,0.));
#8551 = ADVANCED_FACE('',(#8552),#8573,.T.);
#8552 = FACE_BOUND('',#8553,.T.);
#8553 = EDGE_LOOP('',(#8554,#8555,#8563,#8570,#8571,#8572));
#8554 = ORIENTED_EDGE('',*,*,#8180,.F.);
#8555 = ORIENTED_EDGE('',*,*,#8556,.T.);
#8556 = EDGE_CURVE('',#8181,#8557,#8559,.T.);
#8557 = VERTEX_POINT('',#8558);
#8558 = CARTESIAN_POINT('',(123.1,-68.325001,1.55));
#8559 = LINE('',#8560,#8561);
#8560 = CARTESIAN_POINT('',(123.1,-68.325001,1.51));
#8561 = VECTOR('',#8562,1.);
#8562 = DIRECTION('',(0.,0.,1.));
#8563 = ORIENTED_EDGE('',*,*,#8564,.T.);
#8564 = EDGE_CURVE('',#8557,#8533,#8565,.T.);
#8565 = CIRCLE('',#8566,0.249997252596);
#8566 = AXIS2_PLACEMENT_3D('',#8567,#8568,#8569);
#8567 = CARTESIAN_POINT('',(122.8500027474,-68.32500174741,1.55));
#8568 = DIRECTION('',(0.,0.,-1.));
#8569 = DIRECTION('',(0.999999999996,2.989708719068E-06,0.));
#8570 = ORIENTED_EDGE('',*,*,#8532,.F.);
#8571 = ORIENTED_EDGE('',*,*,#8351,.F.);
#8572 = ORIENTED_EDGE('',*,*,#8410,.T.);
#8573 = CYLINDRICAL_SURFACE('',#8574,0.249997252596);
#8574 = AXIS2_PLACEMENT_3D('',#8575,#8576,#8577);
#8575 = CARTESIAN_POINT('',(122.8500027474,-68.32500174741,1.51));
#8576 = DIRECTION('',(0.,0.,-1.));
#8577 = DIRECTION('',(0.999999999996,2.989708719068E-06,0.));
#8578 = ADVANCED_FACE('',(#8579),#8598,.T.);
#8579 = FACE_BOUND('',#8580,.F.);
#8580 = EDGE_LOOP('',(#8581,#8590,#8596,#8597));
#8581 = ORIENTED_EDGE('',*,*,#8582,.T.);
#8582 = EDGE_CURVE('',#8583,#8583,#8585,.T.);
#8583 = VERTEX_POINT('',#8584);
#8584 = CARTESIAN_POINT('',(123.71,-72.2,0.));
#8585 = CIRCLE('',#8586,0.45);
#8586 = AXIS2_PLACEMENT_3D('',#8587,#8588,#8589);
#8587 = CARTESIAN_POINT('',(123.71,-71.75,0.));
#8588 = DIRECTION('',(-0.,0.,-1.));
#8589 = DIRECTION('',(-3.157967714489E-14,-1.,0.));
#8590 = ORIENTED_EDGE('',*,*,#8591,.T.);
#8591 = EDGE_CURVE('',#8583,#8284,#8592,.T.);
#8592 = LINE('',#8593,#8594);
#8593 = CARTESIAN_POINT('',(123.71,-72.2,-4.E-02));
#8594 = VECTOR('',#8595,1.);
#8595 = DIRECTION('',(0.,0.,1.));
#8596 = ORIENTED_EDGE('',*,*,#8283,.F.);
#8597 = ORIENTED_EDGE('',*,*,#8591,.F.);
#8598 = CYLINDRICAL_SURFACE('',#8599,0.45);
#8599 = AXIS2_PLACEMENT_3D('',#8600,#8601,#8602);
#8600 = CARTESIAN_POINT('',(123.71,-71.75,-4.E-02));
#8601 = DIRECTION('',(-0.,-0.,-1.));
#8602 = DIRECTION('',(-3.157967714489E-14,-1.,0.));
#8603 = ADVANCED_FACE('',(#8604),#8623,.F.);
#8604 = FACE_BOUND('',#8605,.T.);
#8605 = EDGE_LOOP('',(#8606,#8615,#8621,#8622));
#8606 = ORIENTED_EDGE('',*,*,#8607,.T.);
#8607 = EDGE_CURVE('',#8608,#8608,#8610,.T.);
#8608 = VERTEX_POINT('',#8609);
#8609 = CARTESIAN_POINT('',(123.71,-72.175,-4.E-02));
#8610 = CIRCLE('',#8611,0.425);
#8611 = AXIS2_PLACEMENT_3D('',#8612,#8613,#8614);
#8612 = CARTESIAN_POINT('',(123.71,-71.75,-4.E-02));
#8613 = DIRECTION('',(-0.,0.,-1.));
#8614 = DIRECTION('',(-3.343730521224E-14,-1.,0.));
#8615 = ORIENTED_EDGE('',*,*,#8616,.T.);
#8616 = EDGE_CURVE('',#8608,#8481,#8617,.T.);
#8617 = LINE('',#8618,#8619);
#8618 = CARTESIAN_POINT('',(123.71,-72.175,-4.6E-02));
#8619 = VECTOR('',#8620,1.);
#8620 = DIRECTION('',(0.,0.,1.));
#8621 = ORIENTED_EDGE('',*,*,#8480,.F.);
#8622 = ORIENTED_EDGE('',*,*,#8616,.F.);
#8623 = CYLINDRICAL_SURFACE('',#8624,0.425);
#8624 = AXIS2_PLACEMENT_3D('',#8625,#8626,#8627);
#8625 = CARTESIAN_POINT('',(123.71,-71.75,-4.6E-02));
#8626 = DIRECTION('',(-0.,-0.,-1.));
#8627 = DIRECTION('',(-3.343730521224E-14,-1.,0.));
#8628 = ADVANCED_FACE('',(#8629),#8647,.T.);
#8629 = FACE_BOUND('',#8630,.T.);
#8630 = EDGE_LOOP('',(#8631,#8632,#8640,#8646));
#8631 = ORIENTED_EDGE('',*,*,#8515,.T.);
#8632 = ORIENTED_EDGE('',*,*,#8633,.T.);
#8633 = EDGE_CURVE('',#8507,#8634,#8636,.T.);
#8634 = VERTEX_POINT('',#8635);
#8635 = CARTESIAN_POINT('',(121.7,-66.174999,1.55));
#8636 = LINE('',#8637,#8638);
#8637 = CARTESIAN_POINT('',(121.700001,-68.325,1.55));
#8638 = VECTOR('',#8639,1.);
#8639 = DIRECTION('',(-4.651160615624E-07,1.,0.));
#8640 = ORIENTED_EDGE('',*,*,#8641,.F.);
#8641 = EDGE_CURVE('',#8215,#8634,#8642,.T.);
#8642 = LINE('',#8643,#8644);
#8643 = CARTESIAN_POINT('',(121.7,-66.174999,1.51));
#8644 = VECTOR('',#8645,1.);
#8645 = DIRECTION('',(0.,0.,1.));
#8646 = ORIENTED_EDGE('',*,*,#8223,.F.);
#8647 = PLANE('',#8648);
#8648 = AXIS2_PLACEMENT_3D('',#8649,#8650,#8651);
#8649 = CARTESIAN_POINT('',(121.700001,-68.325,1.51));
#8650 = DIRECTION('',(-1.,-4.651160615624E-07,0.));
#8651 = DIRECTION('',(-4.651160615624E-07,1.,0.));
#8652 = ADVANCED_FACE('',(#8653),#8691,.T.);
#8653 = FACE_BOUND('',#8654,.F.);
#8654 = EDGE_LOOP('',(#8655,#8664,#8672,#8681,#8687,#8688,#8689,#8690));
#8655 = ORIENTED_EDGE('',*,*,#8656,.T.);
#8656 = EDGE_CURVE('',#8634,#8657,#8659,.T.);
#8657 = VERTEX_POINT('',#8658);
#8658 = CARTESIAN_POINT('',(121.95,-65.925001,1.55));
#8659 = CIRCLE('',#8660,0.249997252596);
#8660 = AXIS2_PLACEMENT_3D('',#8661,#8662,#8663);
#8661 = CARTESIAN_POINT('',(121.94999725259,-66.17499825258,1.55));
#8662 = DIRECTION('',(0.,0.,-1.));
#8663 = DIRECTION('',(-0.999999999996,-2.989708719068E-06,-0.));
#8664 = ORIENTED_EDGE('',*,*,#8665,.T.);
#8665 = EDGE_CURVE('',#8657,#8666,#8668,.T.);
#8666 = VERTEX_POINT('',#8667);
#8667 = CARTESIAN_POINT('',(122.850001,-65.925,1.55));
#8668 = LINE('',#8669,#8670);
#8669 = CARTESIAN_POINT('',(121.95,-65.925001,1.55));
#8670 = VECTOR('',#8671,1.);
#8671 = DIRECTION('',(0.999999999999,1.111109873739E-06,0.));
#8672 = ORIENTED_EDGE('',*,*,#8673,.T.);
#8673 = EDGE_CURVE('',#8666,#8674,#8676,.T.);
#8674 = VERTEX_POINT('',#8675);
#8675 = CARTESIAN_POINT('',(123.099999,-66.175,1.55));
#8676 = CIRCLE('',#8677,0.249997252596);
#8677 = AXIS2_PLACEMENT_3D('',#8678,#8679,#8680);
#8678 = CARTESIAN_POINT('',(122.85000174741,-66.17499725259,1.55));
#8679 = DIRECTION('',(0.,0.,-1.));
#8680 = DIRECTION('',(-2.989708662224E-06,0.999999999996,0.));
#8681 = ORIENTED_EDGE('',*,*,#8682,.T.);
#8682 = EDGE_CURVE('',#8674,#8557,#8683,.T.);
#8683 = LINE('',#8684,#8685);
#8684 = CARTESIAN_POINT('',(123.099999,-66.175,1.55));
#8685 = VECTOR('',#8686,1.);
#8686 = DIRECTION('',(4.651160615624E-07,-1.,0.));
#8687 = ORIENTED_EDGE('',*,*,#8564,.T.);
#8688 = ORIENTED_EDGE('',*,*,#8540,.T.);
#8689 = ORIENTED_EDGE('',*,*,#8506,.T.);
#8690 = ORIENTED_EDGE('',*,*,#8633,.T.);
#8691 = PLANE('',#8692);
#8692 = AXIS2_PLACEMENT_3D('',#8693,#8694,#8695);
#8693 = CARTESIAN_POINT('',(0.,0.,1.55));
#8694 = DIRECTION('',(0.,0.,1.));
#8695 = DIRECTION('',(1.,0.,-0.));
#8696 = ADVANCED_FACE('',(#8697),#8708,.T.);
#8697 = FACE_BOUND('',#8698,.T.);
#8698 = EDGE_LOOP('',(#8699,#8705,#8706,#8707));
#8699 = ORIENTED_EDGE('',*,*,#8700,.T.);
#8700 = EDGE_CURVE('',#8190,#8674,#8701,.T.);
#8701 = LINE('',#8702,#8703);
#8702 = CARTESIAN_POINT('',(123.099999,-66.175,1.51));
#8703 = VECTOR('',#8704,1.);
#8704 = DIRECTION('',(0.,0.,1.));
#8705 = ORIENTED_EDGE('',*,*,#8682,.T.);
#8706 = ORIENTED_EDGE('',*,*,#8556,.F.);
#8707 = ORIENTED_EDGE('',*,*,#8189,.F.);
#8708 = PLANE('',#8709);
#8709 = AXIS2_PLACEMENT_3D('',#8710,#8711,#8712);
#8710 = CARTESIAN_POINT('',(123.099999,-66.175,1.51));
#8711 = DIRECTION('',(1.,4.651160615624E-07,-0.));
#8712 = DIRECTION('',(4.651160615624E-07,-1.,0.));
#8713 = ADVANCED_FACE('',(#8714,#8725),#8728,.F.);
#8714 = FACE_BOUND('',#8715,.F.);
#8715 = EDGE_LOOP('',(#8716));
#8716 = ORIENTED_EDGE('',*,*,#8717,.F.);
#8717 = EDGE_CURVE('',#8718,#8718,#8720,.T.);
#8718 = VERTEX_POINT('',#8719);
#8719 = CARTESIAN_POINT('',(124.609999,-71.75,0.));
#8720 = CIRCLE('',#8721,0.899999);
#8721 = AXIS2_PLACEMENT_3D('',#8722,#8723,#8724);
#8722 = CARTESIAN_POINT('',(123.71,-71.75,0.));
#8723 = DIRECTION('',(0.,0.,1.));
#8724 = DIRECTION('',(1.,0.,-0.));
#8725 = FACE_BOUND('',#8726,.F.);
#8726 = EDGE_LOOP('',(#8727));
#8727 = ORIENTED_EDGE('',*,*,#8582,.F.);
#8728 = PLANE('',#8729);
#8729 = AXIS2_PLACEMENT_3D('',#8730,#8731,#8732);
#8730 = CARTESIAN_POINT('',(0.,0.,0.));
#8731 = DIRECTION('',(-0.,-0.,-1.));
#8732 = DIRECTION('',(-1.,0.,0.));
#8733 = ADVANCED_FACE('',(#8734),#8745,.T.);
#8734 = FACE_BOUND('',#8735,.T.);
#8735 = EDGE_LOOP('',(#8736,#8737,#8738,#8744));
#8736 = ORIENTED_EDGE('',*,*,#8641,.T.);
#8737 = ORIENTED_EDGE('',*,*,#8656,.T.);
#8738 = ORIENTED_EDGE('',*,*,#8739,.F.);
#8739 = EDGE_CURVE('',#8207,#8657,#8740,.T.);
#8740 = LINE('',#8741,#8742);
#8741 = CARTESIAN_POINT('',(121.95,-65.925001,1.51));
#8742 = VECTOR('',#8743,1.);
#8743 = DIRECTION('',(0.,0.,1.));
#8744 = ORIENTED_EDGE('',*,*,#8214,.F.);
#8745 = CYLINDRICAL_SURFACE('',#8746,0.249997252596);
#8746 = AXIS2_PLACEMENT_3D('',#8747,#8748,#8749);
#8747 = CARTESIAN_POINT('',(121.94999725259,-66.17499825258,1.51));
#8748 = DIRECTION('',(0.,0.,-1.));
#8749 = DIRECTION('',(-0.999999999996,-2.989708719068E-06,-0.));
#8750 = ADVANCED_FACE('',(#8751),#8762,.T.);
#8751 = FACE_BOUND('',#8752,.T.);
#8752 = EDGE_LOOP('',(#8753,#8754,#8755,#8761));
#8753 = ORIENTED_EDGE('',*,*,#8739,.T.);
#8754 = ORIENTED_EDGE('',*,*,#8665,.T.);
#8755 = ORIENTED_EDGE('',*,*,#8756,.F.);
#8756 = EDGE_CURVE('',#8198,#8666,#8757,.T.);
#8757 = LINE('',#8758,#8759);
#8758 = CARTESIAN_POINT('',(122.850001,-65.925,1.51));
#8759 = VECTOR('',#8760,1.);
#8760 = DIRECTION('',(0.,0.,1.));
#8761 = ORIENTED_EDGE('',*,*,#8206,.F.);
#8762 = PLANE('',#8763);
#8763 = AXIS2_PLACEMENT_3D('',#8764,#8765,#8766);
#8764 = CARTESIAN_POINT('',(121.95,-65.925001,1.51));
#8765 = DIRECTION('',(-1.111109873739E-06,0.999999999999,0.));
#8766 = DIRECTION('',(0.999999999999,1.111109873739E-06,0.));
#8767 = ADVANCED_FACE('',(#8768),#8774,.T.);
#8768 = FACE_BOUND('',#8769,.T.);
#8769 = EDGE_LOOP('',(#8770,#8771,#8772,#8773));
#8770 = ORIENTED_EDGE('',*,*,#8756,.T.);
#8771 = ORIENTED_EDGE('',*,*,#8673,.T.);
#8772 = ORIENTED_EDGE('',*,*,#8700,.F.);
#8773 = ORIENTED_EDGE('',*,*,#8197,.F.);
#8774 = CYLINDRICAL_SURFACE('',#8775,0.249997252596);
#8775 = AXIS2_PLACEMENT_3D('',#8776,#8777,#8778);
#8776 = CARTESIAN_POINT('',(122.85000174741,-66.17499725259,1.51));
#8777 = DIRECTION('',(0.,0.,-1.));
#8778 = DIRECTION('',(-2.989708662224E-06,0.999999999996,0.));
#8779 = ADVANCED_FACE('',(#8780,#8791),#8794,.T.);
#8780 = FACE_BOUND('',#8781,.T.);
#8781 = EDGE_LOOP('',(#8782));
#8782 = ORIENTED_EDGE('',*,*,#8783,.F.);
#8783 = EDGE_CURVE('',#8784,#8784,#8786,.T.);
#8784 = VERTEX_POINT('',#8785);
#8785 = CARTESIAN_POINT('',(124.609999,-71.75,-4.E-02));
#8786 = CIRCLE('',#8787,0.899999);
#8787 = AXIS2_PLACEMENT_3D('',#8788,#8789,#8790);
#8788 = CARTESIAN_POINT('',(123.71,-71.75,-4.E-02));
#8789 = DIRECTION('',(0.,0.,1.));
#8790 = DIRECTION('',(1.,0.,-0.));
#8791 = FACE_BOUND('',#8792,.T.);
#8792 = EDGE_LOOP('',(#8793));
#8793 = ORIENTED_EDGE('',*,*,#8607,.F.);
#8794 = PLANE('',#8795);
#8795 = AXIS2_PLACEMENT_3D('',#8796,#8797,#8798);
#8796 = CARTESIAN_POINT('',(0.,0.,-4.E-02));
#8797 = DIRECTION('',(-0.,-0.,-1.));
#8798 = DIRECTION('',(-1.,0.,0.));
#8799 = ADVANCED_FACE('',(#8800),#8811,.T.);
#8800 = FACE_BOUND('',#8801,.T.);
#8801 = EDGE_LOOP('',(#8802,#8808,#8809,#8810));
#8802 = ORIENTED_EDGE('',*,*,#8803,.T.);
#8803 = EDGE_CURVE('',#8718,#8784,#8804,.T.);
#8804 = LINE('',#8805,#8806);
#8805 = CARTESIAN_POINT('',(124.609999,-71.75,0.));
#8806 = VECTOR('',#8807,1.);
#8807 = DIRECTION('',(0.,0.,-1.));
#8808 = ORIENTED_EDGE('',*,*,#8783,.T.);
#8809 = ORIENTED_EDGE('',*,*,#8803,.F.);
#8810 = ORIENTED_EDGE('',*,*,#8717,.F.);
#8811 = CYLINDRICAL_SURFACE('',#8812,0.899999);
#8812 = AXIS2_PLACEMENT_3D('',#8813,#8814,#8815);
#8813 = CARTESIAN_POINT('',(123.71,-71.75,0.));
#8814 = DIRECTION('',(0.,0.,1.));
#8815 = DIRECTION('',(1.,0.,-0.));
#8816 = MANIFOLD_SOLID_BREP('',#8817);
#8817 = CLOSED_SHELL('',(#8818,#8860,#8891,#8922,#9036,#9096,#9130,#9164
    ,#9181,#9198,#9232,#9249,#9300,#9317,#9337,#9362,#9379,#9396,#9413,
    #9425,#9450,#9470,#9490));
#8818 = ADVANCED_FACE('',(#8819),#8855,.T.);
#8819 = FACE_BOUND('',#8820,.T.);
#8820 = EDGE_LOOP('',(#8821,#8831,#8840,#8848));
#8821 = ORIENTED_EDGE('',*,*,#8822,.T.);
#8822 = EDGE_CURVE('',#8823,#8825,#8827,.T.);
#8823 = VERTEX_POINT('',#8824);
#8824 = CARTESIAN_POINT('',(108.1,-70.44,1.51));
#8825 = VERTEX_POINT('',#8826);
#8826 = CARTESIAN_POINT('',(108.1,-70.44,1.545));
#8827 = LINE('',#8828,#8829);
#8828 = CARTESIAN_POINT('',(108.1,-70.44,1.51));
#8829 = VECTOR('',#8830,1.);
#8830 = DIRECTION('',(0.,0.,1.));
#8831 = ORIENTED_EDGE('',*,*,#8832,.T.);
#8832 = EDGE_CURVE('',#8825,#8833,#8835,.T.);
#8833 = VERTEX_POINT('',#8834);
#8834 = CARTESIAN_POINT('',(107.953554,-70.793553,1.545));
#8835 = CIRCLE('',#8836,0.499997077073);
#8836 = AXIS2_PLACEMENT_3D('',#8837,#8838,#8839);
#8837 = CARTESIAN_POINT('',(107.60000292292,-70.44000142952,1.545));
#8838 = DIRECTION('',(0.,0.,-1.));
#8839 = DIRECTION('',(0.999999999996,2.859072283792E-06,0.));
#8840 = ORIENTED_EDGE('',*,*,#8841,.F.);
#8841 = EDGE_CURVE('',#8842,#8833,#8844,.T.);
#8842 = VERTEX_POINT('',#8843);
#8843 = CARTESIAN_POINT('',(107.953554,-70.793553,1.51));
#8844 = LINE('',#8845,#8846);
#8845 = CARTESIAN_POINT('',(107.953554,-70.793553,1.51));
#8846 = VECTOR('',#8847,1.);
#8847 = DIRECTION('',(0.,0.,1.));
#8848 = ORIENTED_EDGE('',*,*,#8849,.F.);
#8849 = EDGE_CURVE('',#8823,#8842,#8850,.T.);
#8850 = CIRCLE('',#8851,0.499997077073);
#8851 = AXIS2_PLACEMENT_3D('',#8852,#8853,#8854);
#8852 = CARTESIAN_POINT('',(107.60000292292,-70.44000142952,1.51));
#8853 = DIRECTION('',(0.,0.,-1.));
#8854 = DIRECTION('',(0.999999999996,2.859072283792E-06,0.));
#8855 = CYLINDRICAL_SURFACE('',#8856,0.499997077073);
#8856 = AXIS2_PLACEMENT_3D('',#8857,#8858,#8859);
#8857 = CARTESIAN_POINT('',(107.60000292292,-70.44000142952,1.51));
#8858 = DIRECTION('',(0.,0.,-1.));
#8859 = DIRECTION('',(0.999999999996,2.859072283792E-06,0.));
#8860 = ADVANCED_FACE('',(#8861),#8886,.T.);
#8861 = FACE_BOUND('',#8862,.T.);
#8862 = EDGE_LOOP('',(#8863,#8871,#8879,#8885));
#8863 = ORIENTED_EDGE('',*,*,#8864,.F.);
#8864 = EDGE_CURVE('',#8865,#8823,#8867,.T.);
#8865 = VERTEX_POINT('',#8866);
#8866 = CARTESIAN_POINT('',(108.1,-68.56994847844,1.51));
#8867 = LINE('',#8868,#8869);
#8868 = CARTESIAN_POINT('',(108.1,-67.25,1.51));
#8869 = VECTOR('',#8870,1.);
#8870 = DIRECTION('',(0.,-1.,0.));
#8871 = ORIENTED_EDGE('',*,*,#8872,.F.);
#8872 = EDGE_CURVE('',#8873,#8865,#8875,.T.);
#8873 = VERTEX_POINT('',#8874);
#8874 = CARTESIAN_POINT('',(108.1,-68.56994847844,1.545));
#8875 = LINE('',#8876,#8877);
#8876 = CARTESIAN_POINT('',(108.1,-68.56994847844,1.51));
#8877 = VECTOR('',#8878,1.);
#8878 = DIRECTION('',(0.,0.,-1.));
#8879 = ORIENTED_EDGE('',*,*,#8880,.T.);
#8880 = EDGE_CURVE('',#8873,#8825,#8881,.T.);
#8881 = LINE('',#8882,#8883);
#8882 = CARTESIAN_POINT('',(108.1,-67.25,1.545));
#8883 = VECTOR('',#8884,1.);
#8884 = DIRECTION('',(0.,-1.,0.));
#8885 = ORIENTED_EDGE('',*,*,#8822,.F.);
#8886 = PLANE('',#8887);
#8887 = AXIS2_PLACEMENT_3D('',#8888,#8889,#8890);
#8888 = CARTESIAN_POINT('',(108.1,-67.25,1.51));
#8889 = DIRECTION('',(1.,0.,-0.));
#8890 = DIRECTION('',(0.,-1.,0.));
#8891 = ADVANCED_FACE('',(#8892),#8917,.T.);
#8892 = FACE_BOUND('',#8893,.T.);
#8893 = EDGE_LOOP('',(#8894,#8902,#8903,#8911));
#8894 = ORIENTED_EDGE('',*,*,#8895,.F.);
#8895 = EDGE_CURVE('',#8842,#8896,#8898,.T.);
#8896 = VERTEX_POINT('',#8897);
#8897 = CARTESIAN_POINT('',(107.17270273979,-71.57440366414,1.51));
#8898 = LINE('',#8899,#8900);
#8899 = CARTESIAN_POINT('',(107.953554,-70.793553,1.51));
#8900 = VECTOR('',#8901,1.);
#8901 = DIRECTION('',(-0.707107051074,-0.707106511299,0.));
#8902 = ORIENTED_EDGE('',*,*,#8841,.T.);
#8903 = ORIENTED_EDGE('',*,*,#8904,.T.);
#8904 = EDGE_CURVE('',#8833,#8905,#8907,.T.);
#8905 = VERTEX_POINT('',#8906);
#8906 = CARTESIAN_POINT('',(107.17270273979,-71.57440366413,1.545));
#8907 = LINE('',#8908,#8909);
#8908 = CARTESIAN_POINT('',(107.953554,-70.793553,1.545));
#8909 = VECTOR('',#8910,1.);
#8910 = DIRECTION('',(-0.707107051074,-0.707106511299,0.));
#8911 = ORIENTED_EDGE('',*,*,#8912,.T.);
#8912 = EDGE_CURVE('',#8905,#8896,#8913,.T.);
#8913 = LINE('',#8914,#8915);
#8914 = CARTESIAN_POINT('',(107.17270273979,-71.57440366414,1.51));
#8915 = VECTOR('',#8916,1.);
#8916 = DIRECTION('',(-0.,-0.,-1.));
#8917 = PLANE('',#8918);
#8918 = AXIS2_PLACEMENT_3D('',#8919,#8920,#8921);
#8919 = CARTESIAN_POINT('',(107.953554,-70.793553,1.51));
#8920 = DIRECTION('',(0.707106511299,-0.707107051074,0.));
#8921 = DIRECTION('',(-0.707107051074,-0.707106511299,0.));
#8922 = ADVANCED_FACE('',(#8923,#9020),#9031,.F.);
#8923 = FACE_BOUND('',#8924,.F.);
#8924 = EDGE_LOOP('',(#8925,#8926,#8927,#8936,#8944,#8953,#8961,#8970,
    #8978,#8987,#8995,#9003,#9012,#9019));
#8925 = ORIENTED_EDGE('',*,*,#8849,.F.);
#8926 = ORIENTED_EDGE('',*,*,#8864,.F.);
#8927 = ORIENTED_EDGE('',*,*,#8928,.F.);
#8928 = EDGE_CURVE('',#8929,#8865,#8931,.T.);
#8929 = VERTEX_POINT('',#8930);
#8930 = CARTESIAN_POINT('',(108.3,-68.325001,1.51));
#8931 = CIRCLE('',#8932,0.249997252596);
#8932 = AXIS2_PLACEMENT_3D('',#8933,#8934,#8935);
#8933 = CARTESIAN_POINT('',(108.0500027474,-68.32500174741,1.51));
#8934 = DIRECTION('',(0.,0.,-1.));
#8935 = DIRECTION('',(0.999999999996,2.989708719068E-06,0.));
#8936 = ORIENTED_EDGE('',*,*,#8937,.F.);
#8937 = EDGE_CURVE('',#8938,#8929,#8940,.T.);
#8938 = VERTEX_POINT('',#8939);
#8939 = CARTESIAN_POINT('',(108.299999,-66.175,1.51));
#8940 = LINE('',#8941,#8942);
#8941 = CARTESIAN_POINT('',(108.299999,-66.175,1.51));
#8942 = VECTOR('',#8943,1.);
#8943 = DIRECTION('',(4.651160615624E-07,-1.,0.));
#8944 = ORIENTED_EDGE('',*,*,#8945,.F.);
#8945 = EDGE_CURVE('',#8946,#8938,#8948,.T.);
#8946 = VERTEX_POINT('',#8947);
#8947 = CARTESIAN_POINT('',(108.050001,-65.925,1.51));
#8948 = CIRCLE('',#8949,0.249997252596);
#8949 = AXIS2_PLACEMENT_3D('',#8950,#8951,#8952);
#8950 = CARTESIAN_POINT('',(108.05000174741,-66.17499725259,1.51));
#8951 = DIRECTION('',(0.,0.,-1.));
#8952 = DIRECTION('',(-2.989708719068E-06,0.999999999996,0.));
#8953 = ORIENTED_EDGE('',*,*,#8954,.F.);
#8954 = EDGE_CURVE('',#8955,#8946,#8957,.T.);
#8955 = VERTEX_POINT('',#8956);
#8956 = CARTESIAN_POINT('',(107.15,-65.925001,1.51));
#8957 = LINE('',#8958,#8959);
#8958 = CARTESIAN_POINT('',(107.15,-65.925001,1.51));
#8959 = VECTOR('',#8960,1.);
#8960 = DIRECTION('',(0.999999999999,1.111109873739E-06,0.));
#8961 = ORIENTED_EDGE('',*,*,#8962,.F.);
#8962 = EDGE_CURVE('',#8963,#8955,#8965,.T.);
#8963 = VERTEX_POINT('',#8964);
#8964 = CARTESIAN_POINT('',(106.9,-66.174999,1.51));
#8965 = CIRCLE('',#8966,0.249997252596);
#8966 = AXIS2_PLACEMENT_3D('',#8967,#8968,#8969);
#8967 = CARTESIAN_POINT('',(107.14999725259,-66.17499825258,1.51));
#8968 = DIRECTION('',(0.,0.,-1.));
#8969 = DIRECTION('',(-0.999999999996,-2.989708719068E-06,-0.));
#8970 = ORIENTED_EDGE('',*,*,#8971,.F.);
#8971 = EDGE_CURVE('',#8972,#8963,#8974,.T.);
#8972 = VERTEX_POINT('',#8973);
#8973 = CARTESIAN_POINT('',(106.900001,-68.325,1.51));
#8974 = LINE('',#8975,#8976);
#8975 = CARTESIAN_POINT('',(106.900001,-68.325,1.51));
#8976 = VECTOR('',#8977,1.);
#8977 = DIRECTION('',(-4.651160615624E-07,1.,0.));
#8978 = ORIENTED_EDGE('',*,*,#8979,.F.);
#8979 = EDGE_CURVE('',#8980,#8972,#8982,.T.);
#8980 = VERTEX_POINT('',#8981);
#8981 = CARTESIAN_POINT('',(107.1,-68.56994927431,1.51));
#8982 = CIRCLE('',#8983,0.249997252596);
#8983 = AXIS2_PLACEMENT_3D('',#8984,#8985,#8986);
#8984 = CARTESIAN_POINT('',(107.14999825258,-68.3250027474,1.51));
#8985 = DIRECTION('',(0.,0.,-1.));
#8986 = DIRECTION('',(2.989708662224E-06,-0.999999999996,0.));
#8987 = ORIENTED_EDGE('',*,*,#8988,.F.);
#8988 = EDGE_CURVE('',#8989,#8980,#8991,.T.);
#8989 = VERTEX_POINT('',#8990);
#8990 = CARTESIAN_POINT('',(107.1,-70.232893,1.51));
#8991 = LINE('',#8992,#8993);
#8992 = CARTESIAN_POINT('',(107.1,-70.232893,1.51));
#8993 = VECTOR('',#8994,1.);
#8994 = DIRECTION('',(0.,1.,0.));
#8995 = ORIENTED_EDGE('',*,*,#8996,.F.);
#8996 = EDGE_CURVE('',#8997,#8989,#8999,.T.);
#8997 = VERTEX_POINT('',#8998);
#8998 = CARTESIAN_POINT('',(106.46559629345,-70.86729725177,1.51));
#8999 = LINE('',#9000,#9001);
#9000 = CARTESIAN_POINT('',(105.936447,-71.396447,1.51));
#9001 = VECTOR('',#9002,1.);
#9002 = DIRECTION('',(0.70710647733,0.707107085043,0.));
#9003 = ORIENTED_EDGE('',*,*,#9004,.T.);
#9004 = EDGE_CURVE('',#8997,#9005,#9007,.T.);
#9005 = VERTEX_POINT('',#9006);
#9006 = CARTESIAN_POINT('',(107.189999,-71.75,1.51));
#9007 = CIRCLE('',#9008,0.899999);
#9008 = AXIS2_PLACEMENT_3D('',#9009,#9010,#9011);
#9009 = CARTESIAN_POINT('',(106.29,-71.75,1.51));
#9010 = DIRECTION('',(0.,0.,1.));
#9011 = DIRECTION('',(1.,0.,-0.));
#9012 = ORIENTED_EDGE('',*,*,#9013,.T.);
#9013 = EDGE_CURVE('',#9005,#8896,#9014,.T.);
#9014 = CIRCLE('',#9015,0.899999);
#9015 = AXIS2_PLACEMENT_3D('',#9016,#9017,#9018);
#9016 = CARTESIAN_POINT('',(106.29,-71.75,1.51));
#9017 = DIRECTION('',(0.,0.,1.));
#9018 = DIRECTION('',(1.,0.,-0.));
#9019 = ORIENTED_EDGE('',*,*,#8895,.F.);
#9020 = FACE_BOUND('',#9021,.F.);
#9021 = EDGE_LOOP('',(#9022));
#9022 = ORIENTED_EDGE('',*,*,#9023,.T.);
#9023 = EDGE_CURVE('',#9024,#9024,#9026,.T.);
#9024 = VERTEX_POINT('',#9025);
#9025 = CARTESIAN_POINT('',(106.29,-72.2,1.51));
#9026 = CIRCLE('',#9027,0.45);
#9027 = AXIS2_PLACEMENT_3D('',#9028,#9029,#9030);
#9028 = CARTESIAN_POINT('',(106.29,-71.75,1.51));
#9029 = DIRECTION('',(-0.,0.,-1.));
#9030 = DIRECTION('',(3.157967714489E-14,-1.,-0.));
#9031 = PLANE('',#9032);
#9032 = AXIS2_PLACEMENT_3D('',#9033,#9034,#9035);
#9033 = CARTESIAN_POINT('',(0.,0.,1.51));
#9034 = DIRECTION('',(0.,0.,1.));
#9035 = DIRECTION('',(1.,0.,-0.));
#9036 = ADVANCED_FACE('',(#9037),#9091,.T.);
#9037 = FACE_BOUND('',#9038,.T.);
#9038 = EDGE_LOOP('',(#9039,#9040,#9041,#9050,#9058,#9067,#9075,#9083,
    #9090));
#9039 = ORIENTED_EDGE('',*,*,#8832,.F.);
#9040 = ORIENTED_EDGE('',*,*,#8880,.F.);
#9041 = ORIENTED_EDGE('',*,*,#9042,.T.);
#9042 = EDGE_CURVE('',#8873,#9043,#9045,.T.);
#9043 = VERTEX_POINT('',#9044);
#9044 = CARTESIAN_POINT('',(108.05,-68.574999,1.545));
#9045 = CIRCLE('',#9046,0.249997252596);
#9046 = AXIS2_PLACEMENT_3D('',#9047,#9048,#9049);
#9047 = CARTESIAN_POINT('',(108.0500027474,-68.32500174741,1.545));
#9048 = DIRECTION('',(0.,0.,-1.));
#9049 = DIRECTION('',(0.999999999996,2.989708719068E-06,0.));
#9050 = ORIENTED_EDGE('',*,*,#9051,.F.);
#9051 = EDGE_CURVE('',#9052,#9043,#9054,.T.);
#9052 = VERTEX_POINT('',#9053);
#9053 = CARTESIAN_POINT('',(107.149999,-68.575,1.545));
#9054 = LINE('',#9055,#9056);
#9055 = CARTESIAN_POINT('',(54.025038097246,-68.57505902766,1.545));
#9056 = VECTOR('',#9057,1.);
#9057 = DIRECTION('',(0.999999999999,1.111109873739E-06,-0.));
#9058 = ORIENTED_EDGE('',*,*,#9059,.T.);
#9059 = EDGE_CURVE('',#9052,#9060,#9062,.T.);
#9060 = VERTEX_POINT('',#9061);
#9061 = CARTESIAN_POINT('',(107.1,-68.56994927431,1.545));
#9062 = CIRCLE('',#9063,0.249997252596);
#9063 = AXIS2_PLACEMENT_3D('',#9064,#9065,#9066);
#9064 = CARTESIAN_POINT('',(107.14999825258,-68.3250027474,1.545));
#9065 = DIRECTION('',(0.,0.,-1.));
#9066 = DIRECTION('',(2.989708662224E-06,-0.999999999996,0.));
#9067 = ORIENTED_EDGE('',*,*,#9068,.F.);
#9068 = EDGE_CURVE('',#9069,#9060,#9071,.T.);
#9069 = VERTEX_POINT('',#9070);
#9070 = CARTESIAN_POINT('',(107.1,-70.232893,1.545));
#9071 = LINE('',#9072,#9073);
#9072 = CARTESIAN_POINT('',(107.1,-70.232893,1.545));
#9073 = VECTOR('',#9074,1.);
#9074 = DIRECTION('',(0.,1.,0.));
#9075 = ORIENTED_EDGE('',*,*,#9076,.F.);
#9076 = EDGE_CURVE('',#9077,#9069,#9079,.T.);
#9077 = VERTEX_POINT('',#9078);
#9078 = CARTESIAN_POINT('',(106.46559629345,-70.86729725177,1.545));
#9079 = LINE('',#9080,#9081);
#9080 = CARTESIAN_POINT('',(105.936447,-71.396447,1.545));
#9081 = VECTOR('',#9082,1.);
#9082 = DIRECTION('',(0.70710647733,0.707107085043,0.));
#9083 = ORIENTED_EDGE('',*,*,#9084,.T.);
#9084 = EDGE_CURVE('',#9077,#8905,#9085,.T.);
#9085 = CIRCLE('',#9086,0.899999);
#9086 = AXIS2_PLACEMENT_3D('',#9087,#9088,#9089);
#9087 = CARTESIAN_POINT('',(106.29,-71.75,1.545));
#9088 = DIRECTION('',(0.,-0.,-1.));
#9089 = DIRECTION('',(1.,0.,-0.));
#9090 = ORIENTED_EDGE('',*,*,#8904,.F.);
#9091 = PLANE('',#9092);
#9092 = AXIS2_PLACEMENT_3D('',#9093,#9094,#9095);
#9093 = CARTESIAN_POINT('',(0.,0.,1.545));
#9094 = DIRECTION('',(0.,0.,1.));
#9095 = DIRECTION('',(1.,0.,-0.));
#9096 = ADVANCED_FACE('',(#9097),#9125,.T.);
#9097 = FACE_BOUND('',#9098,.T.);
#9098 = EDGE_LOOP('',(#9099,#9100,#9108,#9117,#9123,#9124));
#9099 = ORIENTED_EDGE('',*,*,#8928,.F.);
#9100 = ORIENTED_EDGE('',*,*,#9101,.T.);
#9101 = EDGE_CURVE('',#8929,#9102,#9104,.T.);
#9102 = VERTEX_POINT('',#9103);
#9103 = CARTESIAN_POINT('',(108.3,-68.325001,1.55));
#9104 = LINE('',#9105,#9106);
#9105 = CARTESIAN_POINT('',(108.3,-68.325001,1.51));
#9106 = VECTOR('',#9107,1.);
#9107 = DIRECTION('',(0.,0.,1.));
#9108 = ORIENTED_EDGE('',*,*,#9109,.T.);
#9109 = EDGE_CURVE('',#9102,#9110,#9112,.T.);
#9110 = VERTEX_POINT('',#9111);
#9111 = CARTESIAN_POINT('',(108.05,-68.574999,1.55));
#9112 = CIRCLE('',#9113,0.249997252596);
#9113 = AXIS2_PLACEMENT_3D('',#9114,#9115,#9116);
#9114 = CARTESIAN_POINT('',(108.0500027474,-68.32500174741,1.55));
#9115 = DIRECTION('',(0.,0.,-1.));
#9116 = DIRECTION('',(0.999999999996,2.989708719068E-06,0.));
#9117 = ORIENTED_EDGE('',*,*,#9118,.F.);
#9118 = EDGE_CURVE('',#9043,#9110,#9119,.T.);
#9119 = LINE('',#9120,#9121);
#9120 = CARTESIAN_POINT('',(108.05,-68.574999,1.51));
#9121 = VECTOR('',#9122,1.);
#9122 = DIRECTION('',(0.,0.,1.));
#9123 = ORIENTED_EDGE('',*,*,#9042,.F.);
#9124 = ORIENTED_EDGE('',*,*,#8872,.T.);
#9125 = CYLINDRICAL_SURFACE('',#9126,0.249997252596);
#9126 = AXIS2_PLACEMENT_3D('',#9127,#9128,#9129);
#9127 = CARTESIAN_POINT('',(108.0500027474,-68.32500174741,1.51));
#9128 = DIRECTION('',(0.,0.,-1.));
#9129 = DIRECTION('',(0.999999999996,2.989708719068E-06,0.));
#9130 = ADVANCED_FACE('',(#9131),#9159,.T.);
#9131 = FACE_BOUND('',#9132,.F.);
#9132 = EDGE_LOOP('',(#9133,#9134,#9142,#9149,#9150,#9151,#9157,#9158));
#9133 = ORIENTED_EDGE('',*,*,#9013,.F.);
#9134 = ORIENTED_EDGE('',*,*,#9135,.T.);
#9135 = EDGE_CURVE('',#9005,#9136,#9138,.T.);
#9136 = VERTEX_POINT('',#9137);
#9137 = CARTESIAN_POINT('',(107.189999,-71.75,1.55));
#9138 = LINE('',#9139,#9140);
#9139 = CARTESIAN_POINT('',(107.189999,-71.75,1.51));
#9140 = VECTOR('',#9141,1.);
#9141 = DIRECTION('',(0.,0.,1.));
#9142 = ORIENTED_EDGE('',*,*,#9143,.T.);
#9143 = EDGE_CURVE('',#9136,#9136,#9144,.T.);
#9144 = CIRCLE('',#9145,0.899999);
#9145 = AXIS2_PLACEMENT_3D('',#9146,#9147,#9148);
#9146 = CARTESIAN_POINT('',(106.29,-71.75,1.55));
#9147 = DIRECTION('',(0.,0.,1.));
#9148 = DIRECTION('',(1.,0.,-0.));
#9149 = ORIENTED_EDGE('',*,*,#9135,.F.);
#9150 = ORIENTED_EDGE('',*,*,#9004,.F.);
#9151 = ORIENTED_EDGE('',*,*,#9152,.F.);
#9152 = EDGE_CURVE('',#9077,#8997,#9153,.T.);
#9153 = LINE('',#9154,#9155);
#9154 = CARTESIAN_POINT('',(106.46559629345,-70.86729725177,1.51));
#9155 = VECTOR('',#9156,1.);
#9156 = DIRECTION('',(-0.,-0.,-1.));
#9157 = ORIENTED_EDGE('',*,*,#9084,.T.);
#9158 = ORIENTED_EDGE('',*,*,#8912,.T.);
#9159 = CYLINDRICAL_SURFACE('',#9160,0.899999);
#9160 = AXIS2_PLACEMENT_3D('',#9161,#9162,#9163);
#9161 = CARTESIAN_POINT('',(106.29,-71.75,1.51));
#9162 = DIRECTION('',(-0.,-0.,-1.));
#9163 = DIRECTION('',(1.,0.,-0.));
#9164 = ADVANCED_FACE('',(#9165),#9176,.T.);
#9165 = FACE_BOUND('',#9166,.T.);
#9166 = EDGE_LOOP('',(#9167,#9168,#9169,#9170));
#9167 = ORIENTED_EDGE('',*,*,#8996,.F.);
#9168 = ORIENTED_EDGE('',*,*,#9152,.F.);
#9169 = ORIENTED_EDGE('',*,*,#9076,.T.);
#9170 = ORIENTED_EDGE('',*,*,#9171,.F.);
#9171 = EDGE_CURVE('',#8989,#9069,#9172,.T.);
#9172 = LINE('',#9173,#9174);
#9173 = CARTESIAN_POINT('',(107.1,-70.232893,1.51));
#9174 = VECTOR('',#9175,1.);
#9175 = DIRECTION('',(0.,0.,1.));
#9176 = PLANE('',#9177);
#9177 = AXIS2_PLACEMENT_3D('',#9178,#9179,#9180);
#9178 = CARTESIAN_POINT('',(105.936447,-71.396447,1.51));
#9179 = DIRECTION('',(-0.707107085043,0.70710647733,0.));
#9180 = DIRECTION('',(0.70710647733,0.707107085043,0.));
#9181 = ADVANCED_FACE('',(#9182),#9193,.T.);
#9182 = FACE_BOUND('',#9183,.T.);
#9183 = EDGE_LOOP('',(#9184,#9185,#9186,#9187));
#9184 = ORIENTED_EDGE('',*,*,#8988,.F.);
#9185 = ORIENTED_EDGE('',*,*,#9171,.T.);
#9186 = ORIENTED_EDGE('',*,*,#9068,.T.);
#9187 = ORIENTED_EDGE('',*,*,#9188,.T.);
#9188 = EDGE_CURVE('',#9060,#8980,#9189,.T.);
#9189 = LINE('',#9190,#9191);
#9190 = CARTESIAN_POINT('',(107.1,-68.56994927431,1.51));
#9191 = VECTOR('',#9192,1.);
#9192 = DIRECTION('',(0.,0.,-1.));
#9193 = PLANE('',#9194);
#9194 = AXIS2_PLACEMENT_3D('',#9195,#9196,#9197);
#9195 = CARTESIAN_POINT('',(107.1,-70.232893,1.51));
#9196 = DIRECTION('',(-1.,0.,0.));
#9197 = DIRECTION('',(0.,1.,0.));
#9198 = ADVANCED_FACE('',(#9199),#9227,.T.);
#9199 = FACE_BOUND('',#9200,.T.);
#9200 = EDGE_LOOP('',(#9201,#9202,#9210,#9219,#9225,#9226));
#9201 = ORIENTED_EDGE('',*,*,#9059,.F.);
#9202 = ORIENTED_EDGE('',*,*,#9203,.T.);
#9203 = EDGE_CURVE('',#9052,#9204,#9206,.T.);
#9204 = VERTEX_POINT('',#9205);
#9205 = CARTESIAN_POINT('',(107.149999,-68.575,1.55));
#9206 = LINE('',#9207,#9208);
#9207 = CARTESIAN_POINT('',(107.149999,-68.575,1.51));
#9208 = VECTOR('',#9209,1.);
#9209 = DIRECTION('',(0.,0.,1.));
#9210 = ORIENTED_EDGE('',*,*,#9211,.T.);
#9211 = EDGE_CURVE('',#9204,#9212,#9214,.T.);
#9212 = VERTEX_POINT('',#9213);
#9213 = CARTESIAN_POINT('',(106.900001,-68.325,1.55));
#9214 = CIRCLE('',#9215,0.249997252596);
#9215 = AXIS2_PLACEMENT_3D('',#9216,#9217,#9218);
#9216 = CARTESIAN_POINT('',(107.14999825258,-68.3250027474,1.55));
#9217 = DIRECTION('',(0.,0.,-1.));
#9218 = DIRECTION('',(2.989708662224E-06,-0.999999999996,0.));
#9219 = ORIENTED_EDGE('',*,*,#9220,.F.);
#9220 = EDGE_CURVE('',#8972,#9212,#9221,.T.);
#9221 = LINE('',#9222,#9223);
#9222 = CARTESIAN_POINT('',(106.900001,-68.325,1.51));
#9223 = VECTOR('',#9224,1.);
#9224 = DIRECTION('',(0.,0.,1.));
#9225 = ORIENTED_EDGE('',*,*,#8979,.F.);
#9226 = ORIENTED_EDGE('',*,*,#9188,.F.);
#9227 = CYLINDRICAL_SURFACE('',#9228,0.249997252596);
#9228 = AXIS2_PLACEMENT_3D('',#9229,#9230,#9231);
#9229 = CARTESIAN_POINT('',(107.14999825258,-68.3250027474,1.51));
#9230 = DIRECTION('',(0.,0.,-1.));
#9231 = DIRECTION('',(2.989708662224E-06,-0.999999999996,0.));
#9232 = ADVANCED_FACE('',(#9233),#9244,.T.);
#9233 = FACE_BOUND('',#9234,.T.);
#9234 = EDGE_LOOP('',(#9235,#9236,#9237,#9243));
#9235 = ORIENTED_EDGE('',*,*,#9051,.T.);
#9236 = ORIENTED_EDGE('',*,*,#9118,.T.);
#9237 = ORIENTED_EDGE('',*,*,#9238,.T.);
#9238 = EDGE_CURVE('',#9110,#9204,#9239,.T.);
#9239 = LINE('',#9240,#9241);
#9240 = CARTESIAN_POINT('',(108.05,-68.574999,1.55));
#9241 = VECTOR('',#9242,1.);
#9242 = DIRECTION('',(-0.999999999999,-1.111109873739E-06,0.));
#9243 = ORIENTED_EDGE('',*,*,#9203,.F.);
#9244 = PLANE('',#9245);
#9245 = AXIS2_PLACEMENT_3D('',#9246,#9247,#9248);
#9246 = CARTESIAN_POINT('',(108.05,-68.574999,1.51));
#9247 = DIRECTION('',(1.111109873739E-06,-0.999999999999,0.));
#9248 = DIRECTION('',(-0.999999999999,-1.111109873739E-06,0.));
#9249 = ADVANCED_FACE('',(#9250),#9295,.T.);
#9250 = FACE_BOUND('',#9251,.F.);
#9251 = EDGE_LOOP('',(#9252,#9263,#9271,#9280,#9286,#9287,#9288,#9289));
#9252 = ORIENTED_EDGE('',*,*,#9253,.T.);
#9253 = EDGE_CURVE('',#9254,#9256,#9258,.T.);
#9254 = VERTEX_POINT('',#9255);
#9255 = CARTESIAN_POINT('',(106.9,-66.174999,1.55));
#9256 = VERTEX_POINT('',#9257);
#9257 = CARTESIAN_POINT('',(107.15,-65.925001,1.55));
#9258 = CIRCLE('',#9259,0.249997252596);
#9259 = AXIS2_PLACEMENT_3D('',#9260,#9261,#9262);
#9260 = CARTESIAN_POINT('',(107.14999725259,-66.17499825258,1.55));
#9261 = DIRECTION('',(0.,0.,-1.));
#9262 = DIRECTION('',(-0.999999999996,-2.989708719068E-06,-0.));
#9263 = ORIENTED_EDGE('',*,*,#9264,.T.);
#9264 = EDGE_CURVE('',#9256,#9265,#9267,.T.);
#9265 = VERTEX_POINT('',#9266);
#9266 = CARTESIAN_POINT('',(108.050001,-65.925,1.55));
#9267 = LINE('',#9268,#9269);
#9268 = CARTESIAN_POINT('',(107.15,-65.925001,1.55));
#9269 = VECTOR('',#9270,1.);
#9270 = DIRECTION('',(0.999999999999,1.111109873739E-06,0.));
#9271 = ORIENTED_EDGE('',*,*,#9272,.T.);
#9272 = EDGE_CURVE('',#9265,#9273,#9275,.T.);
#9273 = VERTEX_POINT('',#9274);
#9274 = CARTESIAN_POINT('',(108.299999,-66.175,1.55));
#9275 = CIRCLE('',#9276,0.249997252596);
#9276 = AXIS2_PLACEMENT_3D('',#9277,#9278,#9279);
#9277 = CARTESIAN_POINT('',(108.05000174741,-66.17499725259,1.55));
#9278 = DIRECTION('',(0.,0.,-1.));
#9279 = DIRECTION('',(-2.989708719068E-06,0.999999999996,0.));
#9280 = ORIENTED_EDGE('',*,*,#9281,.T.);
#9281 = EDGE_CURVE('',#9273,#9102,#9282,.T.);
#9282 = LINE('',#9283,#9284);
#9283 = CARTESIAN_POINT('',(108.299999,-66.175,1.55));
#9284 = VECTOR('',#9285,1.);
#9285 = DIRECTION('',(4.651160615624E-07,-1.,0.));
#9286 = ORIENTED_EDGE('',*,*,#9109,.T.);
#9287 = ORIENTED_EDGE('',*,*,#9238,.T.);
#9288 = ORIENTED_EDGE('',*,*,#9211,.T.);
#9289 = ORIENTED_EDGE('',*,*,#9290,.T.);
#9290 = EDGE_CURVE('',#9212,#9254,#9291,.T.);
#9291 = LINE('',#9292,#9293);
#9292 = CARTESIAN_POINT('',(106.900001,-68.325,1.55));
#9293 = VECTOR('',#9294,1.);
#9294 = DIRECTION('',(-4.651160615624E-07,1.,0.));
#9295 = PLANE('',#9296);
#9296 = AXIS2_PLACEMENT_3D('',#9297,#9298,#9299);
#9297 = CARTESIAN_POINT('',(0.,0.,1.55));
#9298 = DIRECTION('',(0.,0.,1.));
#9299 = DIRECTION('',(1.,0.,-0.));
#9300 = ADVANCED_FACE('',(#9301),#9312,.T.);
#9301 = FACE_BOUND('',#9302,.T.);
#9302 = EDGE_LOOP('',(#9303,#9309,#9310,#9311));
#9303 = ORIENTED_EDGE('',*,*,#9304,.T.);
#9304 = EDGE_CURVE('',#8938,#9273,#9305,.T.);
#9305 = LINE('',#9306,#9307);
#9306 = CARTESIAN_POINT('',(108.299999,-66.175,1.51));
#9307 = VECTOR('',#9308,1.);
#9308 = DIRECTION('',(0.,0.,1.));
#9309 = ORIENTED_EDGE('',*,*,#9281,.T.);
#9310 = ORIENTED_EDGE('',*,*,#9101,.F.);
#9311 = ORIENTED_EDGE('',*,*,#8937,.F.);
#9312 = PLANE('',#9313);
#9313 = AXIS2_PLACEMENT_3D('',#9314,#9315,#9316);
#9314 = CARTESIAN_POINT('',(108.299999,-66.175,1.51));
#9315 = DIRECTION('',(1.,4.651160615624E-07,-0.));
#9316 = DIRECTION('',(4.651160615624E-07,-1.,0.));
#9317 = ADVANCED_FACE('',(#9318,#9321),#9332,.T.);
#9318 = FACE_BOUND('',#9319,.T.);
#9319 = EDGE_LOOP('',(#9320));
#9320 = ORIENTED_EDGE('',*,*,#9143,.T.);
#9321 = FACE_BOUND('',#9322,.T.);
#9322 = EDGE_LOOP('',(#9323));
#9323 = ORIENTED_EDGE('',*,*,#9324,.T.);
#9324 = EDGE_CURVE('',#9325,#9325,#9327,.T.);
#9325 = VERTEX_POINT('',#9326);
#9326 = CARTESIAN_POINT('',(106.29,-72.175,1.55));
#9327 = CIRCLE('',#9328,0.425);
#9328 = AXIS2_PLACEMENT_3D('',#9329,#9330,#9331);
#9329 = CARTESIAN_POINT('',(106.29,-71.75,1.55));
#9330 = DIRECTION('',(-0.,0.,-1.));
#9331 = DIRECTION('',(3.343730521224E-14,-1.,-0.));
#9332 = PLANE('',#9333);
#9333 = AXIS2_PLACEMENT_3D('',#9334,#9335,#9336);
#9334 = CARTESIAN_POINT('',(0.,0.,1.55));
#9335 = DIRECTION('',(0.,0.,1.));
#9336 = DIRECTION('',(1.,0.,-0.));
#9337 = ADVANCED_FACE('',(#9338),#9357,.T.);
#9338 = FACE_BOUND('',#9339,.F.);
#9339 = EDGE_LOOP('',(#9340,#9349,#9355,#9356));
#9340 = ORIENTED_EDGE('',*,*,#9341,.T.);
#9341 = EDGE_CURVE('',#9342,#9342,#9344,.T.);
#9342 = VERTEX_POINT('',#9343);
#9343 = CARTESIAN_POINT('',(106.29,-72.2,0.));
#9344 = CIRCLE('',#9345,0.45);
#9345 = AXIS2_PLACEMENT_3D('',#9346,#9347,#9348);
#9346 = CARTESIAN_POINT('',(106.29,-71.75,0.));
#9347 = DIRECTION('',(-0.,0.,-1.));
#9348 = DIRECTION('',(3.157967714489E-14,-1.,-0.));
#9349 = ORIENTED_EDGE('',*,*,#9350,.T.);
#9350 = EDGE_CURVE('',#9342,#9024,#9351,.T.);
#9351 = LINE('',#9352,#9353);
#9352 = CARTESIAN_POINT('',(106.29,-72.2,-4.E-02));
#9353 = VECTOR('',#9354,1.);
#9354 = DIRECTION('',(0.,0.,1.));
#9355 = ORIENTED_EDGE('',*,*,#9023,.F.);
#9356 = ORIENTED_EDGE('',*,*,#9350,.F.);
#9357 = CYLINDRICAL_SURFACE('',#9358,0.45);
#9358 = AXIS2_PLACEMENT_3D('',#9359,#9360,#9361);
#9359 = CARTESIAN_POINT('',(106.29,-71.75,-4.E-02));
#9360 = DIRECTION('',(-0.,0.,-1.));
#9361 = DIRECTION('',(3.157967714489E-14,-1.,-0.));
#9362 = ADVANCED_FACE('',(#9363),#9374,.T.);
#9363 = FACE_BOUND('',#9364,.T.);
#9364 = EDGE_LOOP('',(#9365,#9366,#9367,#9373));
#9365 = ORIENTED_EDGE('',*,*,#9220,.T.);
#9366 = ORIENTED_EDGE('',*,*,#9290,.T.);
#9367 = ORIENTED_EDGE('',*,*,#9368,.F.);
#9368 = EDGE_CURVE('',#8963,#9254,#9369,.T.);
#9369 = LINE('',#9370,#9371);
#9370 = CARTESIAN_POINT('',(106.9,-66.174999,1.51));
#9371 = VECTOR('',#9372,1.);
#9372 = DIRECTION('',(0.,0.,1.));
#9373 = ORIENTED_EDGE('',*,*,#8971,.F.);
#9374 = PLANE('',#9375);
#9375 = AXIS2_PLACEMENT_3D('',#9376,#9377,#9378);
#9376 = CARTESIAN_POINT('',(106.900001,-68.325,1.51));
#9377 = DIRECTION('',(-1.,-4.651160615624E-07,0.));
#9378 = DIRECTION('',(-4.651160615624E-07,1.,0.));
#9379 = ADVANCED_FACE('',(#9380),#9391,.T.);
#9380 = FACE_BOUND('',#9381,.T.);
#9381 = EDGE_LOOP('',(#9382,#9383,#9384,#9390));
#9382 = ORIENTED_EDGE('',*,*,#9368,.T.);
#9383 = ORIENTED_EDGE('',*,*,#9253,.T.);
#9384 = ORIENTED_EDGE('',*,*,#9385,.F.);
#9385 = EDGE_CURVE('',#8955,#9256,#9386,.T.);
#9386 = LINE('',#9387,#9388);
#9387 = CARTESIAN_POINT('',(107.15,-65.925001,1.51));
#9388 = VECTOR('',#9389,1.);
#9389 = DIRECTION('',(0.,0.,1.));
#9390 = ORIENTED_EDGE('',*,*,#8962,.F.);
#9391 = CYLINDRICAL_SURFACE('',#9392,0.249997252596);
#9392 = AXIS2_PLACEMENT_3D('',#9393,#9394,#9395);
#9393 = CARTESIAN_POINT('',(107.14999725259,-66.17499825258,1.51));
#9394 = DIRECTION('',(0.,0.,-1.));
#9395 = DIRECTION('',(-0.999999999996,-2.989708719068E-06,-0.));
#9396 = ADVANCED_FACE('',(#9397),#9408,.T.);
#9397 = FACE_BOUND('',#9398,.T.);
#9398 = EDGE_LOOP('',(#9399,#9400,#9401,#9407));
#9399 = ORIENTED_EDGE('',*,*,#9385,.T.);
#9400 = ORIENTED_EDGE('',*,*,#9264,.T.);
#9401 = ORIENTED_EDGE('',*,*,#9402,.F.);
#9402 = EDGE_CURVE('',#8946,#9265,#9403,.T.);
#9403 = LINE('',#9404,#9405);
#9404 = CARTESIAN_POINT('',(108.050001,-65.925,1.51));
#9405 = VECTOR('',#9406,1.);
#9406 = DIRECTION('',(0.,0.,1.));
#9407 = ORIENTED_EDGE('',*,*,#8954,.F.);
#9408 = PLANE('',#9409);
#9409 = AXIS2_PLACEMENT_3D('',#9410,#9411,#9412);
#9410 = CARTESIAN_POINT('',(107.15,-65.925001,1.51));
#9411 = DIRECTION('',(-1.111109873739E-06,0.999999999999,0.));
#9412 = DIRECTION('',(0.999999999999,1.111109873739E-06,0.));
#9413 = ADVANCED_FACE('',(#9414),#9420,.T.);
#9414 = FACE_BOUND('',#9415,.T.);
#9415 = EDGE_LOOP('',(#9416,#9417,#9418,#9419));
#9416 = ORIENTED_EDGE('',*,*,#9402,.T.);
#9417 = ORIENTED_EDGE('',*,*,#9272,.T.);
#9418 = ORIENTED_EDGE('',*,*,#9304,.F.);
#9419 = ORIENTED_EDGE('',*,*,#8945,.F.);
#9420 = CYLINDRICAL_SURFACE('',#9421,0.249997252596);
#9421 = AXIS2_PLACEMENT_3D('',#9422,#9423,#9424);
#9422 = CARTESIAN_POINT('',(108.05000174741,-66.17499725259,1.51));
#9423 = DIRECTION('',(0.,0.,-1.));
#9424 = DIRECTION('',(-2.989708719068E-06,0.999999999996,0.));
#9425 = ADVANCED_FACE('',(#9426),#9445,.F.);
#9426 = FACE_BOUND('',#9427,.T.);
#9427 = EDGE_LOOP('',(#9428,#9437,#9443,#9444));
#9428 = ORIENTED_EDGE('',*,*,#9429,.T.);
#9429 = EDGE_CURVE('',#9430,#9430,#9432,.T.);
#9430 = VERTEX_POINT('',#9431);
#9431 = CARTESIAN_POINT('',(106.29,-72.175,-4.E-02));
#9432 = CIRCLE('',#9433,0.425);
#9433 = AXIS2_PLACEMENT_3D('',#9434,#9435,#9436);
#9434 = CARTESIAN_POINT('',(106.29,-71.75,-4.E-02));
#9435 = DIRECTION('',(-0.,0.,-1.));
#9436 = DIRECTION('',(3.343730521224E-14,-1.,-0.));
#9437 = ORIENTED_EDGE('',*,*,#9438,.T.);
#9438 = EDGE_CURVE('',#9430,#9325,#9439,.T.);
#9439 = LINE('',#9440,#9441);
#9440 = CARTESIAN_POINT('',(106.29,-72.175,-4.6E-02));
#9441 = VECTOR('',#9442,1.);
#9442 = DIRECTION('',(0.,0.,1.));
#9443 = ORIENTED_EDGE('',*,*,#9324,.F.);
#9444 = ORIENTED_EDGE('',*,*,#9438,.F.);
#9445 = CYLINDRICAL_SURFACE('',#9446,0.425);
#9446 = AXIS2_PLACEMENT_3D('',#9447,#9448,#9449);
#9447 = CARTESIAN_POINT('',(106.29,-71.75,-4.6E-02));
#9448 = DIRECTION('',(-0.,0.,-1.));
#9449 = DIRECTION('',(3.343730521224E-14,-1.,-0.));
#9450 = ADVANCED_FACE('',(#9451,#9462),#9465,.F.);
#9451 = FACE_BOUND('',#9452,.F.);
#9452 = EDGE_LOOP('',(#9453));
#9453 = ORIENTED_EDGE('',*,*,#9454,.F.);
#9454 = EDGE_CURVE('',#9455,#9455,#9457,.T.);
#9455 = VERTEX_POINT('',#9456);
#9456 = CARTESIAN_POINT('',(107.189999,-71.75,0.));
#9457 = CIRCLE('',#9458,0.899999);
#9458 = AXIS2_PLACEMENT_3D('',#9459,#9460,#9461);
#9459 = CARTESIAN_POINT('',(106.29,-71.75,0.));
#9460 = DIRECTION('',(0.,0.,1.));
#9461 = DIRECTION('',(1.,0.,-0.));
#9462 = FACE_BOUND('',#9463,.F.);
#9463 = EDGE_LOOP('',(#9464));
#9464 = ORIENTED_EDGE('',*,*,#9341,.F.);
#9465 = PLANE('',#9466);
#9466 = AXIS2_PLACEMENT_3D('',#9467,#9468,#9469);
#9467 = CARTESIAN_POINT('',(0.,0.,0.));
#9468 = DIRECTION('',(-0.,-0.,-1.));
#9469 = DIRECTION('',(-1.,0.,0.));
#9470 = ADVANCED_FACE('',(#9471,#9482),#9485,.T.);
#9471 = FACE_BOUND('',#9472,.T.);
#9472 = EDGE_LOOP('',(#9473));
#9473 = ORIENTED_EDGE('',*,*,#9474,.F.);
#9474 = EDGE_CURVE('',#9475,#9475,#9477,.T.);
#9475 = VERTEX_POINT('',#9476);
#9476 = CARTESIAN_POINT('',(107.189999,-71.75,-4.E-02));
#9477 = CIRCLE('',#9478,0.899999);
#9478 = AXIS2_PLACEMENT_3D('',#9479,#9480,#9481);
#9479 = CARTESIAN_POINT('',(106.29,-71.75,-4.E-02));
#9480 = DIRECTION('',(0.,0.,1.));
#9481 = DIRECTION('',(1.,0.,-0.));
#9482 = FACE_BOUND('',#9483,.T.);
#9483 = EDGE_LOOP('',(#9484));
#9484 = ORIENTED_EDGE('',*,*,#9429,.F.);
#9485 = PLANE('',#9486);
#9486 = AXIS2_PLACEMENT_3D('',#9487,#9488,#9489);
#9487 = CARTESIAN_POINT('',(0.,0.,-4.E-02));
#9488 = DIRECTION('',(-0.,-0.,-1.));
#9489 = DIRECTION('',(-1.,0.,0.));
#9490 = ADVANCED_FACE('',(#9491),#9502,.T.);
#9491 = FACE_BOUND('',#9492,.T.);
#9492 = EDGE_LOOP('',(#9493,#9499,#9500,#9501));
#9493 = ORIENTED_EDGE('',*,*,#9494,.T.);
#9494 = EDGE_CURVE('',#9455,#9475,#9495,.T.);
#9495 = LINE('',#9496,#9497);
#9496 = CARTESIAN_POINT('',(107.189999,-71.75,0.));
#9497 = VECTOR('',#9498,1.);
#9498 = DIRECTION('',(0.,0.,-1.));
#9499 = ORIENTED_EDGE('',*,*,#9474,.T.);
#9500 = ORIENTED_EDGE('',*,*,#9494,.F.);
#9501 = ORIENTED_EDGE('',*,*,#9454,.F.);
#9502 = CYLINDRICAL_SURFACE('',#9503,0.899999);
#9503 = AXIS2_PLACEMENT_3D('',#9504,#9505,#9506);
#9504 = CARTESIAN_POINT('',(106.29,-71.75,0.));
#9505 = DIRECTION('',(0.,0.,1.));
#9506 = DIRECTION('',(1.,0.,-0.));
#9507 = ( GEOMETRIC_REPRESENTATION_CONTEXT(3) 
GLOBAL_UNCERTAINTY_ASSIGNED_CONTEXT((#9511)) 
GLOBAL_UNIT_ASSIGNED_CONTEXT((#9508,#9509,#9510)) REPRESENTATION_CONTEXT
('Context #1','3D Context with UNIT and UNCERTAINTY') );
#9508 = ( LENGTH_UNIT() NAMED_UNIT(*) SI_UNIT(.MILLI.,.METRE.) );
#9509 = ( NAMED_UNIT(*) PLANE_ANGLE_UNIT() SI_UNIT($,.RADIAN.) );
#9510 = ( NAMED_UNIT(*) SI_UNIT($,.STERADIAN.) SOLID_ANGLE_UNIT() );
#9511 = UNCERTAINTY_MEASURE_WITH_UNIT(LENGTH_MEASURE(1.E-07),#9508,
  'distance_accuracy_value','confusion accuracy');
#9512 = CONTEXT_DEPENDENT_SHAPE_REPRESENTATION(#9513,#9515);
#9513 = ( REPRESENTATION_RELATIONSHIP('','',#3467,#10) 
REPRESENTATION_RELATIONSHIP_WITH_TRANSFORMATION(#9514) 
SHAPE_REPRESENTATION_RELATIONSHIP() );
#9514 = ITEM_DEFINED_TRANSFORMATION('','',#11,#35);
#9515 = PRODUCT_DEFINITION_SHAPE('Placement','Placement of an item',
  #9516);
#9516 = NEXT_ASSEMBLY_USAGE_OCCURRENCE('6','=>[0:1:1:5]','',#5,#3462,$);
#9517 = PRODUCT_RELATED_PRODUCT_CATEGORY('part',$,(#3464));
#9518 = SHAPE_DEFINITION_REPRESENTATION(#9519,#9525);
#9519 = PRODUCT_DEFINITION_SHAPE('','',#9520);
#9520 = PRODUCT_DEFINITION('design','',#9521,#9524);
#9521 = PRODUCT_DEFINITION_FORMATION('','',#9522);
#9522 = PRODUCT('winder_led_silkscreen','winder_led_silkscreen','',(
    #9523));
#9523 = PRODUCT_CONTEXT('',#2,'mechanical');
#9524 = PRODUCT_DEFINITION_CONTEXT('part definition',#2,'design');
#9525 = SHAPE_REPRESENTATION('',(#11,#9526,#9791,#9954,#10110,#10200,
    #10330,#10500,#10678,#10893,#10995,#11097,#11452,#11815,#12327,
    #12704,#12962,#13214,#13392,#13548,#13704,#13786,#13860,#13938,
    #14016,#14058,#14225,#14367,#14574,#14781,#14859,#14937,#15039,
    #15141,#15308,#15450,#15621,#15792,#15836,#15880,#15924,#15968,
    #16119,#16313,#16464),#16658);
#9526 = SHELL_BASED_SURFACE_MODEL('',(#9527));
#9527 = OPEN_SHELL('',(#9528));
#9528 = ADVANCED_FACE('',(#9529,#9679),#9786,.T.);
#9529 = FACE_BOUND('',#9530,.F.);
#9530 = EDGE_LOOP('',(#9531,#9542,#9550,#9558,#9567,#9575,#9584,#9592,
    #9600,#9608,#9617,#9625,#9633,#9641,#9649,#9657,#9665,#9673));
#9531 = ORIENTED_EDGE('',*,*,#9532,.T.);
#9532 = EDGE_CURVE('',#9533,#9535,#9537,.T.);
#9533 = VERTEX_POINT('',#9534);
#9534 = CARTESIAN_POINT('',(111.939352,-74.140116,1.585));
#9535 = VERTEX_POINT('',#9536);
#9536 = CARTESIAN_POINT('',(112.064838,-74.115262,1.585));
#9537 = CIRCLE('',#9538,0.227581751727);
#9538 = AXIS2_PLACEMENT_3D('',#9539,#9540,#9541);
#9539 = CARTESIAN_POINT('',(112.04452913232,-74.34193578236,1.585));
#9540 = DIRECTION('',(0.,0.,-1.));
#9541 = DIRECTION('',(-0.462150992016,0.886801252017,0.));
#9542 = ORIENTED_EDGE('',*,*,#9543,.T.);
#9543 = EDGE_CURVE('',#9535,#9544,#9546,.T.);
#9544 = VERTEX_POINT('',#9545);
#9545 = CARTESIAN_POINT('',(112.101006,-74.12133,1.585));
#9546 = LINE('',#9547,#9548);
#9547 = CARTESIAN_POINT('',(112.064838,-74.115262,1.585));
#9548 = VECTOR('',#9549,1.);
#9549 = DIRECTION('',(0.986216481699,-0.165460119745,0.));
#9550 = ORIENTED_EDGE('',*,*,#9551,.T.);
#9551 = EDGE_CURVE('',#9544,#9552,#9554,.T.);
#9552 = VERTEX_POINT('',#9553);
#9553 = CARTESIAN_POINT('',(112.132824,-74.132641,1.585));
#9554 = LINE('',#9555,#9556);
#9555 = CARTESIAN_POINT('',(112.101006,-74.12133,1.585));
#9556 = VECTOR('',#9557,1.);
#9557 = DIRECTION('',(0.942234006774,-0.33495533505,0.));
#9558 = ORIENTED_EDGE('',*,*,#9559,.T.);
#9559 = EDGE_CURVE('',#9552,#9560,#9562,.T.);
#9560 = VERTEX_POINT('',#9561);
#9561 = CARTESIAN_POINT('',(112.216107,-74.224101,1.585));
#9562 = CIRCLE('',#9563,0.157840864247);
#9563 = AXIS2_PLACEMENT_3D('',#9564,#9565,#9566);
#9564 = CARTESIAN_POINT('',(112.06709272233,-74.27614409252,1.585));
#9565 = DIRECTION('',(0.,0.,-1.));
#9566 = DIRECTION('',(0.416440178375,0.909163119487,0.));
#9567 = ORIENTED_EDGE('',*,*,#9568,.T.);
#9568 = EDGE_CURVE('',#9560,#9569,#9571,.T.);
#9569 = VERTEX_POINT('',#9570);
#9570 = CARTESIAN_POINT('',(112.227204,-74.276754,1.585));
#9571 = LINE('',#9572,#9573);
#9572 = CARTESIAN_POINT('',(112.216107,-74.224101,1.585));
#9573 = VECTOR('',#9574,1.);
#9574 = DIRECTION('',(0.206226829457,-0.978504212976,0.));
#9575 = ORIENTED_EDGE('',*,*,#9576,.T.);
#9576 = EDGE_CURVE('',#9569,#9577,#9579,.T.);
#9577 = VERTEX_POINT('',#9578);
#9578 = CARTESIAN_POINT('',(112.20877,-74.386018,1.585));
#9579 = CIRCLE('',#9580,0.217225664582);
#9580 = AXIS2_PLACEMENT_3D('',#9581,#9582,#9583);
#9581 = CARTESIAN_POINT('',(112.01087251891,-74.29644358214,1.585));
#9582 = DIRECTION('',(0.,0.,-1.));
#9583 = DIRECTION('',(0.995883619462,9.064114125181E-02,0.));
#9584 = ORIENTED_EDGE('',*,*,#9585,.T.);
#9585 = EDGE_CURVE('',#9577,#9586,#9588,.T.);
#9586 = VERTEX_POINT('',#9587);
#9587 = CARTESIAN_POINT('',(112.181929,-74.425758,1.585));
#9588 = LINE('',#9589,#9590);
#9589 = CARTESIAN_POINT('',(112.20877,-74.386018,1.585));
#9590 = VECTOR('',#9591,1.);
#9591 = DIRECTION('',(-0.559709205429,-0.828689088475,0.));
#9592 = ORIENTED_EDGE('',*,*,#9593,.T.);
#9593 = EDGE_CURVE('',#9586,#9594,#9596,.T.);
#9594 = VERTEX_POINT('',#9595);
#9595 = CARTESIAN_POINT('',(112.144885,-74.455741,1.585));
#9596 = LINE('',#9597,#9598);
#9597 = CARTESIAN_POINT('',(112.181929,-74.425758,1.585));
#9598 = VECTOR('',#9599,1.);
#9599 = DIRECTION('',(-0.777296175997,-0.629134846262,0.));
#9600 = ORIENTED_EDGE('',*,*,#9601,.T.);
#9601 = EDGE_CURVE('',#9594,#9602,#9604,.T.);
#9602 = VERTEX_POINT('',#9603);
#9603 = CARTESIAN_POINT('',(112.098202,-74.474919,1.585));
#9604 = LINE('',#9605,#9606);
#9605 = CARTESIAN_POINT('',(112.144885,-74.455741,1.585));
#9606 = VECTOR('',#9607,1.);
#9607 = DIRECTION('',(-0.924987609501,-0.379997266135,0.));
#9608 = ORIENTED_EDGE('',*,*,#9609,.T.);
#9609 = EDGE_CURVE('',#9602,#9610,#9612,.T.);
#9610 = VERTEX_POINT('',#9611);
#9611 = CARTESIAN_POINT('',(111.953123,-74.463153,1.585));
#9612 = CIRCLE('',#9613,0.227440064206);
#9613 = AXIS2_PLACEMENT_3D('',#9614,#9615,#9616);
#9614 = CARTESIAN_POINT('',(112.04308102033,-74.25425939697,1.585));
#9615 = DIRECTION('',(-0.,0.,-1.));
#9616 = DIRECTION('',(0.242353869627,-0.970187920908,-0.));
#9617 = ORIENTED_EDGE('',*,*,#9618,.T.);
#9618 = EDGE_CURVE('',#9610,#9619,#9621,.T.);
#9619 = VERTEX_POINT('',#9620);
#9620 = CARTESIAN_POINT('',(111.913771,-74.437016,1.585));
#9621 = LINE('',#9622,#9623);
#9622 = CARTESIAN_POINT('',(111.953123,-74.463153,1.585));
#9623 = VECTOR('',#9624,1.);
#9624 = DIRECTION('',(-0.83300325174,0.553268092873,0.));
#9625 = ORIENTED_EDGE('',*,*,#9626,.T.);
#9626 = EDGE_CURVE('',#9619,#9627,#9629,.T.);
#9627 = VERTEX_POINT('',#9628);
#9628 = CARTESIAN_POINT('',(111.884184,-74.400647,1.585));
#9629 = LINE('',#9630,#9631);
#9630 = CARTESIAN_POINT('',(111.913771,-74.437016,1.585));
#9631 = VECTOR('',#9632,1.);
#9632 = DIRECTION('',(-0.631070282143,0.775725659622,0.));
#9633 = ORIENTED_EDGE('',*,*,#9634,.T.);
#9634 = EDGE_CURVE('',#9627,#9635,#9637,.T.);
#9635 = VERTEX_POINT('',#9636);
#9636 = CARTESIAN_POINT('',(111.865163,-74.354057,1.585));
#9637 = LINE('',#9638,#9639);
#9638 = CARTESIAN_POINT('',(111.884184,-74.400647,1.585));
#9639 = VECTOR('',#9640,1.);
#9640 = DIRECTION('',(-0.377976602804,0.925815147712,0.));
#9641 = ORIENTED_EDGE('',*,*,#9642,.T.);
#9642 = EDGE_CURVE('',#9635,#9643,#9645,.T.);
#9643 = VERTEX_POINT('',#9644);
#9644 = CARTESIAN_POINT('',(111.858415,-74.29693,1.585));
#9645 = LINE('',#9646,#9647);
#9646 = CARTESIAN_POINT('',(111.865163,-74.354057,1.585));
#9647 = VECTOR('',#9648,1.);
#9648 = DIRECTION('',(-0.117307220791,0.99309567311,0.));
#9649 = ORIENTED_EDGE('',*,*,#9650,.T.);
#9650 = EDGE_CURVE('',#9643,#9651,#9653,.T.);
#9651 = VERTEX_POINT('',#9652);
#9652 = CARTESIAN_POINT('',(111.865445,-74.240142,1.585));
#9653 = LINE('',#9654,#9655);
#9654 = CARTESIAN_POINT('',(111.858415,-74.29693,1.585));
#9655 = VECTOR('',#9656,1.);
#9656 = DIRECTION('',(0.122855961157,0.992424512398,0.));
#9657 = ORIENTED_EDGE('',*,*,#9658,.T.);
#9658 = EDGE_CURVE('',#9651,#9659,#9661,.T.);
#9659 = VERTEX_POINT('',#9660);
#9660 = CARTESIAN_POINT('',(111.876819,-74.208761,1.585));
#9661 = LINE('',#9662,#9663);
#9662 = CARTESIAN_POINT('',(111.865445,-74.240142,1.585));
#9663 = VECTOR('',#9664,1.);
#9664 = DIRECTION('',(0.340756624808,0.940151542385,0.));
#9665 = ORIENTED_EDGE('',*,*,#9666,.T.);
#9666 = EDGE_CURVE('',#9659,#9667,#9669,.T.);
#9667 = VERTEX_POINT('',#9668);
#9668 = CARTESIAN_POINT('',(111.902923,-74.169598,1.585));
#9669 = LINE('',#9670,#9671);
#9670 = CARTESIAN_POINT('',(111.876819,-74.208761,1.585));
#9671 = VECTOR('',#9672,1.);
#9672 = DIRECTION('',(0.554631550201,0.832096054264,0.));
#9673 = ORIENTED_EDGE('',*,*,#9674,.T.);
#9674 = EDGE_CURVE('',#9667,#9533,#9675,.T.);
#9675 = LINE('',#9676,#9677);
#9676 = CARTESIAN_POINT('',(111.902923,-74.169598,1.585));
#9677 = VECTOR('',#9678,1.);
#9678 = DIRECTION('',(0.777329836484,0.62909325645,0.));
#9679 = FACE_BOUND('',#9680,.F.);
#9680 = EDGE_LOOP('',(#9681,#9692,#9700,#9708,#9716,#9724,#9732,#9740,
    #9748,#9756,#9764,#9772,#9780));
#9681 = ORIENTED_EDGE('',*,*,#9682,.T.);
#9682 = EDGE_CURVE('',#9683,#9685,#9687,.T.);
#9683 = VERTEX_POINT('',#9684);
#9684 = CARTESIAN_POINT('',(112.102838,-74.366411,1.585));
#9685 = VERTEX_POINT('',#9686);
#9686 = CARTESIAN_POINT('',(112.099024,-74.223869,1.585));
#9687 = CIRCLE('',#9688,0.138350843729);
#9688 = AXIS2_PLACEMENT_3D('',#9689,#9690,#9691);
#9689 = CARTESIAN_POINT('',(111.9824079787,-74.29831132356,1.585));
#9690 = DIRECTION('',(0.,-0.,1.));
#9691 = DIRECTION('',(0.870468282312,-0.492224511264,-0.));
#9692 = ORIENTED_EDGE('',*,*,#9693,.T.);
#9693 = EDGE_CURVE('',#9685,#9694,#9696,.T.);
#9694 = VERTEX_POINT('',#9695);
#9695 = CARTESIAN_POINT('',(112.075624,-74.205087,1.585));
#9696 = LINE('',#9697,#9698);
#9697 = CARTESIAN_POINT('',(112.099024,-74.223869,1.585));
#9698 = VECTOR('',#9699,1.);
#9699 = DIRECTION('',(-0.779859844052,0.625954170555,0.));
#9700 = ORIENTED_EDGE('',*,*,#9701,.T.);
#9701 = EDGE_CURVE('',#9694,#9702,#9704,.T.);
#9702 = VERTEX_POINT('',#9703);
#9703 = CARTESIAN_POINT('',(112.043747,-74.198378,1.585));
#9704 = LINE('',#9705,#9706);
#9705 = CARTESIAN_POINT('',(112.075624,-74.205087,1.585));
#9706 = VECTOR('',#9707,1.);
#9707 = DIRECTION('',(-0.978561834537,0.205953237378,0.));
#9708 = ORIENTED_EDGE('',*,*,#9709,.T.);
#9709 = EDGE_CURVE('',#9702,#9710,#9712,.T.);
#9710 = VERTEX_POINT('',#9711);
#9711 = CARTESIAN_POINT('',(112.02469,-74.200417,1.585));
#9712 = LINE('',#9713,#9714);
#9713 = CARTESIAN_POINT('',(112.043747,-74.198378,1.585));
#9714 = VECTOR('',#9715,1.);
#9715 = DIRECTION('',(-0.994324736957,-0.106387581395,0.));
#9716 = ORIENTED_EDGE('',*,*,#9717,.T.);
#9717 = EDGE_CURVE('',#9710,#9718,#9720,.T.);
#9718 = VERTEX_POINT('',#9719);
#9719 = CARTESIAN_POINT('',(111.996857,-74.213656,1.585));
#9720 = LINE('',#9721,#9722);
#9721 = CARTESIAN_POINT('',(112.02469,-74.200417,1.585));
#9722 = VECTOR('',#9723,1.);
#9723 = DIRECTION('',(-0.903046948722,-0.429541858733,0.));
#9724 = ORIENTED_EDGE('',*,*,#9725,.T.);
#9725 = EDGE_CURVE('',#9718,#9726,#9728,.T.);
#9726 = VERTEX_POINT('',#9727);
#9727 = CARTESIAN_POINT('',(111.976776,-74.239452,1.585));
#9728 = LINE('',#9729,#9730);
#9729 = CARTESIAN_POINT('',(111.996857,-74.213656,1.585));
#9730 = VECTOR('',#9731,1.);
#9731 = DIRECTION('',(-0.614273046253,-0.789093546195,0.));
#9732 = ORIENTED_EDGE('',*,*,#9733,.T.);
#9733 = EDGE_CURVE('',#9726,#9734,#9736,.T.);
#9734 = VERTEX_POINT('',#9735);
#9735 = CARTESIAN_POINT('',(111.966119,-74.280121,1.585));
#9736 = LINE('',#9737,#9738);
#9737 = CARTESIAN_POINT('',(111.976776,-74.239452,1.585));
#9738 = VECTOR('',#9739,1.);
#9739 = DIRECTION('',(-0.253483933296,-0.967339596812,0.));
#9740 = ORIENTED_EDGE('',*,*,#9741,.T.);
#9741 = EDGE_CURVE('',#9734,#9742,#9744,.T.);
#9742 = VERTEX_POINT('',#9743);
#9743 = CARTESIAN_POINT('',(111.967955,-74.327147,1.585));
#9744 = LINE('',#9745,#9746);
#9745 = CARTESIAN_POINT('',(111.966119,-74.280121,1.585));
#9746 = VECTOR('',#9747,1.);
#9747 = DIRECTION('',(3.901250997465E-02,-0.999238722261,0.));
#9748 = ORIENTED_EDGE('',*,*,#9749,.T.);
#9749 = EDGE_CURVE('',#9742,#9750,#9752,.T.);
#9750 = VERTEX_POINT('',#9751);
#9751 = CARTESIAN_POINT('',(111.986872,-74.371162,1.585));
#9752 = LINE('',#9753,#9754);
#9753 = CARTESIAN_POINT('',(111.967955,-74.327147,1.585));
#9754 = VECTOR('',#9755,1.);
#9755 = DIRECTION('',(0.394861271718,-0.918740755653,0.));
#9756 = ORIENTED_EDGE('',*,*,#9757,.T.);
#9757 = EDGE_CURVE('',#9750,#9758,#9760,.T.);
#9758 = VERTEX_POINT('',#9759);
#9759 = CARTESIAN_POINT('',(112.010753,-74.389882,1.585));
#9760 = LINE('',#9761,#9762);
#9761 = CARTESIAN_POINT('',(111.986872,-74.371162,1.585));
#9762 = VECTOR('',#9763,1.);
#9763 = DIRECTION('',(0.787016560492,-0.616931871045,0.));
#9764 = ORIENTED_EDGE('',*,*,#9765,.T.);
#9765 = EDGE_CURVE('',#9758,#9766,#9768,.T.);
#9766 = VERTEX_POINT('',#9767);
#9767 = CARTESIAN_POINT('',(112.043185,-74.396581,1.585));
#9768 = LINE('',#9769,#9770);
#9769 = CARTESIAN_POINT('',(112.010753,-74.389882,1.585));
#9770 = VECTOR('',#9771,1.);
#9771 = DIRECTION('',(0.979326681865,-0.20228507159,0.));
#9772 = ORIENTED_EDGE('',*,*,#9773,.T.);
#9773 = EDGE_CURVE('',#9766,#9774,#9776,.T.);
#9774 = VERTEX_POINT('',#9775);
#9775 = CARTESIAN_POINT('',(112.080293,-74.387583,1.585));
#9776 = LINE('',#9777,#9778);
#9777 = CARTESIAN_POINT('',(112.043185,-74.396581,1.585));
#9778 = VECTOR('',#9779,1.);
#9779 = DIRECTION('',(0.971837384341,0.235652494995,0.));
#9780 = ORIENTED_EDGE('',*,*,#9781,.T.);
#9781 = EDGE_CURVE('',#9774,#9683,#9782,.T.);
#9782 = LINE('',#9783,#9784);
#9783 = CARTESIAN_POINT('',(112.080293,-74.387583,1.585));
#9784 = VECTOR('',#9785,1.);
#9785 = DIRECTION('',(0.728955141738,0.684561466439,0.));
#9786 = PLANE('',#9787);
#9787 = AXIS2_PLACEMENT_3D('',#9788,#9789,#9790);
#9788 = CARTESIAN_POINT('',(0.,0.,1.585));
#9789 = DIRECTION('',(0.,0.,1.));
#9790 = DIRECTION('',(1.,0.,-0.));
#9791 = SHELL_BASED_SURFACE_MODEL('',(#9792));
#9792 = OPEN_SHELL('',(#9793));
#9793 = ADVANCED_FACE('',(#9794),#9949,.T.);
#9794 = FACE_BOUND('',#9795,.F.);
#9795 = EDGE_LOOP('',(#9796,#9806,#9814,#9822,#9830,#9838,#9846,#9854,
    #9862,#9870,#9878,#9886,#9894,#9902,#9910,#9919,#9927,#9935,#9943));
#9796 = ORIENTED_EDGE('',*,*,#9797,.T.);
#9797 = EDGE_CURVE('',#9798,#9800,#9802,.T.);
#9798 = VERTEX_POINT('',#9799);
#9799 = CARTESIAN_POINT('',(113.138785,-74.128427,1.585));
#9800 = VERTEX_POINT('',#9801);
#9801 = CARTESIAN_POINT('',(113.134316,-74.039962,1.585));
#9802 = LINE('',#9803,#9804);
#9803 = CARTESIAN_POINT('',(113.138785,-74.128427,1.585));
#9804 = VECTOR('',#9805,1.);
#9805 = DIRECTION('',(-5.045281733534E-02,0.998726445641,0.));
#9806 = ORIENTED_EDGE('',*,*,#9807,.T.);
#9807 = EDGE_CURVE('',#9800,#9808,#9810,.T.);
#9808 = VERTEX_POINT('',#9809);
#9809 = CARTESIAN_POINT('',(113.248548,-74.039962,1.585));
#9810 = LINE('',#9811,#9812);
#9811 = CARTESIAN_POINT('',(113.134316,-74.039962,1.585));
#9812 = VECTOR('',#9813,1.);
#9813 = DIRECTION('',(1.,0.,0.));
#9814 = ORIENTED_EDGE('',*,*,#9815,.T.);
#9815 = EDGE_CURVE('',#9808,#9816,#9818,.T.);
#9816 = VERTEX_POINT('',#9817);
#9817 = CARTESIAN_POINT('',(113.246907,-74.055174,1.585));
#9818 = LINE('',#9819,#9820);
#9819 = CARTESIAN_POINT('',(113.248548,-74.039962,1.585));
#9820 = VECTOR('',#9821,1.);
#9821 = DIRECTION('',(-0.107253109385,-0.994231748903,0.));
#9822 = ORIENTED_EDGE('',*,*,#9823,.T.);
#9823 = EDGE_CURVE('',#9816,#9824,#9826,.T.);
#9824 = VERTEX_POINT('',#9825);
#9825 = CARTESIAN_POINT('',(113.244054,-74.128427,1.585));
#9826 = LINE('',#9827,#9828);
#9827 = CARTESIAN_POINT('',(113.246907,-74.055174,1.585));
#9828 = VECTOR('',#9829,1.);
#9829 = DIRECTION('',(-3.89177046929E-02,-0.999242419166,0.));
#9830 = ORIENTED_EDGE('',*,*,#9831,.T.);
#9831 = EDGE_CURVE('',#9824,#9832,#9834,.T.);
#9832 = VERTEX_POINT('',#9833);
#9833 = CARTESIAN_POINT('',(113.31911,-74.125642,1.585));
#9834 = LINE('',#9835,#9836);
#9835 = CARTESIAN_POINT('',(113.244054,-74.128427,1.585));
#9836 = VECTOR('',#9837,1.);
#9837 = DIRECTION('',(0.999312296249,3.708011011852E-02,0.));
#9838 = ORIENTED_EDGE('',*,*,#9839,.T.);
#9839 = EDGE_CURVE('',#9832,#9840,#9842,.T.);
#9840 = VERTEX_POINT('',#9841);
#9841 = CARTESIAN_POINT('',(113.317258,-74.218335,1.585));
#9842 = LINE('',#9843,#9844);
#9843 = CARTESIAN_POINT('',(113.31911,-74.125642,1.585));
#9844 = VECTOR('',#9845,1.);
#9845 = DIRECTION('',(-1.997594698109E-02,-0.999800460863,0.));
#9846 = ORIENTED_EDGE('',*,*,#9847,.T.);
#9847 = EDGE_CURVE('',#9840,#9848,#9850,.T.);
#9848 = VERTEX_POINT('',#9849);
#9849 = CARTESIAN_POINT('',(113.244054,-74.21523,1.585));
#9850 = LINE('',#9851,#9852);
#9851 = CARTESIAN_POINT('',(113.317258,-74.218335,1.585));
#9852 = VECTOR('',#9853,1.);
#9853 = DIRECTION('',(-0.99910166552,4.237761148886E-02,0.));
#9854 = ORIENTED_EDGE('',*,*,#9855,.T.);
#9855 = EDGE_CURVE('',#9848,#9856,#9858,.T.);
#9856 = VERTEX_POINT('',#9857);
#9857 = CARTESIAN_POINT('',(113.246734,-74.376954,1.585));
#9858 = LINE('',#9859,#9860);
#9859 = CARTESIAN_POINT('',(113.244054,-74.21523,1.585));
#9860 = VECTOR('',#9861,1.);
#9861 = DIRECTION('',(1.656916780895E-02,-0.999862721916,0.));
#9862 = ORIENTED_EDGE('',*,*,#9863,.T.);
#9863 = EDGE_CURVE('',#9856,#9864,#9866,.T.);
#9864 = VERTEX_POINT('',#9865);
#9865 = CARTESIAN_POINT('',(113.260852,-74.389422,1.585));
#9866 = LINE('',#9867,#9868);
#9867 = CARTESIAN_POINT('',(113.246734,-74.376954,1.585));
#9868 = VECTOR('',#9869,1.);
#9869 = DIRECTION('',(0.749549601284,-0.661948181669,0.));
#9870 = ORIENTED_EDGE('',*,*,#9871,.T.);
#9871 = EDGE_CURVE('',#9864,#9872,#9874,.T.);
#9872 = VERTEX_POINT('',#9873);
#9873 = CARTESIAN_POINT('',(113.293771,-74.391309,1.585));
#9874 = LINE('',#9875,#9876);
#9875 = CARTESIAN_POINT('',(113.260852,-74.389422,1.585));
#9876 = VECTOR('',#9877,1.);
#9877 = DIRECTION('',(0.998361102214,-5.722857316103E-02,0.));
#9878 = ORIENTED_EDGE('',*,*,#9879,.T.);
#9879 = EDGE_CURVE('',#9872,#9880,#9882,.T.);
#9880 = VERTEX_POINT('',#9881);
#9881 = CARTESIAN_POINT('',(113.31911,-74.382317,1.585));
#9882 = LINE('',#9883,#9884);
#9883 = CARTESIAN_POINT('',(113.293771,-74.391309,1.585));
#9884 = VECTOR('',#9885,1.);
#9885 = DIRECTION('',(0.942419048595,0.334434353565,0.));
#9886 = ORIENTED_EDGE('',*,*,#9887,.T.);
#9887 = EDGE_CURVE('',#9880,#9888,#9890,.T.);
#9888 = VERTEX_POINT('',#9889);
#9889 = CARTESIAN_POINT('',(113.327512,-74.467387,1.585));
#9890 = LINE('',#9891,#9892);
#9891 = CARTESIAN_POINT('',(113.31911,-74.382317,1.585));
#9892 = VECTOR('',#9893,1.);
#9893 = DIRECTION('',(9.828750474532E-02,-0.995158061019,0.));
#9894 = ORIENTED_EDGE('',*,*,#9895,.T.);
#9895 = EDGE_CURVE('',#9888,#9896,#9898,.T.);
#9896 = VERTEX_POINT('',#9897);
#9897 = CARTESIAN_POINT('',(113.273838,-74.477767,1.585));
#9898 = LINE('',#9899,#9900);
#9899 = CARTESIAN_POINT('',(113.327512,-74.467387,1.585));
#9900 = VECTOR('',#9901,1.);
#9901 = DIRECTION('',(-0.981808900942,-0.189871751533,0.));
#9902 = ORIENTED_EDGE('',*,*,#9903,.T.);
#9903 = EDGE_CURVE('',#9896,#9904,#9906,.T.);
#9904 = VERTEX_POINT('',#9905);
#9905 = CARTESIAN_POINT('',(113.213066,-74.476059,1.585));
#9906 = LINE('',#9907,#9908);
#9907 = CARTESIAN_POINT('',(113.273838,-74.477767,1.585));
#9908 = VECTOR('',#9909,1.);
#9909 = DIRECTION('',(-0.999605286948,2.809395494803E-02,0.));
#9910 = ORIENTED_EDGE('',*,*,#9911,.T.);
#9911 = EDGE_CURVE('',#9904,#9912,#9914,.T.);
#9912 = VERTEX_POINT('',#9913);
#9913 = CARTESIAN_POINT('',(113.138785,-74.385663,1.585));
#9914 = CIRCLE('',#9915,7.917446587312E-02);
#9915 = AXIS2_PLACEMENT_3D('',#9916,#9917,#9918);
#9916 = CARTESIAN_POINT('',(113.21714508125,-74.3969896814,1.585));
#9917 = DIRECTION('',(0.,0.,-1.));
#9918 = DIRECTION('',(-5.152016135065E-02,-0.998671954635,-0.));
#9919 = ORIENTED_EDGE('',*,*,#9920,.T.);
#9920 = EDGE_CURVE('',#9912,#9921,#9923,.T.);
#9921 = VERTEX_POINT('',#9922);
#9922 = CARTESIAN_POINT('',(113.138785,-74.21523,1.585));
#9923 = LINE('',#9924,#9925);
#9924 = CARTESIAN_POINT('',(113.138785,-74.385663,1.585));
#9925 = VECTOR('',#9926,1.);
#9926 = DIRECTION('',(0.,1.,0.));
#9927 = ORIENTED_EDGE('',*,*,#9928,.T.);
#9928 = EDGE_CURVE('',#9921,#9929,#9931,.T.);
#9929 = VERTEX_POINT('',#9930);
#9930 = CARTESIAN_POINT('',(113.068785,-74.218577,1.585));
#9931 = LINE('',#9932,#9933);
#9932 = CARTESIAN_POINT('',(113.138785,-74.21523,1.585));
#9933 = VECTOR('',#9934,1.);
#9934 = DIRECTION('',(-0.998858853341,-4.775972260175E-02,0.));
#9935 = ORIENTED_EDGE('',*,*,#9936,.T.);
#9936 = EDGE_CURVE('',#9929,#9937,#9939,.T.);
#9937 = VERTEX_POINT('',#9938);
#9938 = CARTESIAN_POINT('',(113.070061,-74.125255,1.585));
#9939 = LINE('',#9940,#9941);
#9940 = CARTESIAN_POINT('',(113.068785,-74.218577,1.585));
#9941 = VECTOR('',#9942,1.);
#9942 = DIRECTION('',(1.36718109392E-02,0.999906536425,0.));
#9943 = ORIENTED_EDGE('',*,*,#9944,.T.);
#9944 = EDGE_CURVE('',#9937,#9798,#9945,.T.);
#9945 = LINE('',#9946,#9947);
#9946 = CARTESIAN_POINT('',(113.070061,-74.125255,1.585));
#9947 = VECTOR('',#9948,1.);
#9948 = DIRECTION('',(0.998936527454,-4.610655178818E-02,0.));
#9949 = PLANE('',#9950);
#9950 = AXIS2_PLACEMENT_3D('',#9951,#9952,#9953);
#9951 = CARTESIAN_POINT('',(0.,0.,1.585));
#9952 = DIRECTION('',(0.,0.,1.));
#9953 = DIRECTION('',(1.,0.,-0.));
#9954 = SHELL_BASED_SURFACE_MODEL('',(#9955));
#9955 = OPEN_SHELL('',(#9956));
#9956 = ADVANCED_FACE('',(#9957),#10105,.T.);
#9957 = FACE_BOUND('',#9958,.F.);
#9958 = EDGE_LOOP('',(#9959,#9969,#9977,#9985,#9993,#10001,#10009,#10017
    ,#10025,#10034,#10042,#10050,#10058,#10066,#10074,#10082,#10091,
    #10099));
#9959 = ORIENTED_EDGE('',*,*,#9960,.T.);
#9960 = EDGE_CURVE('',#9961,#9963,#9965,.T.);
#9961 = VERTEX_POINT('',#9962);
#9962 = CARTESIAN_POINT('',(112.504914,-74.339337,1.585));
#9963 = VERTEX_POINT('',#9964);
#9964 = CARTESIAN_POINT('',(112.513914,-74.326141,1.585));
#9965 = LINE('',#9966,#9967);
#9966 = CARTESIAN_POINT('',(112.504914,-74.339337,1.585));
#9967 = VECTOR('',#9968,1.);
#9968 = DIRECTION('',(0.563453377328,0.826147863023,0.));
#9969 = ORIENTED_EDGE('',*,*,#9970,.T.);
#9970 = EDGE_CURVE('',#9963,#9971,#9973,.T.);
#9971 = VERTEX_POINT('',#9972);
#9972 = CARTESIAN_POINT('',(112.50942,-74.128427,1.585));
#9973 = LINE('',#9974,#9975);
#9974 = CARTESIAN_POINT('',(112.513914,-74.326141,1.585));
#9975 = VECTOR('',#9976,1.);
#9976 = DIRECTION('',(-2.272393230032E-02,0.999741778111,0.));
#9977 = ORIENTED_EDGE('',*,*,#9978,.T.);
#9978 = EDGE_CURVE('',#9971,#9979,#9981,.T.);
#9979 = VERTEX_POINT('',#9980);
#9980 = CARTESIAN_POINT('',(112.624976,-74.131315,1.585));
#9981 = LINE('',#9982,#9983);
#9982 = CARTESIAN_POINT('',(112.50942,-74.128427,1.585));
#9983 = VECTOR('',#9984,1.);
#9984 = DIRECTION('',(0.999687840906,-2.498441002229E-02,0.));
#9985 = ORIENTED_EDGE('',*,*,#9986,.T.);
#9986 = EDGE_CURVE('',#9979,#9987,#9989,.T.);
#9987 = VERTEX_POINT('',#9988);
#9988 = CARTESIAN_POINT('',(112.620868,-74.384051,1.585));
#9989 = LINE('',#9990,#9991);
#9990 = CARTESIAN_POINT('',(112.624976,-74.131315,1.585));
#9991 = VECTOR('',#9992,1.);
#9992 = DIRECTION('',(-1.625196825304E-02,-0.999867928042,0.));
#9993 = ORIENTED_EDGE('',*,*,#9994,.T.);
#9994 = EDGE_CURVE('',#9987,#9995,#9997,.T.);
#9995 = VERTEX_POINT('',#9996);
#9996 = CARTESIAN_POINT('',(112.625338,-74.468071,1.585));
#9997 = LINE('',#9998,#9999);
#9998 = CARTESIAN_POINT('',(112.620868,-74.384051,1.585));
#9999 = VECTOR('',#10000,1.);
#10000 = DIRECTION('',(5.31264868591E-02,-0.99858779103,0.));
#10001 = ORIENTED_EDGE('',*,*,#10002,.T.);
#10002 = EDGE_CURVE('',#9995,#10003,#10005,.T.);
#10003 = VERTEX_POINT('',#10004);
#10004 = CARTESIAN_POINT('',(112.513914,-74.468071,1.585));
#10005 = LINE('',#10006,#10007);
#10006 = CARTESIAN_POINT('',(112.625338,-74.468071,1.585));
#10007 = VECTOR('',#10008,1.);
#10008 = DIRECTION('',(-1.,0.,0.));
#10009 = ORIENTED_EDGE('',*,*,#10010,.T.);
#10010 = EDGE_CURVE('',#10003,#10011,#10013,.T.);
#10011 = VERTEX_POINT('',#10012);
#10012 = CARTESIAN_POINT('',(112.514476,-74.42887,1.585));
#10013 = LINE('',#10014,#10015);
#10014 = CARTESIAN_POINT('',(112.513914,-74.468071,1.585));
#10015 = VECTOR('',#10016,1.);
#10016 = DIRECTION('',(1.433489590977E-02,0.999897250101,0.));
#10017 = ORIENTED_EDGE('',*,*,#10018,.T.);
#10018 = EDGE_CURVE('',#10011,#10019,#10021,.T.);
#10019 = VERTEX_POINT('',#10020);
#10020 = CARTESIAN_POINT('',(112.462906,-74.464802,1.585));
#10021 = LINE('',#10022,#10023);
#10022 = CARTESIAN_POINT('',(112.514476,-74.42887,1.585));
#10023 = VECTOR('',#10024,1.);
#10024 = DIRECTION('',(-0.820478220004,-0.571677785557,0.));
#10025 = ORIENTED_EDGE('',*,*,#10026,.T.);
#10026 = EDGE_CURVE('',#10019,#10027,#10029,.T.);
#10027 = VERTEX_POINT('',#10028);
#10028 = CARTESIAN_POINT('',(112.35282,-74.470883,1.585));
#10029 = CIRCLE('',#10030,0.171956026466);
#10030 = AXIS2_PLACEMENT_3D('',#10031,#10032,#10033);
#10031 = CARTESIAN_POINT('',(112.39887942635,-74.30521041843,1.585));
#10032 = DIRECTION('',(-0.,0.,-1.));
#10033 = DIRECTION('',(0.372342714344,-0.928095309262,-0.));
#10034 = ORIENTED_EDGE('',*,*,#10035,.T.);
#10035 = EDGE_CURVE('',#10027,#10036,#10038,.T.);
#10036 = VERTEX_POINT('',#10037);
#10037 = CARTESIAN_POINT('',(112.328733,-74.460599,1.585));
#10038 = LINE('',#10039,#10040);
#10039 = CARTESIAN_POINT('',(112.35282,-74.470883,1.585));
#10040 = VECTOR('',#10041,1.);
#10041 = DIRECTION('',(-0.919683321453,0.392660907453,0.));
#10042 = ORIENTED_EDGE('',*,*,#10043,.T.);
#10043 = EDGE_CURVE('',#10036,#10044,#10046,.T.);
#10044 = VERTEX_POINT('',#10045);
#10045 = CARTESIAN_POINT('',(112.294476,-74.427684,1.585));
#10046 = LINE('',#10047,#10048);
#10047 = CARTESIAN_POINT('',(112.328733,-74.460599,1.585));
#10048 = VECTOR('',#10049,1.);
#10049 = DIRECTION('',(-0.721089863592,0.692841546549,0.));
#10050 = ORIENTED_EDGE('',*,*,#10051,.T.);
#10051 = EDGE_CURVE('',#10044,#10052,#10054,.T.);
#10052 = VERTEX_POINT('',#10053);
#10053 = CARTESIAN_POINT('',(112.280271,-74.390445,1.585));
#10054 = LINE('',#10055,#10056);
#10055 = CARTESIAN_POINT('',(112.294476,-74.427684,1.585));
#10056 = VECTOR('',#10057,1.);
#10057 = DIRECTION('',(-0.356405330674,0.934331440265,0.));
#10058 = ORIENTED_EDGE('',*,*,#10059,.T.);
#10059 = EDGE_CURVE('',#10052,#10060,#10062,.T.);
#10060 = VERTEX_POINT('',#10061);
#10061 = CARTESIAN_POINT('',(112.272554,-74.128427,1.585));
#10062 = LINE('',#10063,#10064);
#10063 = CARTESIAN_POINT('',(112.280271,-74.390445,1.585));
#10064 = VECTOR('',#10065,1.);
#10065 = DIRECTION('',(-2.943940948658E-02,0.999566566652,0.));
#10066 = ORIENTED_EDGE('',*,*,#10067,.T.);
#10067 = EDGE_CURVE('',#10060,#10068,#10070,.T.);
#10068 = VERTEX_POINT('',#10069);
#10069 = CARTESIAN_POINT('',(112.388669,-74.131375,1.585));
#10070 = LINE('',#10071,#10072);
#10071 = CARTESIAN_POINT('',(112.272554,-74.128427,1.585));
#10072 = VECTOR('',#10073,1.);
#10073 = DIRECTION('',(0.999677864626,-2.53804447739E-02,0.));
#10074 = ORIENTED_EDGE('',*,*,#10075,.T.);
#10075 = EDGE_CURVE('',#10068,#10076,#10078,.T.);
#10076 = VERTEX_POINT('',#10077);
#10077 = CARTESIAN_POINT('',(112.384539,-74.326141,1.585));
#10078 = LINE('',#10079,#10080);
#10079 = CARTESIAN_POINT('',(112.388669,-74.131375,1.585));
#10080 = VECTOR('',#10081,1.);
#10081 = DIRECTION('',(-2.120016731582E-02,-0.999775251197,0.));
#10082 = ORIENTED_EDGE('',*,*,#10083,.T.);
#10083 = EDGE_CURVE('',#10076,#10084,#10086,.T.);
#10084 = VERTEX_POINT('',#10085);
#10085 = CARTESIAN_POINT('',(112.441255,-74.382544,1.585));
#10086 = CIRCLE('',#10087,4.637711906441E-02);
#10087 = AXIS2_PLACEMENT_3D('',#10088,#10089,#10090);
#10088 = CARTESIAN_POINT('',(112.42945425425,-74.33769336374,1.585));
#10089 = DIRECTION('',(0.,0.,1.));
#10090 = DIRECTION('',(-0.968478748989,0.249096191774,0.));
#10091 = ORIENTED_EDGE('',*,*,#10092,.T.);
#10092 = EDGE_CURVE('',#10084,#10093,#10095,.T.);
#10093 = VERTEX_POINT('',#10094);
#10094 = CARTESIAN_POINT('',(112.473846,-74.369141,1.585));
#10095 = LINE('',#10096,#10097);
#10096 = CARTESIAN_POINT('',(112.441255,-74.382544,1.585));
#10097 = VECTOR('',#10098,1.);
#10098 = DIRECTION('',(0.92484608958,0.380341570944,0.));
#10099 = ORIENTED_EDGE('',*,*,#10100,.T.);
#10100 = EDGE_CURVE('',#10093,#9961,#10101,.T.);
#10101 = LINE('',#10102,#10103);
#10102 = CARTESIAN_POINT('',(112.473846,-74.369141,1.585));
#10103 = VECTOR('',#10104,1.);
#10104 = DIRECTION('',(0.72163421076,0.692274559594,0.));
#10105 = PLANE('',#10106);
#10106 = AXIS2_PLACEMENT_3D('',#10107,#10108,#10109);
#10107 = CARTESIAN_POINT('',(0.,0.,1.585));
#10108 = DIRECTION('',(0.,0.,1.));
#10109 = DIRECTION('',(1.,0.,-0.));
#10110 = SHELL_BASED_SURFACE_MODEL('',(#10111));
#10111 = OPEN_SHELL('',(#10112));
#10112 = ADVANCED_FACE('',(#10113),#10195,.T.);
#10113 = FACE_BOUND('',#10114,.F.);
#10114 = EDGE_LOOP('',(#10115,#10125,#10133,#10141,#10149,#10157,#10165,
    #10173,#10181,#10189));
#10115 = ORIENTED_EDGE('',*,*,#10116,.T.);
#10116 = EDGE_CURVE('',#10117,#10119,#10121,.T.);
#10117 = VERTEX_POINT('',#10118);
#10118 = CARTESIAN_POINT('',(109.847575,-74.032983,1.585));
#10119 = VERTEX_POINT('',#10120);
#10120 = CARTESIAN_POINT('',(109.844706,-74.003374,1.585));
#10121 = LINE('',#10122,#10123);
#10122 = CARTESIAN_POINT('',(109.847575,-74.032983,1.585));
#10123 = VECTOR('',#10124,1.);
#10124 = DIRECTION('',(-9.64445189112E-02,0.995338361951,0.));
#10125 = ORIENTED_EDGE('',*,*,#10126,.T.);
#10126 = EDGE_CURVE('',#10119,#10127,#10129,.T.);
#10127 = VERTEX_POINT('',#10128);
#10128 = CARTESIAN_POINT('',(109.966779,-74.003374,1.585));
#10129 = LINE('',#10130,#10131);
#10130 = CARTESIAN_POINT('',(109.844706,-74.003374,1.585));
#10131 = VECTOR('',#10132,1.);
#10132 = DIRECTION('',(1.,0.,0.));
#10133 = ORIENTED_EDGE('',*,*,#10134,.T.);
#10134 = EDGE_CURVE('',#10127,#10135,#10137,.T.);
#10135 = VERTEX_POINT('',#10136);
#10136 = CARTESIAN_POINT('',(109.963079,-74.042148,1.585));
#10137 = LINE('',#10138,#10139);
#10138 = CARTESIAN_POINT('',(109.966779,-74.003374,1.585));
#10139 = VECTOR('',#10140,1.);
#10140 = DIRECTION('',(-9.499325040787E-02,-0.995477916569,0.));
#10141 = ORIENTED_EDGE('',*,*,#10142,.T.);
#10142 = EDGE_CURVE('',#10135,#10143,#10145,.T.);
#10143 = VERTEX_POINT('',#10144);
#10144 = CARTESIAN_POINT('',(109.962309,-74.369519,1.585));
#10145 = LINE('',#10146,#10147);
#10146 = CARTESIAN_POINT('',(109.963079,-74.042148,1.585));
#10147 = VECTOR('',#10148,1.);
#10148 = DIRECTION('',(-2.352064996853E-03,-0.999997233891,0.));
#10149 = ORIENTED_EDGE('',*,*,#10150,.T.);
#10150 = EDGE_CURVE('',#10143,#10151,#10153,.T.);
#10151 = VERTEX_POINT('',#10152);
#10152 = CARTESIAN_POINT('',(110.190774,-74.365611,1.585));
#10153 = LINE('',#10154,#10155);
#10154 = CARTESIAN_POINT('',(109.962309,-74.369519,1.585));
#10155 = VECTOR('',#10156,1.);
#10156 = DIRECTION('',(0.999853733635,1.710296277785E-02,0.));
#10157 = ORIENTED_EDGE('',*,*,#10158,.T.);
#10158 = EDGE_CURVE('',#10151,#10159,#10161,.T.);
#10159 = VERTEX_POINT('',#10160);
#10160 = CARTESIAN_POINT('',(110.188452,-74.472822,1.585));
#10161 = LINE('',#10162,#10163);
#10162 = CARTESIAN_POINT('',(110.190774,-74.365611,1.585));
#10163 = VECTOR('',#10164,1.);
#10164 = DIRECTION('',(-2.165314744873E-02,-0.999765543118,0.));
#10165 = ORIENTED_EDGE('',*,*,#10166,.T.);
#10166 = EDGE_CURVE('',#10159,#10167,#10169,.T.);
#10167 = VERTEX_POINT('',#10168);
#10168 = CARTESIAN_POINT('',(109.927578,-74.469194,1.585));
#10169 = LINE('',#10170,#10171);
#10170 = CARTESIAN_POINT('',(110.188452,-74.472822,1.585));
#10171 = VECTOR('',#10172,1.);
#10172 = DIRECTION('',(-0.999903310353,1.390575224036E-02,0.));
#10173 = ORIENTED_EDGE('',*,*,#10174,.T.);
#10174 = EDGE_CURVE('',#10167,#10175,#10177,.T.);
#10175 = VERTEX_POINT('',#10176);
#10176 = CARTESIAN_POINT('',(109.844967,-74.469325,1.585));
#10177 = LINE('',#10178,#10179);
#10178 = CARTESIAN_POINT('',(109.927578,-74.469194,1.585));
#10179 = VECTOR('',#10180,1.);
#10180 = DIRECTION('',(-0.999998742708,-1.585743245947E-03,0.));
#10181 = ORIENTED_EDGE('',*,*,#10182,.T.);
#10182 = EDGE_CURVE('',#10175,#10183,#10185,.T.);
#10183 = VERTEX_POINT('',#10184);
#10184 = CARTESIAN_POINT('',(109.849176,-74.389131,1.585));
#10185 = LINE('',#10186,#10187);
#10186 = CARTESIAN_POINT('',(109.844967,-74.469325,1.585));
#10187 = VECTOR('',#10188,1.);
#10188 = DIRECTION('',(5.24130818579E-02,0.998625489786,0.));
#10189 = ORIENTED_EDGE('',*,*,#10190,.T.);
#10190 = EDGE_CURVE('',#10183,#10117,#10191,.T.);
#10191 = LINE('',#10192,#10193);
#10192 = CARTESIAN_POINT('',(109.849176,-74.389131,1.585));
#10193 = VECTOR('',#10194,1.);
#10194 = DIRECTION('',(-4.495276749547E-03,0.999989896192,0.));
#10195 = PLANE('',#10196);
#10196 = AXIS2_PLACEMENT_3D('',#10197,#10198,#10199);
#10197 = CARTESIAN_POINT('',(0.,0.,1.585));
#10198 = DIRECTION('',(0.,0.,1.));
#10199 = DIRECTION('',(1.,0.,-0.));
#10200 = SHELL_BASED_SURFACE_MODEL('',(#10201));
#10201 = OPEN_SHELL('',(#10202));
#10202 = ADVANCED_FACE('',(#10203),#10325,.T.);
#10203 = FACE_BOUND('',#10204,.F.);
#10204 = EDGE_LOOP('',(#10205,#10215,#10223,#10231,#10239,#10247,#10255,
    #10263,#10271,#10279,#10287,#10295,#10303,#10311,#10319));
#10205 = ORIENTED_EDGE('',*,*,#10206,.T.);
#10206 = EDGE_CURVE('',#10207,#10209,#10211,.T.);
#10207 = VERTEX_POINT('',#10208);
#10208 = CARTESIAN_POINT('',(110.232117,-74.03589,1.585));
#10209 = VERTEX_POINT('',#10210);
#10210 = CARTESIAN_POINT('',(110.228852,-74.001713,1.585));
#10211 = LINE('',#10212,#10213);
#10212 = CARTESIAN_POINT('',(110.232117,-74.03589,1.585));
#10213 = VECTOR('',#10214,1.);
#10214 = DIRECTION('',(-9.509911332773E-02,0.995467808944,0.));
#10215 = ORIENTED_EDGE('',*,*,#10216,.T.);
#10216 = EDGE_CURVE('',#10209,#10217,#10219,.T.);
#10217 = VERTEX_POINT('',#10218);
#10218 = CARTESIAN_POINT('',(110.573258,-74.000248,1.585));
#10219 = LINE('',#10220,#10221);
#10220 = CARTESIAN_POINT('',(110.228852,-74.001713,1.585));
#10221 = VECTOR('',#10222,1.);
#10222 = DIRECTION('',(0.999990953138,4.253662091671E-03,0.));
#10223 = ORIENTED_EDGE('',*,*,#10224,.T.);
#10224 = EDGE_CURVE('',#10217,#10225,#10227,.T.);
#10225 = VERTEX_POINT('',#10226);
#10226 = CARTESIAN_POINT('',(110.573258,-74.104198,1.585));
#10227 = LINE('',#10228,#10229);
#10228 = CARTESIAN_POINT('',(110.573258,-74.000248,1.585));
#10229 = VECTOR('',#10230,1.);
#10230 = DIRECTION('',(0.,-1.,0.));
#10231 = ORIENTED_EDGE('',*,*,#10232,.T.);
#10232 = EDGE_CURVE('',#10225,#10233,#10235,.T.);
#10233 = VERTEX_POINT('',#10234);
#10234 = CARTESIAN_POINT('',(110.344207,-74.100265,1.585));
#10235 = LINE('',#10236,#10237);
#10236 = CARTESIAN_POINT('',(110.573258,-74.104198,1.585));
#10237 = VECTOR('',#10238,1.);
#10238 = DIRECTION('',(-0.999852613573,1.716831766369E-02,0.));
#10239 = ORIENTED_EDGE('',*,*,#10240,.T.);
#10240 = EDGE_CURVE('',#10233,#10241,#10243,.T.);
#10241 = VERTEX_POINT('',#10242);
#10242 = CARTESIAN_POINT('',(110.344207,-74.182746,1.585));
#10243 = LINE('',#10244,#10245);
#10244 = CARTESIAN_POINT('',(110.344207,-74.100265,1.585));
#10245 = VECTOR('',#10246,1.);
#10246 = DIRECTION('',(0.,-1.,0.));
#10247 = ORIENTED_EDGE('',*,*,#10248,.T.);
#10248 = EDGE_CURVE('',#10241,#10249,#10251,.T.);
#10249 = VERTEX_POINT('',#10250);
#10250 = CARTESIAN_POINT('',(110.549176,-74.178814,1.585));
#10251 = LINE('',#10252,#10253);
#10252 = CARTESIAN_POINT('',(110.344207,-74.182746,1.585));
#10253 = VECTOR('',#10254,1.);
#10254 = DIRECTION('',(0.999816049568,1.917985991488E-02,0.));
#10255 = ORIENTED_EDGE('',*,*,#10256,.T.);
#10256 = EDGE_CURVE('',#10249,#10257,#10259,.T.);
#10257 = VERTEX_POINT('',#10258);
#10258 = CARTESIAN_POINT('',(110.546289,-74.282118,1.585));
#10259 = LINE('',#10260,#10261);
#10260 = CARTESIAN_POINT('',(110.549176,-74.178814,1.585));
#10261 = VECTOR('',#10262,1.);
#10262 = DIRECTION('',(-2.793573593491E-02,-0.99960972117,0.));
#10263 = ORIENTED_EDGE('',*,*,#10264,.T.);
#10264 = EDGE_CURVE('',#10257,#10265,#10267,.T.);
#10265 = VERTEX_POINT('',#10266);
#10266 = CARTESIAN_POINT('',(110.344207,-74.278489,1.585));
#10267 = LINE('',#10268,#10269);
#10268 = CARTESIAN_POINT('',(110.546289,-74.282118,1.585));
#10269 = VECTOR('',#10270,1.);
#10270 = DIRECTION('',(-0.999838793091,1.795516166769E-02,0.));
#10271 = ORIENTED_EDGE('',*,*,#10272,.T.);
#10272 = EDGE_CURVE('',#10265,#10273,#10275,.T.);
#10273 = VERTEX_POINT('',#10274);
#10274 = CARTESIAN_POINT('',(110.344207,-74.372327,1.585));
#10275 = LINE('',#10276,#10277);
#10276 = CARTESIAN_POINT('',(110.344207,-74.278489,1.585));
#10277 = VECTOR('',#10278,1.);
#10278 = DIRECTION('',(0.,-1.,0.));
#10279 = ORIENTED_EDGE('',*,*,#10280,.T.);
#10280 = EDGE_CURVE('',#10273,#10281,#10283,.T.);
#10281 = VERTEX_POINT('',#10282);
#10282 = CARTESIAN_POINT('',(110.579975,-74.36842,1.585));
#10283 = LINE('',#10284,#10285);
#10284 = CARTESIAN_POINT('',(110.344207,-74.372327,1.585));
#10285 = VECTOR('',#10286,1.);
#10286 = DIRECTION('',(0.999862723034,1.656910038212E-02,0.));
#10287 = ORIENTED_EDGE('',*,*,#10288,.T.);
#10288 = EDGE_CURVE('',#10281,#10289,#10291,.T.);
#10289 = VERTEX_POINT('',#10290);
#10290 = CARTESIAN_POINT('',(110.577323,-74.472822,1.585));
#10291 = LINE('',#10292,#10293);
#10292 = CARTESIAN_POINT('',(110.579975,-74.36842,1.585));
#10293 = VECTOR('',#10294,1.);
#10294 = DIRECTION('',(-2.53936209038E-02,-0.999677530015,0.));
#10295 = ORIENTED_EDGE('',*,*,#10296,.T.);
#10296 = EDGE_CURVE('',#10289,#10297,#10299,.T.);
#10297 = VERTEX_POINT('',#10298);
#10298 = CARTESIAN_POINT('',(110.311161,-74.469194,1.585));
#10299 = LINE('',#10300,#10301);
#10300 = CARTESIAN_POINT('',(110.577323,-74.472822,1.585));
#10301 = VECTOR('',#10302,1.);
#10302 = DIRECTION('',(-0.99990711364,1.362953016688E-02,0.));
#10303 = ORIENTED_EDGE('',*,*,#10304,.T.);
#10304 = EDGE_CURVE('',#10297,#10305,#10307,.T.);
#10305 = VERTEX_POINT('',#10306);
#10306 = CARTESIAN_POINT('',(110.229113,-74.469117,1.585));
#10307 = LINE('',#10308,#10309);
#10308 = CARTESIAN_POINT('',(110.311161,-74.469194,1.585));
#10309 = VECTOR('',#10310,1.);
#10310 = DIRECTION('',(-0.999999559633,9.384746257831E-04,0.));
#10311 = ORIENTED_EDGE('',*,*,#10312,.T.);
#10312 = EDGE_CURVE('',#10305,#10313,#10315,.T.);
#10313 = VERTEX_POINT('',#10314);
#10314 = CARTESIAN_POINT('',(110.233321,-74.389131,1.585));
#10315 = LINE('',#10316,#10317);
#10316 = CARTESIAN_POINT('',(110.229113,-74.469117,1.585));
#10317 = VECTOR('',#10318,1.);
#10318 = DIRECTION('',(5.253655338639E-02,0.998619001701,0.));
#10319 = ORIENTED_EDGE('',*,*,#10320,.T.);
#10320 = EDGE_CURVE('',#10313,#10207,#10321,.T.);
#10321 = LINE('',#10322,#10323);
#10322 = CARTESIAN_POINT('',(110.233321,-74.389131,1.585));
#10323 = VECTOR('',#10324,1.);
#10324 = DIRECTION('',(-3.408418066867E-03,0.999994191326,0.));
#10325 = PLANE('',#10326);
#10326 = AXIS2_PLACEMENT_3D('',#10327,#10328,#10329);
#10327 = CARTESIAN_POINT('',(0.,0.,1.585));
#10328 = DIRECTION('',(0.,0.,1.));
#10329 = DIRECTION('',(1.,0.,-0.));
#10330 = SHELL_BASED_SURFACE_MODEL('',(#10331));
#10331 = OPEN_SHELL('',(#10332));
#10332 = ADVANCED_FACE('',(#10333),#10495,.T.);
#10333 = FACE_BOUND('',#10334,.F.);
#10334 = EDGE_LOOP('',(#10335,#10345,#10353,#10361,#10369,#10377,#10385,
    #10393,#10401,#10409,#10417,#10425,#10433,#10441,#10449,#10457,
    #10465,#10473,#10481,#10489));
#10335 = ORIENTED_EDGE('',*,*,#10336,.T.);
#10336 = EDGE_CURVE('',#10337,#10339,#10341,.T.);
#10337 = VERTEX_POINT('',#10338);
#10338 = CARTESIAN_POINT('',(111.306545,-74.067567,1.585));
#10339 = VERTEX_POINT('',#10340);
#10340 = CARTESIAN_POINT('',(111.302348,-74.003374,1.585));
#10341 = LINE('',#10342,#10343);
#10342 = CARTESIAN_POINT('',(111.306545,-74.067567,1.585));
#10343 = VECTOR('',#10344,1.);
#10344 = DIRECTION('',(-6.524166594568E-02,0.997869492982,0.));
#10345 = ORIENTED_EDGE('',*,*,#10346,.T.);
#10346 = EDGE_CURVE('',#10339,#10347,#10349,.T.);
#10347 = VERTEX_POINT('',#10348);
#10348 = CARTESIAN_POINT('',(111.450188,-74.003374,1.585));
#10349 = LINE('',#10350,#10351);
#10350 = CARTESIAN_POINT('',(111.302348,-74.003374,1.585));
#10351 = VECTOR('',#10352,1.);
#10352 = DIRECTION('',(1.,0.,0.));
#10353 = ORIENTED_EDGE('',*,*,#10354,.T.);
#10354 = EDGE_CURVE('',#10347,#10355,#10357,.T.);
#10355 = VERTEX_POINT('',#10356);
#10356 = CARTESIAN_POINT('',(111.452745,-74.017693,1.585));
#10357 = LINE('',#10358,#10359);
#10358 = CARTESIAN_POINT('',(111.450188,-74.003374,1.585));
#10359 = VECTOR('',#10360,1.);
#10360 = DIRECTION('',(0.175793017954,-0.9844271506,0.));
#10361 = ORIENTED_EDGE('',*,*,#10362,.T.);
#10362 = EDGE_CURVE('',#10355,#10363,#10365,.T.);
#10363 = VERTEX_POINT('',#10364);
#10364 = CARTESIAN_POINT('',(111.555457,-74.32365,1.585));
#10365 = LINE('',#10366,#10367);
#10366 = CARTESIAN_POINT('',(111.452745,-74.017693,1.585));
#10367 = VECTOR('',#10368,1.);
#10368 = DIRECTION('',(0.318252530888,-0.948005973917,0.));
#10369 = ORIENTED_EDGE('',*,*,#10370,.T.);
#10370 = EDGE_CURVE('',#10363,#10371,#10373,.T.);
#10371 = VERTEX_POINT('',#10372);
#10372 = CARTESIAN_POINT('',(111.65503,-74.028606,1.585));
#10373 = LINE('',#10374,#10375);
#10374 = CARTESIAN_POINT('',(111.555457,-74.32365,1.585));
#10375 = VECTOR('',#10376,1.);
#10376 = DIRECTION('',(0.319766103151,0.947496511485,0.));
#10377 = ORIENTED_EDGE('',*,*,#10378,.T.);
#10378 = EDGE_CURVE('',#10371,#10379,#10381,.T.);
#10379 = VERTEX_POINT('',#10380);
#10380 = CARTESIAN_POINT('',(111.659626,-74.003374,1.585));
#10381 = LINE('',#10382,#10383);
#10382 = CARTESIAN_POINT('',(111.65503,-74.028606,1.585));
#10383 = VECTOR('',#10384,1.);
#10384 = DIRECTION('',(0.179201097419,0.983812465201,0.));
#10385 = ORIENTED_EDGE('',*,*,#10386,.T.);
#10386 = EDGE_CURVE('',#10379,#10387,#10389,.T.);
#10387 = VERTEX_POINT('',#10388);
#10388 = CARTESIAN_POINT('',(111.807664,-74.006337,1.585));
#10389 = LINE('',#10390,#10391);
#10390 = CARTESIAN_POINT('',(111.659626,-74.003374,1.585));
#10391 = VECTOR('',#10392,1.);
#10392 = DIRECTION('',(0.999799757422,-2.001112336866E-02,0.));
#10393 = ORIENTED_EDGE('',*,*,#10394,.T.);
#10394 = EDGE_CURVE('',#10387,#10395,#10397,.T.);
#10395 = VERTEX_POINT('',#10396);
#10396 = CARTESIAN_POINT('',(111.803534,-74.09074,1.585));
#10397 = LINE('',#10398,#10399);
#10398 = CARTESIAN_POINT('',(111.807664,-74.006337,1.585));
#10399 = VECTOR('',#10400,1.);
#10400 = DIRECTION('',(-4.887343537358E-02,-0.998804979621,0.));
#10401 = ORIENTED_EDGE('',*,*,#10402,.T.);
#10402 = EDGE_CURVE('',#10395,#10403,#10405,.T.);
#10403 = VERTEX_POINT('',#10404);
#10404 = CARTESIAN_POINT('',(111.805274,-74.44508,1.585));
#10405 = LINE('',#10406,#10407);
#10406 = CARTESIAN_POINT('',(111.803534,-74.09074,1.585));
#10407 = VECTOR('',#10408,1.);
#10408 = DIRECTION('',(4.910478697676E-03,-0.999987943527,0.));
#10409 = ORIENTED_EDGE('',*,*,#10410,.T.);
#10410 = EDGE_CURVE('',#10403,#10411,#10413,.T.);
#10411 = VERTEX_POINT('',#10412);
#10412 = CARTESIAN_POINT('',(111.808028,-74.469194,1.585));
#10413 = LINE('',#10414,#10415);
#10414 = CARTESIAN_POINT('',(111.805274,-74.44508,1.585));
#10415 = VECTOR('',#10416,1.);
#10416 = DIRECTION('',(0.113469897611,-0.993541434635,0.));
#10417 = ORIENTED_EDGE('',*,*,#10418,.T.);
#10418 = EDGE_CURVE('',#10411,#10419,#10421,.T.);
#10419 = VERTEX_POINT('',#10420);
#10420 = CARTESIAN_POINT('',(111.697965,-74.467174,1.585));
#10421 = LINE('',#10422,#10423);
#10422 = CARTESIAN_POINT('',(111.808028,-74.469194,1.585));
#10423 = VECTOR('',#10424,1.);
#10424 = DIRECTION('',(-0.999831623936,1.835003480146E-02,0.));
#10425 = ORIENTED_EDGE('',*,*,#10426,.T.);
#10426 = EDGE_CURVE('',#10419,#10427,#10429,.T.);
#10427 = VERTEX_POINT('',#10428);
#10428 = CARTESIAN_POINT('',(111.707229,-74.149529,1.585));
#10429 = LINE('',#10430,#10431);
#10430 = CARTESIAN_POINT('',(111.697965,-74.467174,1.585));
#10431 = VECTOR('',#10432,1.);
#10432 = DIRECTION('',(2.915223801499E-02,0.99957498319,0.));
#10433 = ORIENTED_EDGE('',*,*,#10434,.T.);
#10434 = EDGE_CURVE('',#10427,#10435,#10437,.T.);
#10435 = VERTEX_POINT('',#10436);
#10436 = CARTESIAN_POINT('',(111.603621,-74.469194,1.585));
#10437 = LINE('',#10438,#10439);
#10438 = CARTESIAN_POINT('',(111.707229,-74.149529,1.585));
#10439 = VECTOR('',#10440,1.);
#10440 = DIRECTION('',(-0.308323921651,-0.951281430145,0.));
#10441 = ORIENTED_EDGE('',*,*,#10442,.T.);
#10442 = EDGE_CURVE('',#10435,#10443,#10445,.T.);
#10443 = VERTEX_POINT('',#10444);
#10444 = CARTESIAN_POINT('',(111.505822,-74.466725,1.585));
#10445 = LINE('',#10446,#10447);
#10446 = CARTESIAN_POINT('',(111.603621,-74.469194,1.585));
#10447 = VECTOR('',#10448,1.);
#10448 = DIRECTION('',(-0.99968148065,2.523761567838E-02,0.));
#10449 = ORIENTED_EDGE('',*,*,#10450,.T.);
#10450 = EDGE_CURVE('',#10443,#10451,#10453,.T.);
#10451 = VERTEX_POINT('',#10452);
#10452 = CARTESIAN_POINT('',(111.402585,-74.150066,1.585));
#10453 = LINE('',#10454,#10455);
#10454 = CARTESIAN_POINT('',(111.505822,-74.466725,1.585));
#10455 = VECTOR('',#10456,1.);
#10456 = DIRECTION('',(-0.309962605148,0.950748748834,0.));
#10457 = ORIENTED_EDGE('',*,*,#10458,.T.);
#10458 = EDGE_CURVE('',#10451,#10459,#10461,.T.);
#10459 = VERTEX_POINT('',#10460);
#10460 = CARTESIAN_POINT('',(111.408178,-74.382415,1.585));
#10461 = LINE('',#10462,#10463);
#10462 = CARTESIAN_POINT('',(111.402585,-74.150066,1.585));
#10463 = VECTOR('',#10464,1.);
#10464 = DIRECTION('',(2.406457657048E-02,-0.999710406145,0.));
#10465 = ORIENTED_EDGE('',*,*,#10466,.T.);
#10466 = EDGE_CURVE('',#10459,#10467,#10469,.T.);
#10467 = VERTEX_POINT('',#10468);
#10468 = CARTESIAN_POINT('',(111.412672,-74.469194,1.585));
#10469 = LINE('',#10470,#10471);
#10470 = CARTESIAN_POINT('',(111.408178,-74.382415,1.585));
#10471 = VECTOR('',#10472,1.);
#10472 = DIRECTION('',(5.171741946919E-02,-0.998661758817,0.));
#10473 = ORIENTED_EDGE('',*,*,#10474,.T.);
#10474 = EDGE_CURVE('',#10467,#10475,#10477,.T.);
#10475 = VERTEX_POINT('',#10476);
#10476 = CARTESIAN_POINT('',(111.302609,-74.467213,1.585));
#10477 = LINE('',#10478,#10479);
#10478 = CARTESIAN_POINT('',(111.412672,-74.469194,1.585));
#10479 = VECTOR('',#10480,1.);
#10480 = DIRECTION('',(-0.999838061259,1.799586781529E-02,0.));
#10481 = ORIENTED_EDGE('',*,*,#10482,.T.);
#10482 = EDGE_CURVE('',#10475,#10483,#10485,.T.);
#10483 = VERTEX_POINT('',#10484);
#10484 = CARTESIAN_POINT('',(111.306817,-74.382415,1.585));
#10485 = LINE('',#10486,#10487);
#10486 = CARTESIAN_POINT('',(111.302609,-74.467213,1.585));
#10487 = VECTOR('',#10488,1.);
#10488 = DIRECTION('',(4.956282461431E-02,0.998771007997,0.));
#10489 = ORIENTED_EDGE('',*,*,#10490,.T.);
#10490 = EDGE_CURVE('',#10483,#10337,#10491,.T.);
#10491 = LINE('',#10492,#10493);
#10492 = CARTESIAN_POINT('',(111.306817,-74.382415,1.585));
#10493 = VECTOR('',#10494,1.);
#10494 = DIRECTION('',(-8.63908611436E-04,0.999999626831,0.));
#10495 = PLANE('',#10496);
#10496 = AXIS2_PLACEMENT_3D('',#10497,#10498,#10499);
#10497 = CARTESIAN_POINT('',(0.,0.,1.585));
#10498 = DIRECTION('',(0.,0.,1.));
#10499 = DIRECTION('',(1.,0.,-0.));
#10500 = SHELL_BASED_SURFACE_MODEL('',(#10501));
#10501 = OPEN_SHELL('',(#10502));
#10502 = ADVANCED_FACE('',(#10503),#10673,.T.);
#10503 = FACE_BOUND('',#10504,.F.);
#10504 = EDGE_LOOP('',(#10505,#10515,#10523,#10531,#10539,#10547,#10555,
    #10563,#10571,#10579,#10587,#10595,#10603,#10611,#10619,#10627,
    #10635,#10643,#10651,#10659,#10667));
#10505 = ORIENTED_EDGE('',*,*,#10506,.T.);
#10506 = EDGE_CURVE('',#10507,#10509,#10511,.T.);
#10507 = VERTEX_POINT('',#10508);
#10508 = CARTESIAN_POINT('',(112.794696,-74.166651,1.585));
#10509 = VERTEX_POINT('',#10510);
#10510 = CARTESIAN_POINT('',(112.846,-74.131266,1.585));
#10511 = LINE('',#10512,#10513);
#10512 = CARTESIAN_POINT('',(112.794696,-74.166651,1.585));
#10513 = VECTOR('',#10514,1.);
#10514 = DIRECTION('',(0.823190805362,0.567764826285,0.));
#10515 = ORIENTED_EDGE('',*,*,#10516,.T.);
#10516 = EDGE_CURVE('',#10509,#10517,#10519,.T.);
#10517 = VERTEX_POINT('',#10518);
#10518 = CARTESIAN_POINT('',(112.891897,-74.119843,1.585));
#10519 = LINE('',#10520,#10521);
#10520 = CARTESIAN_POINT('',(112.846,-74.131266,1.585));
#10521 = VECTOR('',#10522,1.);
#10522 = DIRECTION('',(0.970396922935,0.241515655722,0.));
#10523 = ORIENTED_EDGE('',*,*,#10524,.T.);
#10524 = EDGE_CURVE('',#10517,#10525,#10527,.T.);
#10525 = VERTEX_POINT('',#10526);
#10526 = CARTESIAN_POINT('',(112.928487,-74.119911,1.585));
#10527 = LINE('',#10528,#10529);
#10528 = CARTESIAN_POINT('',(112.891897,-74.119843,1.585));
#10529 = VECTOR('',#10530,1.);
#10530 = DIRECTION('',(0.999998273121,-1.858428056056E-03,0.));
#10531 = ORIENTED_EDGE('',*,*,#10532,.T.);
#10532 = EDGE_CURVE('',#10525,#10533,#10535,.T.);
#10533 = VERTEX_POINT('',#10534);
#10534 = CARTESIAN_POINT('',(112.981262,-74.135831,1.585));
#10535 = LINE('',#10536,#10537);
#10536 = CARTESIAN_POINT('',(112.928487,-74.119911,1.585));
#10537 = VECTOR('',#10538,1.);
#10538 = DIRECTION('',(0.957388297651,-0.288803821859,0.));
#10539 = ORIENTED_EDGE('',*,*,#10540,.T.);
#10540 = EDGE_CURVE('',#10533,#10541,#10543,.T.);
#10541 = VERTEX_POINT('',#10542);
#10542 = CARTESIAN_POINT('',(113.014714,-74.168429,1.585));
#10543 = LINE('',#10544,#10545);
#10544 = CARTESIAN_POINT('',(112.981262,-74.135831,1.585));
#10545 = VECTOR('',#10546,1.);
#10546 = DIRECTION('',(0.716189526348,-0.697905840604,0.));
#10547 = ORIENTED_EDGE('',*,*,#10548,.T.);
#10548 = EDGE_CURVE('',#10541,#10549,#10551,.T.);
#10549 = VERTEX_POINT('',#10550);
#10550 = CARTESIAN_POINT('',(113.028901,-74.205696,1.585));
#10551 = LINE('',#10552,#10553);
#10552 = CARTESIAN_POINT('',(113.014714,-74.168429,1.585));
#10553 = VECTOR('',#10554,1.);
#10554 = DIRECTION('',(0.355777365362,-0.934570739054,0.));
#10555 = ORIENTED_EDGE('',*,*,#10556,.T.);
#10556 = EDGE_CURVE('',#10549,#10557,#10559,.T.);
#10557 = VERTEX_POINT('',#10558);
#10558 = CARTESIAN_POINT('',(113.036618,-74.469194,1.585));
#10559 = LINE('',#10560,#10561);
#10560 = CARTESIAN_POINT('',(113.028901,-74.205696,1.585));
#10561 = VECTOR('',#10562,1.);
#10562 = DIRECTION('',(2.927419805486E-02,-0.999571418823,0.));
#10563 = ORIENTED_EDGE('',*,*,#10564,.T.);
#10564 = EDGE_CURVE('',#10557,#10565,#10567,.T.);
#10565 = VERTEX_POINT('',#10566);
#10566 = CARTESIAN_POINT('',(112.920503,-74.466229,1.585));
#10567 = LINE('',#10568,#10569);
#10568 = CARTESIAN_POINT('',(113.036618,-74.469194,1.585));
#10569 = VECTOR('',#10570,1.);
#10570 = DIRECTION('',(-0.999674140469,2.552670909438E-02,0.));
#10571 = ORIENTED_EDGE('',*,*,#10572,.T.);
#10572 = EDGE_CURVE('',#10565,#10573,#10575,.T.);
#10573 = VERTEX_POINT('',#10574);
#10574 = CARTESIAN_POINT('',(112.924633,-74.269721,1.585));
#10575 = LINE('',#10576,#10577);
#10576 = CARTESIAN_POINT('',(112.920503,-74.466229,1.585));
#10577 = VECTOR('',#10578,1.);
#10578 = DIRECTION('',(2.101231586438E-02,0.999779216918,0.));
#10579 = ORIENTED_EDGE('',*,*,#10580,.T.);
#10580 = EDGE_CURVE('',#10573,#10581,#10583,.T.);
#10581 = VERTEX_POINT('',#10582);
#10582 = CARTESIAN_POINT('',(112.920137,-74.23615,1.585));
#10583 = LINE('',#10584,#10585);
#10584 = CARTESIAN_POINT('',(112.924633,-74.269721,1.585));
#10585 = VECTOR('',#10586,1.);
#10586 = DIRECTION('',(-0.132739996321,0.991150893344,0.));
#10587 = ORIENTED_EDGE('',*,*,#10588,.T.);
#10588 = EDGE_CURVE('',#10581,#10589,#10591,.T.);
#10589 = VERTEX_POINT('',#10590);
#10590 = CARTESIAN_POINT('',(112.905469,-74.219028,1.585));
#10591 = LINE('',#10592,#10593);
#10592 = CARTESIAN_POINT('',(112.920137,-74.23615,1.585));
#10593 = VECTOR('',#10594,1.);
#10594 = DIRECTION('',(-0.650586798895,0.759431904191,0.));
#10595 = ORIENTED_EDGE('',*,*,#10596,.T.);
#10596 = EDGE_CURVE('',#10589,#10597,#10599,.T.);
#10597 = VERTEX_POINT('',#10598);
#10598 = CARTESIAN_POINT('',(112.878606,-74.212568,1.585));
#10599 = LINE('',#10600,#10601);
#10600 = CARTESIAN_POINT('',(112.905469,-74.219028,1.585));
#10601 = VECTOR('',#10602,1.);
#10602 = DIRECTION('',(-0.972281412435,0.233813718659,0.));
#10603 = ORIENTED_EDGE('',*,*,#10604,.T.);
#10604 = EDGE_CURVE('',#10597,#10605,#10607,.T.);
#10605 = VERTEX_POINT('',#10606);
#10606 = CARTESIAN_POINT('',(112.847066,-74.219764,1.585));
#10607 = LINE('',#10608,#10609);
#10608 = CARTESIAN_POINT('',(112.878606,-74.212568,1.585));
#10609 = VECTOR('',#10610,1.);
#10610 = DIRECTION('',(-0.974946679986,-0.222438690843,0.));
#10611 = ORIENTED_EDGE('',*,*,#10612,.T.);
#10612 = EDGE_CURVE('',#10605,#10613,#10615,.T.);
#10613 = VERTEX_POINT('',#10614);
#10614 = CARTESIAN_POINT('',(112.816138,-74.243352,1.585));
#10615 = LINE('',#10616,#10617);
#10616 = CARTESIAN_POINT('',(112.847066,-74.219764,1.585));
#10617 = VECTOR('',#10618,1.);
#10618 = DIRECTION('',(-0.795136540777,-0.606430442442,0.));
#10619 = ORIENTED_EDGE('',*,*,#10620,.T.);
#10620 = EDGE_CURVE('',#10613,#10621,#10623,.T.);
#10621 = VERTEX_POINT('',#10622);
#10622 = CARTESIAN_POINT('',(112.795258,-74.271406,1.585));
#10623 = LINE('',#10624,#10625);
#10624 = CARTESIAN_POINT('',(112.816138,-74.243352,1.585));
#10625 = VECTOR('',#10626,1.);
#10626 = DIRECTION('',(-0.597058701561,-0.802197548544,0.));
#10627 = ORIENTED_EDGE('',*,*,#10628,.T.);
#10628 = EDGE_CURVE('',#10621,#10629,#10631,.T.);
#10629 = VERTEX_POINT('',#10630);
#10630 = CARTESIAN_POINT('',(112.799752,-74.469194,1.585));
#10631 = LINE('',#10632,#10633);
#10632 = CARTESIAN_POINT('',(112.795258,-74.271406,1.585));
#10633 = VECTOR('',#10634,1.);
#10634 = DIRECTION('',(2.271543480223E-02,-0.999741971221,0.));
#10635 = ORIENTED_EDGE('',*,*,#10636,.T.);
#10636 = EDGE_CURVE('',#10629,#10637,#10639,.T.);
#10637 = VERTEX_POINT('',#10638);
#10638 = CARTESIAN_POINT('',(112.684196,-74.4663,1.585));
#10639 = LINE('',#10640,#10641);
#10640 = CARTESIAN_POINT('',(112.799752,-74.469194,1.585));
#10641 = VECTOR('',#10642,1.);
#10642 = DIRECTION('',(-0.999686543109,2.503628418911E-02,0.));
#10643 = ORIENTED_EDGE('',*,*,#10644,.T.);
#10644 = EDGE_CURVE('',#10637,#10645,#10647,.T.);
#10645 = VERTEX_POINT('',#10646);
#10646 = CARTESIAN_POINT('',(112.688304,-74.212788,1.585));
#10647 = LINE('',#10648,#10649);
#10648 = CARTESIAN_POINT('',(112.684196,-74.4663,1.585));
#10649 = VECTOR('',#10650,1.);
#10650 = DIRECTION('',(1.620223407241E-02,0.99986873519,0.));
#10651 = ORIENTED_EDGE('',*,*,#10652,.T.);
#10652 = EDGE_CURVE('',#10645,#10653,#10655,.T.);
#10653 = VERTEX_POINT('',#10654);
#10654 = CARTESIAN_POINT('',(112.683834,-74.128427,1.585));
#10655 = LINE('',#10656,#10657);
#10656 = CARTESIAN_POINT('',(112.688304,-74.212788,1.585));
#10657 = VECTOR('',#10658,1.);
#10658 = DIRECTION('',(-5.291234395709E-02,0.998599160753,0.));
#10659 = ORIENTED_EDGE('',*,*,#10660,.T.);
#10660 = EDGE_CURVE('',#10653,#10661,#10663,.T.);
#10661 = VERTEX_POINT('',#10662);
#10662 = CARTESIAN_POINT('',(112.795258,-74.128427,1.585));
#10663 = LINE('',#10664,#10665);
#10664 = CARTESIAN_POINT('',(112.683834,-74.128427,1.585));
#10665 = VECTOR('',#10666,1.);
#10666 = DIRECTION('',(1.,0.,0.));
#10667 = ORIENTED_EDGE('',*,*,#10668,.T.);
#10668 = EDGE_CURVE('',#10661,#10507,#10669,.T.);
#10669 = LINE('',#10670,#10671);
#10670 = CARTESIAN_POINT('',(112.795258,-74.128427,1.585));
#10671 = VECTOR('',#10672,1.);
#10672 = DIRECTION('',(-1.470121560766E-02,-0.99989193129,0.));
#10673 = PLANE('',#10674);
#10674 = AXIS2_PLACEMENT_3D('',#10675,#10676,#10677);
#10675 = CARTESIAN_POINT('',(0.,0.,1.585));
#10676 = DIRECTION('',(0.,0.,1.));
#10677 = DIRECTION('',(1.,0.,-0.));
#10678 = SHELL_BASED_SURFACE_MODEL('',(#10679));
#10679 = OPEN_SHELL('',(#10680));
#10680 = ADVANCED_FACE('',(#10681,#10813),#10888,.T.);
#10681 = FACE_BOUND('',#10682,.F.);
#10682 = EDGE_LOOP('',(#10683,#10693,#10701,#10709,#10717,#10725,#10733,
    #10742,#10750,#10759,#10767,#10775,#10783,#10791,#10799,#10807));
#10683 = ORIENTED_EDGE('',*,*,#10684,.T.);
#10684 = EDGE_CURVE('',#10685,#10687,#10689,.T.);
#10685 = VERTEX_POINT('',#10686);
#10686 = CARTESIAN_POINT('',(110.641866,-74.371204,1.585));
#10687 = VERTEX_POINT('',#10688);
#10688 = CARTESIAN_POINT('',(110.640251,-74.030273,1.585));
#10689 = LINE('',#10690,#10691);
#10690 = CARTESIAN_POINT('',(110.641866,-74.371204,1.585));
#10691 = VECTOR('',#10692,1.);
#10692 = DIRECTION('',(-4.736975752987E-03,0.999988780467,0.));
#10693 = ORIENTED_EDGE('',*,*,#10694,.T.);
#10694 = EDGE_CURVE('',#10687,#10695,#10697,.T.);
#10695 = VERTEX_POINT('',#10696);
#10696 = CARTESIAN_POINT('',(110.636835,-74.001811,1.585));
#10697 = LINE('',#10698,#10699);
#10698 = CARTESIAN_POINT('',(110.640251,-74.030273,1.585));
#10699 = VECTOR('',#10700,1.);
#10700 = DIRECTION('',(-0.119164478444,0.992874527358,0.));
#10701 = ORIENTED_EDGE('',*,*,#10702,.T.);
#10702 = EDGE_CURVE('',#10695,#10703,#10705,.T.);
#10703 = VERTEX_POINT('',#10704);
#10704 = CARTESIAN_POINT('',(110.719706,-74.003374,1.585));
#10705 = LINE('',#10706,#10707);
#10706 = CARTESIAN_POINT('',(110.636835,-74.001811,1.585));
#10707 = VECTOR('',#10708,1.);
#10708 = DIRECTION('',(0.99982218559,-1.885728513071E-02,0.));
#10709 = ORIENTED_EDGE('',*,*,#10710,.T.);
#10710 = EDGE_CURVE('',#10703,#10711,#10713,.T.);
#10711 = VERTEX_POINT('',#10712);
#10712 = CARTESIAN_POINT('',(110.867558,-74.00472,1.585));
#10713 = LINE('',#10714,#10715);
#10714 = CARTESIAN_POINT('',(110.719706,-74.003374,1.585));
#10715 = VECTOR('',#10716,1.);
#10716 = DIRECTION('',(0.999958563914,-9.103321071348E-03,0.));
#10717 = ORIENTED_EDGE('',*,*,#10718,.T.);
#10718 = EDGE_CURVE('',#10711,#10719,#10721,.T.);
#10719 = VERTEX_POINT('',#10720);
#10720 = CARTESIAN_POINT('',(110.908202,-74.01129,1.585));
#10721 = LINE('',#10722,#10723);
#10722 = CARTESIAN_POINT('',(110.867558,-74.00472,1.585));
#10723 = VECTOR('',#10724,1.);
#10724 = DIRECTION('',(0.987185635615,-0.159576065987,0.));
#10725 = ORIENTED_EDGE('',*,*,#10726,.T.);
#10726 = EDGE_CURVE('',#10719,#10727,#10729,.T.);
#10727 = VERTEX_POINT('',#10728);
#10728 = CARTESIAN_POINT('',(110.943348,-74.022765,1.585));
#10729 = LINE('',#10730,#10731);
#10730 = CARTESIAN_POINT('',(110.908202,-74.01129,1.585));
#10731 = VECTOR('',#10732,1.);
#10732 = DIRECTION('',(0.950615391446,-0.310371354261,0.));
#10733 = ORIENTED_EDGE('',*,*,#10734,.T.);
#10734 = EDGE_CURVE('',#10727,#10735,#10737,.T.);
#10735 = VERTEX_POINT('',#10736);
#10736 = CARTESIAN_POINT('',(111.042005,-74.125551,1.585));
#10737 = CIRCLE('',#10738,0.176936251756);
#10738 = AXIS2_PLACEMENT_3D('',#10739,#10740,#10741);
#10739 = CARTESIAN_POINT('',(110.87582873471,-74.18631189235,1.585));
#10740 = DIRECTION('',(0.,0.,-1.));
#10741 = DIRECTION('',(0.381602213329,0.924326647232,0.));
#10742 = ORIENTED_EDGE('',*,*,#10743,.T.);
#10743 = EDGE_CURVE('',#10735,#10744,#10746,.T.);
#10744 = VERTEX_POINT('',#10745);
#10745 = CARTESIAN_POINT('',(111.057061,-74.184675,1.585));
#10746 = LINE('',#10747,#10748);
#10747 = CARTESIAN_POINT('',(111.042005,-74.125551,1.585));
#10748 = VECTOR('',#10749,1.);
#10749 = DIRECTION('',(0.246775556505,-0.969072662246,0.));
#10750 = ORIENTED_EDGE('',*,*,#10751,.T.);
#10751 = EDGE_CURVE('',#10744,#10752,#10754,.T.);
#10752 = VERTEX_POINT('',#10753);
#10753 = CARTESIAN_POINT('',(111.048922,-74.319234,1.585));
#10754 = CIRCLE('',#10755,0.349231544929);
#10755 = AXIS2_PLACEMENT_3D('',#10756,#10757,#10758);
#10756 = CARTESIAN_POINT('',(110.71095122008,-74.23126568811,1.585));
#10757 = DIRECTION('',(0.,0.,-1.));
#10758 = DIRECTION('',(0.991061045151,0.133409163041,0.));
#10759 = ORIENTED_EDGE('',*,*,#10760,.T.);
#10760 = EDGE_CURVE('',#10752,#10761,#10763,.T.);
#10761 = VERTEX_POINT('',#10762);
#10762 = CARTESIAN_POINT('',(111.035635,-74.355081,1.585));
#10763 = LINE('',#10764,#10765);
#10764 = CARTESIAN_POINT('',(111.048922,-74.319234,1.585));
#10765 = VECTOR('',#10766,1.);
#10766 = DIRECTION('',(-0.347552032162,-0.937660698195,0.));
#10767 = ORIENTED_EDGE('',*,*,#10768,.T.);
#10768 = EDGE_CURVE('',#10761,#10769,#10771,.T.);
#10769 = VERTEX_POINT('',#10770);
#10770 = CARTESIAN_POINT('',(111.017709,-74.386318,1.585));
#10771 = LINE('',#10772,#10773);
#10772 = CARTESIAN_POINT('',(111.035635,-74.355081,1.585));
#10773 = VECTOR('',#10774,1.);
#10774 = DIRECTION('',(-0.497734862884,-0.867329237527,0.));
#10775 = ORIENTED_EDGE('',*,*,#10776,.T.);
#10776 = EDGE_CURVE('',#10769,#10777,#10779,.T.);
#10777 = VERTEX_POINT('',#10778);
#10778 = CARTESIAN_POINT('',(110.982099,-74.424909,1.585));
#10779 = LINE('',#10780,#10781);
#10780 = CARTESIAN_POINT('',(111.017709,-74.386318,1.585));
#10781 = VECTOR('',#10782,1.);
#10782 = DIRECTION('',(-0.678151957036,-0.734921712271,0.));
#10783 = ORIENTED_EDGE('',*,*,#10784,.T.);
#10784 = EDGE_CURVE('',#10777,#10785,#10787,.T.);
#10785 = VERTEX_POINT('',#10786);
#10786 = CARTESIAN_POINT('',(110.937958,-74.451002,1.585));
#10787 = LINE('',#10788,#10789);
#10788 = CARTESIAN_POINT('',(110.982099,-74.424909,1.585));
#10789 = VECTOR('',#10790,1.);
#10790 = DIRECTION('',(-0.860843819417,-0.508869254889,0.));
#10791 = ORIENTED_EDGE('',*,*,#10792,.T.);
#10792 = EDGE_CURVE('',#10785,#10793,#10795,.T.);
#10793 = VERTEX_POINT('',#10794);
#10794 = CARTESIAN_POINT('',(110.882419,-74.466082,1.585));
#10795 = LINE('',#10796,#10797);
#10796 = CARTESIAN_POINT('',(110.937958,-74.451002,1.585));
#10797 = VECTOR('',#10798,1.);
#10798 = DIRECTION('',(-0.965058742357,-0.262033631047,0.));
#10799 = ORIENTED_EDGE('',*,*,#10800,.T.);
#10800 = EDGE_CURVE('',#10793,#10801,#10803,.T.);
#10801 = VERTEX_POINT('',#10802);
#10802 = CARTESIAN_POINT('',(110.637658,-74.46895,1.585));
#10803 = LINE('',#10804,#10805);
#10804 = CARTESIAN_POINT('',(110.882419,-74.466082,1.585));
#10805 = VECTOR('',#10806,1.);
#10806 = DIRECTION('',(-0.999931356544,-1.171674870823E-02,0.));
#10807 = ORIENTED_EDGE('',*,*,#10808,.T.);
#10808 = EDGE_CURVE('',#10801,#10685,#10809,.T.);
#10809 = LINE('',#10810,#10811);
#10810 = CARTESIAN_POINT('',(110.637658,-74.46895,1.585));
#10811 = VECTOR('',#10812,1.);
#10812 = DIRECTION('',(4.301051704465E-02,0.999074619547,0.));
#10813 = FACE_BOUND('',#10814,.F.);
#10814 = EDGE_LOOP('',(#10815,#10825,#10833,#10841,#10849,#10857,#10865,
    #10873,#10882));
#10815 = ORIENTED_EDGE('',*,*,#10816,.T.);
#10816 = EDGE_CURVE('',#10817,#10819,#10821,.T.);
#10817 = VERTEX_POINT('',#10818);
#10818 = CARTESIAN_POINT('',(110.899025,-74.118643,1.585));
#10819 = VERTEX_POINT('',#10820);
#10820 = CARTESIAN_POINT('',(110.862956,-74.104584,1.585));
#10821 = LINE('',#10822,#10823);
#10822 = CARTESIAN_POINT('',(110.899025,-74.118643,1.585));
#10823 = VECTOR('',#10824,1.);
#10824 = DIRECTION('',(-0.931723706025,0.363167916577,0.));
#10825 = ORIENTED_EDGE('',*,*,#10826,.T.);
#10826 = EDGE_CURVE('',#10819,#10827,#10829,.T.);
#10827 = VERTEX_POINT('',#10828);
#10828 = CARTESIAN_POINT('',(110.752752,-74.101389,1.585));
#10829 = LINE('',#10830,#10831);
#10830 = CARTESIAN_POINT('',(110.862956,-74.104584,1.585));
#10831 = VECTOR('',#10832,1.);
#10832 = DIRECTION('',(-0.99958000575,2.897951179973E-02,0.));
#10833 = ORIENTED_EDGE('',*,*,#10834,.T.);
#10834 = EDGE_CURVE('',#10827,#10835,#10837,.T.);
#10835 = VERTEX_POINT('',#10836);
#10836 = CARTESIAN_POINT('',(110.752752,-74.371204,1.585));
#10837 = LINE('',#10838,#10839);
#10838 = CARTESIAN_POINT('',(110.752752,-74.101389,1.585));
#10839 = VECTOR('',#10840,1.);
#10840 = DIRECTION('',(0.,-1.,0.));
#10841 = ORIENTED_EDGE('',*,*,#10842,.T.);
#10842 = EDGE_CURVE('',#10835,#10843,#10845,.T.);
#10843 = VERTEX_POINT('',#10844);
#10844 = CARTESIAN_POINT('',(110.839863,-74.37083,1.585));
#10845 = LINE('',#10846,#10847);
#10846 = CARTESIAN_POINT('',(110.752752,-74.371204,1.585));
#10847 = VECTOR('',#10848,1.);
#10848 = DIRECTION('',(0.999990783602,4.293333253839E-03,0.));
#10849 = ORIENTED_EDGE('',*,*,#10850,.T.);
#10850 = EDGE_CURVE('',#10843,#10851,#10853,.T.);
#10851 = VERTEX_POINT('',#10852);
#10852 = CARTESIAN_POINT('',(110.86754,-74.366333,1.585));
#10853 = LINE('',#10854,#10855);
#10854 = CARTESIAN_POINT('',(110.839863,-74.37083,1.585));
#10855 = VECTOR('',#10856,1.);
#10856 = DIRECTION('',(0.987055628144,0.160378262086,0.));
#10857 = ORIENTED_EDGE('',*,*,#10858,.T.);
#10858 = EDGE_CURVE('',#10851,#10859,#10861,.T.);
#10859 = VERTEX_POINT('',#10860);
#10860 = CARTESIAN_POINT('',(110.900606,-74.349922,1.585));
#10861 = LINE('',#10862,#10863);
#10862 = CARTESIAN_POINT('',(110.86754,-74.366333,1.585));
#10863 = VECTOR('',#10864,1.);
#10864 = DIRECTION('',(0.89574525649,0.444567695042,0.));
#10865 = ORIENTED_EDGE('',*,*,#10866,.T.);
#10866 = EDGE_CURVE('',#10859,#10867,#10869,.T.);
#10867 = VERTEX_POINT('',#10868);
#10868 = CARTESIAN_POINT('',(110.927767,-74.316914,1.585));
#10869 = LINE('',#10870,#10871);
#10870 = CARTESIAN_POINT('',(110.900606,-74.349922,1.585));
#10871 = VECTOR('',#10872,1.);
#10872 = DIRECTION('',(0.635399706258,0.772183406508,0.));
#10873 = ORIENTED_EDGE('',*,*,#10874,.T.);
#10874 = EDGE_CURVE('',#10867,#10875,#10877,.T.);
#10875 = VERTEX_POINT('',#10876);
#10876 = CARTESIAN_POINT('',(110.927066,-74.148498,1.585));
#10877 = CIRCLE('',#10878,0.19901382697);
#10878 = AXIS2_PLACEMENT_3D('',#10879,#10880,#10881);
#10879 = CARTESIAN_POINT('',(110.74709781018,-74.23345654271,1.585));
#10880 = DIRECTION('',(0.,-0.,1.));
#10881 = DIRECTION('',(0.907822298409,-0.419355069734,-0.));
#10882 = ORIENTED_EDGE('',*,*,#10883,.T.);
#10883 = EDGE_CURVE('',#10875,#10817,#10884,.T.);
#10884 = LINE('',#10885,#10886);
#10885 = CARTESIAN_POINT('',(110.927066,-74.148498,1.585));
#10886 = VECTOR('',#10887,1.);
#10887 = DIRECTION('',(-0.68461572049,0.728904187982,0.));
#10888 = PLANE('',#10889);
#10889 = AXIS2_PLACEMENT_3D('',#10890,#10891,#10892);
#10890 = CARTESIAN_POINT('',(0.,0.,1.585));
#10891 = DIRECTION('',(0.,0.,1.));
#10892 = DIRECTION('',(1.,0.,-0.));
#10893 = SHELL_BASED_SURFACE_MODEL('',(#10894));
#10894 = OPEN_SHELL('',(#10895));
#10895 = ADVANCED_FACE('',(#10896),#10990,.T.);
#10896 = FACE_BOUND('',#10897,.F.);
#10897 = EDGE_LOOP('',(#10898,#10909,#10917,#10926,#10934,#10942,#10950,
    #10959,#10967,#10975,#10984));
#10898 = ORIENTED_EDGE('',*,*,#10899,.T.);
#10899 = EDGE_CURVE('',#10900,#10902,#10904,.T.);
#10900 = VERTEX_POINT('',#10901);
#10901 = CARTESIAN_POINT('',(106.641042,-72.797437,1.585));
#10902 = VERTEX_POINT('',#10903);
#10903 = CARTESIAN_POINT('',(106.741832,-72.862563,1.585));
#10904 = CIRCLE('',#10905,6.000004161677E-02);
#10905 = AXIS2_PLACEMENT_3D('',#10906,#10907,#10908);
#10906 = CARTESIAN_POINT('',(106.69143693687,-72.83000009769,1.585));
#10907 = DIRECTION('',(0.,0.,-1.));
#10908 = DIRECTION('',(-0.839915032042,0.542717918398,0.));
#10909 = ORIENTED_EDGE('',*,*,#10910,.T.);
#10910 = EDGE_CURVE('',#10902,#10911,#10913,.T.);
#10911 = VERTEX_POINT('',#10912);
#10912 = CARTESIAN_POINT('',(106.587658,-73.070965,1.585));
#10913 = LINE('',#10914,#10915);
#10914 = CARTESIAN_POINT('',(106.741832,-72.862563,1.585));
#10915 = VECTOR('',#10916,1.);
#10916 = DIRECTION('',(-0.594734621564,-0.803922091943,0.));
#10917 = ORIENTED_EDGE('',*,*,#10918,.T.);
#10918 = EDGE_CURVE('',#10911,#10919,#10921,.T.);
#10919 = VERTEX_POINT('',#10920);
#10920 = CARTESIAN_POINT('',(103.412965,-73.022768,1.585));
#10921 = CIRCLE('',#10922,2.049999646864);
#10922 = AXIS2_PLACEMENT_3D('',#10923,#10924,#10925);
#10923 = CARTESIAN_POINT('',(105.02000003293,-71.75000056049,1.585));
#10924 = DIRECTION('',(-0.,0.,-1.));
#10925 = DIRECTION('',(0.764711335177,-0.64437300832,-0.));
#10926 = ORIENTED_EDGE('',*,*,#10927,.T.);
#10927 = EDGE_CURVE('',#10919,#10928,#10930,.T.);
#10928 = VERTEX_POINT('',#10929);
#10929 = CARTESIAN_POINT('',(103.404567,-73.008961,1.585));
#10930 = LINE('',#10931,#10932);
#10931 = CARTESIAN_POINT('',(103.412965,-73.022768,1.585));
#10932 = VECTOR('',#10933,1.);
#10933 = DIRECTION('',(-0.519664235692,0.85437057659,0.));
#10934 = ORIENTED_EDGE('',*,*,#10935,.T.);
#10935 = EDGE_CURVE('',#10928,#10936,#10938,.T.);
#10936 = VERTEX_POINT('',#10937);
#10937 = CARTESIAN_POINT('',(103.4,-72.986,1.585));
#10938 = LINE('',#10939,#10940);
#10939 = CARTESIAN_POINT('',(103.404567,-73.008961,1.585));
#10940 = VECTOR('',#10941,1.);
#10941 = DIRECTION('',(-0.195081000118,0.980787134598,0.));
#10942 = ORIENTED_EDGE('',*,*,#10943,.T.);
#10943 = EDGE_CURVE('',#10936,#10944,#10946,.T.);
#10944 = VERTEX_POINT('',#10945);
#10945 = CARTESIAN_POINT('',(103.4,-72.83,1.585));
#10946 = LINE('',#10947,#10948);
#10947 = CARTESIAN_POINT('',(103.4,-72.986,1.585));
#10948 = VECTOR('',#10949,1.);
#10949 = DIRECTION('',(0.,1.,0.));
#10950 = ORIENTED_EDGE('',*,*,#10951,.T.);
#10951 = EDGE_CURVE('',#10944,#10952,#10954,.T.);
#10952 = VERTEX_POINT('',#10953);
#10953 = CARTESIAN_POINT('',(103.52,-72.83,1.585));
#10954 = CIRCLE('',#10955,6.000000000042E-02);
#10955 = AXIS2_PLACEMENT_3D('',#10956,#10957,#10958);
#10956 = CARTESIAN_POINT('',(103.46,-72.82999977441,1.585));
#10957 = DIRECTION('',(0.,0.,-1.));
#10958 = DIRECTION('',(-0.999999999993,-3.759794016836E-06,-0.));
#10959 = ORIENTED_EDGE('',*,*,#10960,.T.);
#10960 = EDGE_CURVE('',#10952,#10961,#10963,.T.);
#10961 = VERTEX_POINT('',#10962);
#10962 = CARTESIAN_POINT('',(103.52,-72.964651,1.585));
#10963 = LINE('',#10964,#10965);
#10964 = CARTESIAN_POINT('',(103.52,-72.83,1.585));
#10965 = VECTOR('',#10966,1.);
#10966 = DIRECTION('',(0.,-1.,0.));
#10967 = ORIENTED_EDGE('',*,*,#10968,.T.);
#10968 = EDGE_CURVE('',#10961,#10969,#10971,.T.);
#10969 = VERTEX_POINT('',#10970);
#10970 = CARTESIAN_POINT('',(103.588339,-73.051029,1.585));
#10971 = LINE('',#10972,#10973);
#10972 = CARTESIAN_POINT('',(103.52,-72.964651,1.585));
#10973 = VECTOR('',#10974,1.);
#10974 = DIRECTION('',(0.620459667057,-0.784238357615,0.));
#10975 = ORIENTED_EDGE('',*,*,#10976,.T.);
#10976 = EDGE_CURVE('',#10969,#10977,#10979,.T.);
#10977 = VERTEX_POINT('',#10978);
#10978 = CARTESIAN_POINT('',(106.569982,-72.907534,1.585));
#10979 = CIRCLE('',#10980,1.934509714868);
#10980 = AXIS2_PLACEMENT_3D('',#10981,#10982,#10983);
#10981 = CARTESIAN_POINT('',(105.01999994453,-71.75000064642,1.585));
#10982 = DIRECTION('',(0.,0.,1.));
#10983 = DIRECTION('',(-0.740063972556,-0.672536479698,0.));
#10984 = ORIENTED_EDGE('',*,*,#10985,.T.);
#10985 = EDGE_CURVE('',#10977,#10900,#10986,.T.);
#10986 = LINE('',#10987,#10988);
#10987 = CARTESIAN_POINT('',(106.569982,-72.907534,1.585));
#10988 = VECTOR('',#10989,1.);
#10989 = DIRECTION('',(0.542286777216,0.840193460613,0.));
#10990 = PLANE('',#10991);
#10991 = AXIS2_PLACEMENT_3D('',#10992,#10993,#10994);
#10992 = CARTESIAN_POINT('',(0.,0.,1.585));
#10993 = DIRECTION('',(0.,0.,1.));
#10994 = DIRECTION('',(1.,0.,-0.));
#10995 = SHELL_BASED_SURFACE_MODEL('',(#10996));
#10996 = OPEN_SHELL('',(#10997));
#10997 = ADVANCED_FACE('',(#10998),#11092,.T.);
#10998 = FACE_BOUND('',#10999,.F.);
#10999 = EDGE_LOOP('',(#11000,#11011,#11019,#11028,#11036,#11044,#11053,
    #11061,#11069,#11077,#11086));
#11000 = ORIENTED_EDGE('',*,*,#11001,.T.);
#11001 = EDGE_CURVE('',#11002,#11004,#11006,.T.);
#11002 = VERTEX_POINT('',#11003);
#11003 = CARTESIAN_POINT('',(123.248653,-72.826722,1.585));
#11004 = VERTEX_POINT('',#11005);
#11005 = CARTESIAN_POINT('',(123.358959,-72.797436,1.585));
#11006 = CIRCLE('',#11007,6.000077598525E-02);
#11007 = AXIS2_PLACEMENT_3D('',#11008,#11009,#11010);
#11008 = CARTESIAN_POINT('',(123.3085641354,-72.83000056266,1.585));
#11009 = DIRECTION('',(0.,0.,-1.));
#11010 = DIRECTION('',(-0.998506009676,5.464200436132E-02,0.));
#11011 = ORIENTED_EDGE('',*,*,#11012,.T.);
#11012 = EDGE_CURVE('',#11004,#11013,#11015,.T.);
#11013 = VERTEX_POINT('',#11014);
#11014 = CARTESIAN_POINT('',(123.430019,-72.907534,1.585));
#11015 = LINE('',#11016,#11017);
#11016 = CARTESIAN_POINT('',(123.358959,-72.797436,1.585));
#11017 = VECTOR('',#11018,1.);
#11018 = DIRECTION('',(0.542283300174,-0.840195704793,0.));
#11019 = ORIENTED_EDGE('',*,*,#11020,.T.);
#11020 = EDGE_CURVE('',#11013,#11021,#11023,.T.);
#11021 = VERTEX_POINT('',#11022);
#11022 = CARTESIAN_POINT('',(126.41166,-73.051028,1.585));
#11023 = CIRCLE('',#11024,1.934508374167);
#11024 = AXIS2_PLACEMENT_3D('',#11025,#11026,#11027);
#11025 = CARTESIAN_POINT('',(124.97999964205,-71.75000099443,1.585));
#11026 = DIRECTION('',(0.,0.,1.));
#11027 = DIRECTION('',(-0.801227155568,-0.59836029713,0.));
#11028 = ORIENTED_EDGE('',*,*,#11029,.T.);
#11029 = EDGE_CURVE('',#11021,#11030,#11032,.T.);
#11030 = VERTEX_POINT('',#11031);
#11031 = CARTESIAN_POINT('',(126.48,-72.964649,1.585));
#11032 = LINE('',#11033,#11034);
#11033 = CARTESIAN_POINT('',(126.41166,-73.051028,1.585));
#11034 = VECTOR('',#11035,1.);
#11035 = DIRECTION('',(0.620460833181,0.784237435021,0.));
#11036 = ORIENTED_EDGE('',*,*,#11037,.T.);
#11037 = EDGE_CURVE('',#11030,#11038,#11040,.T.);
#11038 = VERTEX_POINT('',#11039);
#11039 = CARTESIAN_POINT('',(126.48,-72.83,1.585));
#11040 = LINE('',#11041,#11042);
#11041 = CARTESIAN_POINT('',(126.48,-72.964649,1.585));
#11042 = VECTOR('',#11043,1.);
#11043 = DIRECTION('',(0.,1.,0.));
#11044 = ORIENTED_EDGE('',*,*,#11045,.T.);
#11045 = EDGE_CURVE('',#11038,#11046,#11048,.T.);
#11046 = VERTEX_POINT('',#11047);
#11047 = CARTESIAN_POINT('',(126.6,-72.83,1.585));
#11048 = CIRCLE('',#11049,6.000000000042E-02);
#11049 = AXIS2_PLACEMENT_3D('',#11050,#11051,#11052);
#11050 = CARTESIAN_POINT('',(126.54,-72.82999977441,1.585));
#11051 = DIRECTION('',(0.,0.,-1.));
#11052 = DIRECTION('',(-0.999999999993,-3.759794253685E-06,-0.));
#11053 = ORIENTED_EDGE('',*,*,#11054,.T.);
#11054 = EDGE_CURVE('',#11046,#11055,#11057,.T.);
#11055 = VERTEX_POINT('',#11056);
#11056 = CARTESIAN_POINT('',(126.5992,-72.990018,1.585));
#11057 = LINE('',#11058,#11059);
#11058 = CARTESIAN_POINT('',(126.6,-72.83,1.585));
#11059 = VECTOR('',#11060,1.);
#11060 = DIRECTION('',(-4.999375085522E-03,-0.999987503046,0.));
#11061 = ORIENTED_EDGE('',*,*,#11062,.T.);
#11062 = EDGE_CURVE('',#11055,#11063,#11065,.T.);
#11063 = VERTEX_POINT('',#11064);
#11064 = CARTESIAN_POINT('',(126.595433,-73.008961,1.585));
#11065 = LINE('',#11066,#11067);
#11066 = CARTESIAN_POINT('',(126.5992,-72.990018,1.585));
#11067 = VECTOR('',#11068,1.);
#11068 = DIRECTION('',(-0.195040666899,-0.980795156113,0.));
#11069 = ORIENTED_EDGE('',*,*,#11070,.T.);
#11070 = EDGE_CURVE('',#11063,#11071,#11073,.T.);
#11071 = VERTEX_POINT('',#11072);
#11072 = CARTESIAN_POINT('',(126.41356,-73.215401,1.585));
#11073 = LINE('',#11074,#11075);
#11074 = CARTESIAN_POINT('',(126.595433,-73.008961,1.585));
#11075 = VECTOR('',#11076,1.);
#11076 = DIRECTION('',(-0.661049350828,-0.750342425676,0.));
#11077 = ORIENTED_EDGE('',*,*,#11078,.T.);
#11078 = EDGE_CURVE('',#11071,#11079,#11081,.T.);
#11079 = VERTEX_POINT('',#11080);
#11080 = CARTESIAN_POINT('',(123.258168,-72.862563,1.585));
#11081 = CIRCLE('',#11082,2.05000121532);
#11082 = AXIS2_PLACEMENT_3D('',#11083,#11084,#11085);
#11083 = CARTESIAN_POINT('',(124.97999912033,-71.74999723751,1.585));
#11084 = DIRECTION('',(-0.,0.,-1.));
#11085 = DIRECTION('',(0.699297575509,-0.714830679872,-0.));
#11086 = ORIENTED_EDGE('',*,*,#11087,.T.);
#11087 = EDGE_CURVE('',#11079,#11002,#11088,.T.);
#11088 = LINE('',#11089,#11090);
#11089 = CARTESIAN_POINT('',(123.258168,-72.862563,1.585));
#11090 = VECTOR('',#11091,1.);
#11091 = DIRECTION('',(-0.256589970446,0.966520350053,0.));
#11092 = PLANE('',#11093);
#11093 = AXIS2_PLACEMENT_3D('',#11094,#11095,#11096);
#11094 = CARTESIAN_POINT('',(0.,0.,1.585));
#11095 = DIRECTION('',(0.,0.,1.));
#11096 = DIRECTION('',(1.,0.,-0.));
#11097 = SHELL_BASED_SURFACE_MODEL('',(#11098));
#11098 = OPEN_SHELL('',(#11099));
#11099 = ADVANCED_FACE('',(#11100,#11253),#11447,.T.);
#11100 = FACE_BOUND('',#11101,.F.);
#11101 = EDGE_LOOP('',(#11102,#11113,#11121,#11129,#11138,#11146,#11155,
    #11163,#11172,#11180,#11189,#11197,#11206,#11214,#11222,#11230,
    #11238,#11246));
#11102 = ORIENTED_EDGE('',*,*,#11103,.T.);
#11103 = EDGE_CURVE('',#11104,#11106,#11108,.T.);
#11104 = VERTEX_POINT('',#11105);
#11105 = CARTESIAN_POINT('',(120.315602,-72.765535,1.585));
#11106 = VERTEX_POINT('',#11107);
#11107 = CARTESIAN_POINT('',(120.554297,-72.738156,1.585));
#11108 = CIRCLE('',#11109,0.60183472446);
#11109 = AXIS2_PLACEMENT_3D('',#11110,#11111,#11112);
#11110 = CARTESIAN_POINT('',(120.50215183674,-73.33772744488,1.585));
#11111 = DIRECTION('',(0.,0.,-1.));
#11112 = DIRECTION('',(-0.309968549771,0.950746810751,0.));
#11113 = ORIENTED_EDGE('',*,*,#11114,.T.);
#11114 = EDGE_CURVE('',#11106,#11115,#11117,.T.);
#11115 = VERTEX_POINT('',#11116);
#11116 = CARTESIAN_POINT('',(120.644718,-72.753326,1.585));
#11117 = LINE('',#11118,#11119);
#11118 = CARTESIAN_POINT('',(120.554297,-72.738156,1.585));
#11119 = VECTOR('',#11120,1.);
#11120 = DIRECTION('',(0.986216780297,-0.165458339955,0.));
#11121 = ORIENTED_EDGE('',*,*,#11122,.T.);
#11122 = EDGE_CURVE('',#11115,#11123,#11125,.T.);
#11123 = VERTEX_POINT('',#11124);
#11124 = CARTESIAN_POINT('',(120.724262,-72.781604,1.585));
#11125 = LINE('',#11126,#11127);
#11126 = CARTESIAN_POINT('',(120.644718,-72.753326,1.585));
#11127 = VECTOR('',#11128,1.);
#11128 = DIRECTION('',(0.942230808493,-0.334964331723,0.));
#11129 = ORIENTED_EDGE('',*,*,#11130,.T.);
#11130 = EDGE_CURVE('',#11123,#11131,#11133,.T.);
#11131 = VERTEX_POINT('',#11132);
#11132 = CARTESIAN_POINT('',(120.932469,-73.010252,1.585));
#11133 = CIRCLE('',#11134,0.39367518369);
#11134 = AXIS2_PLACEMENT_3D('',#11135,#11136,#11137);
#11135 = CARTESIAN_POINT('',(120.56067916541,-73.13968332987,1.585));
#11136 = DIRECTION('',(0.,0.,-1.));
#11137 = DIRECTION('',(0.415527423018,0.909580651026,0.));
#11138 = ORIENTED_EDGE('',*,*,#11139,.T.);
#11139 = EDGE_CURVE('',#11131,#11140,#11142,.T.);
#11140 = VERTEX_POINT('',#11141);
#11141 = CARTESIAN_POINT('',(120.954467,-73.095121,1.585));
#11142 = LINE('',#11143,#11144);
#11143 = CARTESIAN_POINT('',(120.932469,-73.010252,1.585));
#11144 = VECTOR('',#11145,1.);
#11145 = DIRECTION('',(0.25090792885,-0.968010956157,0.));
#11146 = ORIENTED_EDGE('',*,*,#11147,.T.);
#11147 = EDGE_CURVE('',#11140,#11148,#11150,.T.);
#11148 = VERTEX_POINT('',#11149);
#11149 = CARTESIAN_POINT('',(120.943531,-73.336121,1.585));
#11150 = CIRCLE('',#11151,0.585295554604);
#11151 = AXIS2_PLACEMENT_3D('',#11152,#11153,#11154);
#11152 = CARTESIAN_POINT('',(120.37685680688,-73.18965856421,1.585));
#11153 = DIRECTION('',(0.,0.,-1.));
#11154 = DIRECTION('',(0.986869263866,0.161521069949,0.));
#11155 = ORIENTED_EDGE('',*,*,#11156,.T.);
#11156 = EDGE_CURVE('',#11148,#11157,#11159,.T.);
#11157 = VERTEX_POINT('',#11158);
#11158 = CARTESIAN_POINT('',(120.914127,-73.415047,1.585));
#11159 = LINE('',#11160,#11161);
#11160 = CARTESIAN_POINT('',(120.943531,-73.336121,1.585));
#11161 = VECTOR('',#11162,1.);
#11162 = DIRECTION('',(-0.349111067461,-0.937081353232,0.));
#11163 = ORIENTED_EDGE('',*,*,#11164,.T.);
#11164 = EDGE_CURVE('',#11157,#11165,#11167,.T.);
#11165 = VERTEX_POINT('',#11166);
#11166 = CARTESIAN_POINT('',(120.679266,-73.624521,1.585));
#11167 = CIRCLE('',#11168,0.408652904723);
#11168 = AXIS2_PLACEMENT_3D('',#11169,#11170,#11171);
#11169 = CARTESIAN_POINT('',(120.54566174192,-73.23832532581,1.585));
#11170 = DIRECTION('',(0.,0.,-1.));
#11171 = DIRECTION('',(0.901658238127,-0.432449328381,0.));
#11172 = ORIENTED_EDGE('',*,*,#11173,.T.);
#11173 = EDGE_CURVE('',#11165,#11174,#11176,.T.);
#11174 = VERTEX_POINT('',#11175);
#11175 = CARTESIAN_POINT('',(120.593875,-73.646586,1.585));
#11176 = LINE('',#11177,#11178);
#11177 = CARTESIAN_POINT('',(120.679266,-73.624521,1.585));
#11178 = VECTOR('',#11179,1.);
#11179 = DIRECTION('',(-0.968198780902,-0.250182174944,0.));
#11180 = ORIENTED_EDGE('',*,*,#11181,.T.);
#11181 = EDGE_CURVE('',#11174,#11182,#11184,.T.);
#11182 = VERTEX_POINT('',#11183);
#11183 = CARTESIAN_POINT('',(120.353882,-73.636428,1.585));
#11184 = CIRCLE('',#11185,0.596353625231);
#11185 = AXIS2_PLACEMENT_3D('',#11186,#11187,#11188);
#11186 = CARTESIAN_POINT('',(120.49858058136,-73.05789540206,1.585));
#11187 = DIRECTION('',(-0.,0.,-1.));
#11188 = DIRECTION('',(0.159795152755,-0.987150195845,-0.));
#11189 = ORIENTED_EDGE('',*,*,#11190,.T.);
#11190 = EDGE_CURVE('',#11182,#11191,#11193,.T.);
#11191 = VERTEX_POINT('',#11192);
#11192 = CARTESIAN_POINT('',(120.275011,-73.607883,1.585));
#11193 = LINE('',#11194,#11195);
#11194 = CARTESIAN_POINT('',(120.353882,-73.636428,1.585));
#11195 = VECTOR('',#11196,1.);
#11196 = DIRECTION('',(-0.940310650863,0.340317322322,0.));
#11197 = ORIENTED_EDGE('',*,*,#11198,.T.);
#11198 = EDGE_CURVE('',#11191,#11199,#11201,.T.);
#11199 = VERTEX_POINT('',#11200);
#11200 = CARTESIAN_POINT('',(120.067836,-73.37692,1.585));
#11201 = CIRCLE('',#11202,0.395852634476);
#11202 = AXIS2_PLACEMENT_3D('',#11203,#11204,#11205);
#11203 = CARTESIAN_POINT('',(120.44252571267,-73.24922141959,1.585));
#11204 = DIRECTION('',(0.,0.,-1.));
#11205 = DIRECTION('',(-0.423174429282,-0.906048234037,-0.));
#11206 = ORIENTED_EDGE('',*,*,#11207,.T.);
#11207 = EDGE_CURVE('',#11199,#11208,#11210,.T.);
#11208 = VERTEX_POINT('',#11209);
#11209 = CARTESIAN_POINT('',(120.045861,-73.290926,1.585));
#11210 = LINE('',#11211,#11212);
#11211 = CARTESIAN_POINT('',(120.067836,-73.37692,1.585));
#11212 = VECTOR('',#11213,1.);
#11213 = DIRECTION('',(-0.247585106282,0.968866149242,0.));
#11214 = ORIENTED_EDGE('',*,*,#11215,.T.);
#11215 = EDGE_CURVE('',#11208,#11216,#11218,.T.);
#11216 = VERTEX_POINT('',#11217);
#11217 = CARTESIAN_POINT('',(120.03824,-73.192325,1.585));
#11218 = LINE('',#11219,#11220);
#11219 = CARTESIAN_POINT('',(120.045861,-73.290926,1.585));
#11220 = VECTOR('',#11221,1.);
#11221 = DIRECTION('',(-7.70614675919E-02,0.997026343791,0.));
#11222 = ORIENTED_EDGE('',*,*,#11223,.T.);
#11223 = EDGE_CURVE('',#11216,#11224,#11226,.T.);
#11224 = VERTEX_POINT('',#11225);
#11225 = CARTESIAN_POINT('',(120.040516,-73.13945,1.585));
#11226 = LINE('',#11227,#11228);
#11227 = CARTESIAN_POINT('',(120.03824,-73.192325,1.585));
#11228 = VECTOR('',#11229,1.);
#11229 = DIRECTION('',(4.300509438066E-02,0.99907485298,0.));
#11230 = ORIENTED_EDGE('',*,*,#11231,.T.);
#11231 = EDGE_CURVE('',#11224,#11232,#11234,.T.);
#11232 = VERTEX_POINT('',#11233);
#11233 = CARTESIAN_POINT('',(120.055814,-73.050356,1.585));
#11234 = LINE('',#11235,#11236);
#11235 = CARTESIAN_POINT('',(120.040516,-73.13945,1.585));
#11236 = VECTOR('',#11237,1.);
#11237 = DIRECTION('',(0.169229705567,0.985576636672,0.));
#11238 = ORIENTED_EDGE('',*,*,#11239,.T.);
#11239 = EDGE_CURVE('',#11232,#11240,#11242,.T.);
#11240 = VERTEX_POINT('',#11241);
#11241 = CARTESIAN_POINT('',(120.084249,-72.971904,1.585));
#11242 = LINE('',#11243,#11244);
#11243 = CARTESIAN_POINT('',(120.055814,-73.050356,1.585));
#11244 = VECTOR('',#11245,1.);
#11245 = DIRECTION('',(0.340758544385,0.940150846635,0.));
#11246 = ORIENTED_EDGE('',*,*,#11247,.T.);
#11247 = EDGE_CURVE('',#11240,#11104,#11248,.T.);
#11248 = CIRCLE('',#11249,0.394839684423);
#11249 = AXIS2_PLACEMENT_3D('',#11250,#11251,#11252);
#11250 = CARTESIAN_POINT('',(120.4416542322,-73.13971304739,1.585));
#11251 = DIRECTION('',(0.,0.,-1.));
#11252 = DIRECTION('',(-0.905190755403,0.425005525062,0.));
#11253 = FACE_BOUND('',#11254,.F.);
#11254 = EDGE_LOOP('',(#11255,#11265,#11273,#11281,#11289,#11297,#11305,
    #11313,#11321,#11329,#11337,#11345,#11353,#11361,#11369,#11377,
    #11385,#11393,#11401,#11409,#11417,#11425,#11433,#11441));
#11255 = ORIENTED_EDGE('',*,*,#11256,.T.);
#11256 = EDGE_CURVE('',#11257,#11259,#11261,.T.);
#11257 = VERTEX_POINT('',#11258);
#11258 = CARTESIAN_POINT('',(120.603048,-72.975192,1.585));
#11259 = VERTEX_POINT('',#11260);
#11260 = CARTESIAN_POINT('',(120.557361,-72.953628,1.585));
#11261 = LINE('',#11262,#11263);
#11262 = CARTESIAN_POINT('',(120.603048,-72.975192,1.585));
#11263 = VECTOR('',#11264,1.);
#11264 = DIRECTION('',(-0.9043282441,0.426837705601,0.));
#11265 = ORIENTED_EDGE('',*,*,#11266,.T.);
#11266 = EDGE_CURVE('',#11259,#11267,#11269,.T.);
#11267 = VERTEX_POINT('',#11268);
#11268 = CARTESIAN_POINT('',(120.50157,-72.945945,1.585));
#11269 = LINE('',#11270,#11271);
#11270 = CARTESIAN_POINT('',(120.557361,-72.953628,1.585));
#11271 = VECTOR('',#11272,1.);
#11272 = DIRECTION('',(-0.990650693214,0.136422886773,0.));
#11273 = ORIENTED_EDGE('',*,*,#11274,.T.);
#11274 = EDGE_CURVE('',#11267,#11275,#11277,.T.);
#11275 = VERTEX_POINT('',#11276);
#11276 = CARTESIAN_POINT('',(120.453927,-72.951044,1.585));
#11277 = LINE('',#11278,#11279);
#11278 = CARTESIAN_POINT('',(120.50157,-72.945945,1.585));
#11279 = VECTOR('',#11280,1.);
#11280 = DIRECTION('',(-0.994321543015,-0.106417428538,0.));
#11281 = ORIENTED_EDGE('',*,*,#11282,.T.);
#11282 = EDGE_CURVE('',#11275,#11283,#11285,.T.);
#11283 = VERTEX_POINT('',#11284);
#11284 = CARTESIAN_POINT('',(120.405544,-72.969682,1.585));
#11285 = LINE('',#11286,#11287);
#11286 = CARTESIAN_POINT('',(120.453927,-72.951044,1.585));
#11287 = VECTOR('',#11288,1.);
#11288 = DIRECTION('',(-0.933157082638,-0.359468856958,0.));
#11289 = ORIENTED_EDGE('',*,*,#11290,.T.);
#11290 = EDGE_CURVE('',#11283,#11291,#11293,.T.);
#11291 = VERTEX_POINT('',#11292);
#11292 = CARTESIAN_POINT('',(120.365503,-73.00183,1.585));
#11293 = LINE('',#11294,#11295);
#11294 = CARTESIAN_POINT('',(120.405544,-72.969682,1.585));
#11295 = VECTOR('',#11296,1.);
#11296 = DIRECTION('',(-0.77977324663,-0.626062044721,0.));
#11297 = ORIENTED_EDGE('',*,*,#11298,.T.);
#11298 = EDGE_CURVE('',#11291,#11299,#11301,.T.);
#11299 = VERTEX_POINT('',#11300);
#11300 = CARTESIAN_POINT('',(120.334141,-73.048631,1.585));
#11301 = LINE('',#11302,#11303);
#11302 = CARTESIAN_POINT('',(120.365503,-73.00183,1.585));
#11303 = VECTOR('',#11304,1.);
#11304 = DIRECTION('',(-0.556681180274,-0.83072622658,0.));
#11305 = ORIENTED_EDGE('',*,*,#11306,.T.);
#11306 = EDGE_CURVE('',#11299,#11307,#11309,.T.);
#11307 = VERTEX_POINT('',#11308);
#11308 = CARTESIAN_POINT('',(120.313229,-73.111745,1.585));
#11309 = LINE('',#11310,#11311);
#11310 = CARTESIAN_POINT('',(120.334141,-73.048631,1.585));
#11311 = VECTOR('',#11312,1.);
#11312 = DIRECTION('',(-0.31452169071,-0.949250286317,0.));
#11313 = ORIENTED_EDGE('',*,*,#11314,.T.);
#11314 = EDGE_CURVE('',#11307,#11315,#11317,.T.);
#11315 = VERTEX_POINT('',#11316);
#11316 = CARTESIAN_POINT('',(120.305565,-73.192325,1.585));
#11317 = LINE('',#11318,#11319);
#11318 = CARTESIAN_POINT('',(120.313229,-73.111745,1.585));
#11319 = VECTOR('',#11320,1.);
#11320 = DIRECTION('',(-9.468316155445E-02,-0.995507457992,0.));
#11321 = ORIENTED_EDGE('',*,*,#11322,.T.);
#11322 = EDGE_CURVE('',#11315,#11323,#11325,.T.);
#11323 = VERTEX_POINT('',#11324);
#11324 = CARTESIAN_POINT('',(120.31209,-73.267867,1.585));
#11325 = LINE('',#11326,#11327);
#11326 = CARTESIAN_POINT('',(120.305565,-73.192325,1.585));
#11327 = VECTOR('',#11328,1.);
#11328 = DIRECTION('',(8.605536752736E-02,-0.996290356131,0.));
#11329 = ORIENTED_EDGE('',*,*,#11330,.T.);
#11330 = EDGE_CURVE('',#11323,#11331,#11333,.T.);
#11331 = VERTEX_POINT('',#11332);
#11332 = CARTESIAN_POINT('',(120.330769,-73.330235,1.585));
#11333 = LINE('',#11334,#11335);
#11334 = CARTESIAN_POINT('',(120.31209,-73.267867,1.585));
#11335 = VECTOR('',#11336,1.);
#11336 = DIRECTION('',(0.286905380433,-0.957958925361,0.));
#11337 = ORIENTED_EDGE('',*,*,#11338,.T.);
#11338 = EDGE_CURVE('',#11331,#11339,#11341,.T.);
#11339 = VERTEX_POINT('',#11340);
#11340 = CARTESIAN_POINT('',(120.359382,-73.377905,1.585));
#11341 = LINE('',#11342,#11343);
#11342 = CARTESIAN_POINT('',(120.330769,-73.330235,1.585));
#11343 = VECTOR('',#11344,1.);
#11344 = DIRECTION('',(0.51464122523,-0.857405627048,0.));
#11345 = ORIENTED_EDGE('',*,*,#11346,.T.);
#11346 = EDGE_CURVE('',#11339,#11347,#11349,.T.);
#11347 = VERTEX_POINT('',#11348);
#11348 = CARTESIAN_POINT('',(120.396872,-73.41226,1.585));
#11349 = LINE('',#11350,#11351);
#11350 = CARTESIAN_POINT('',(120.359382,-73.377905,1.585));
#11351 = VECTOR('',#11352,1.);
#11352 = DIRECTION('',(0.737260250695,-0.675608853365,0.));
#11353 = ORIENTED_EDGE('',*,*,#11354,.T.);
#11354 = EDGE_CURVE('',#11347,#11355,#11357,.T.);
#11355 = VERTEX_POINT('',#11356);
#11356 = CARTESIAN_POINT('',(120.443453,-73.433786,1.585));
#11357 = LINE('',#11358,#11359);
#11358 = CARTESIAN_POINT('',(120.396872,-73.41226,1.585));
#11359 = VECTOR('',#11360,1.);
#11360 = DIRECTION('',(0.907758509021,-0.419493133793,0.));
#11361 = ORIENTED_EDGE('',*,*,#11362,.T.);
#11362 = EDGE_CURVE('',#11355,#11363,#11365,.T.);
#11363 = VERTEX_POINT('',#11364);
#11364 = CARTESIAN_POINT('',(120.500165,-73.441453,1.585));
#11365 = LINE('',#11366,#11367);
#11366 = CARTESIAN_POINT('',(120.443453,-73.433786,1.585));
#11367 = VECTOR('',#11368,1.);
#11368 = DIRECTION('',(0.990984970463,-0.133973088033,0.));
#11369 = ORIENTED_EDGE('',*,*,#11370,.T.);
#11370 = EDGE_CURVE('',#11363,#11371,#11373,.T.);
#11371 = VERTEX_POINT('',#11372);
#11372 = CARTESIAN_POINT('',(120.54507,-73.436881,1.585));
#11373 = LINE('',#11374,#11375);
#11374 = CARTESIAN_POINT('',(120.500165,-73.441453,1.585));
#11375 = VECTOR('',#11376,1.);
#11376 = DIRECTION('',(0.994856811172,0.101291289181,0.));
#11377 = ORIENTED_EDGE('',*,*,#11378,.T.);
#11378 = EDGE_CURVE('',#11371,#11379,#11381,.T.);
#11379 = VERTEX_POINT('',#11380);
#11380 = CARTESIAN_POINT('',(120.592935,-73.418958,1.585));
#11381 = LINE('',#11382,#11383);
#11382 = CARTESIAN_POINT('',(120.54507,-73.436881,1.585));
#11383 = VECTOR('',#11384,1.);
#11384 = DIRECTION('',(0.936498724564,0.350670983816,0.));
#11385 = ORIENTED_EDGE('',*,*,#11386,.T.);
#11386 = EDGE_CURVE('',#11379,#11387,#11389,.T.);
#11387 = VERTEX_POINT('',#11388);
#11388 = CARTESIAN_POINT('',(120.632439,-73.387537,1.585));
#11389 = LINE('',#11390,#11391);
#11390 = CARTESIAN_POINT('',(120.592935,-73.418958,1.585));
#11391 = VECTOR('',#11392,1.);
#11392 = DIRECTION('',(0.782626499258,0.622491576376,0.));
#11393 = ORIENTED_EDGE('',*,*,#11394,.T.);
#11394 = EDGE_CURVE('',#11387,#11395,#11397,.T.);
#11395 = VERTEX_POINT('',#11396);
#11396 = CARTESIAN_POINT('',(120.663459,-73.341164,1.585));
#11397 = LINE('',#11398,#11399);
#11398 = CARTESIAN_POINT('',(120.632439,-73.387537,1.585));
#11399 = VECTOR('',#11400,1.);
#11400 = DIRECTION('',(0.555998311319,0.831183420077,0.));
#11401 = ORIENTED_EDGE('',*,*,#11402,.T.);
#11402 = EDGE_CURVE('',#11395,#11403,#11405,.T.);
#11403 = VERTEX_POINT('',#11404);
#11404 = CARTESIAN_POINT('',(120.684273,-73.277641,1.585));
#11405 = LINE('',#11406,#11407);
#11406 = CARTESIAN_POINT('',(120.663459,-73.341164,1.585));
#11407 = VECTOR('',#11408,1.);
#11408 = DIRECTION('',(0.311372184922,0.950288041836,0.));
#11409 = ORIENTED_EDGE('',*,*,#11410,.T.);
#11410 = EDGE_CURVE('',#11403,#11411,#11413,.T.);
#11411 = VERTEX_POINT('',#11412);
#11412 = CARTESIAN_POINT('',(120.691957,-73.195134,1.585));
#11413 = LINE('',#11414,#11415);
#11414 = CARTESIAN_POINT('',(120.684273,-73.277641,1.585));
#11415 = VECTOR('',#11416,1.);
#11416 = DIRECTION('',(9.273021353004E-02,0.995691271177,0.));
#11417 = ORIENTED_EDGE('',*,*,#11418,.T.);
#11418 = EDGE_CURVE('',#11411,#11419,#11421,.T.);
#11419 = VERTEX_POINT('',#11420);
#11420 = CARTESIAN_POINT('',(120.6859,-73.120995,1.585));
#11421 = LINE('',#11422,#11423);
#11422 = CARTESIAN_POINT('',(120.691957,-73.195134,1.585));
#11423 = VECTOR('',#11424,1.);
#11424 = DIRECTION('',(-8.142660095326E-02,0.99667934094,0.));
#11425 = ORIENTED_EDGE('',*,*,#11426,.T.);
#11426 = EDGE_CURVE('',#11419,#11427,#11429,.T.);
#11427 = VERTEX_POINT('',#11428);
#11428 = CARTESIAN_POINT('',(120.667744,-73.057733,1.585));
#11429 = LINE('',#11430,#11431);
#11430 = CARTESIAN_POINT('',(120.6859,-73.120995,1.585));
#11431 = VECTOR('',#11432,1.);
#11432 = DIRECTION('',(-0.275860765355,0.961197606186,0.));
#11433 = ORIENTED_EDGE('',*,*,#11434,.T.);
#11434 = EDGE_CURVE('',#11427,#11435,#11437,.T.);
#11435 = VERTEX_POINT('',#11436);
#11436 = CARTESIAN_POINT('',(120.639761,-73.009673,1.585));
#11437 = LINE('',#11438,#11439);
#11438 = CARTESIAN_POINT('',(120.667744,-73.057733,1.585));
#11439 = VECTOR('',#11440,1.);
#11440 = DIRECTION('',(-0.50317322054,0.864185576211,0.));
#11441 = ORIENTED_EDGE('',*,*,#11442,.T.);
#11442 = EDGE_CURVE('',#11435,#11257,#11443,.T.);
#11443 = LINE('',#11444,#11445);
#11444 = CARTESIAN_POINT('',(120.639761,-73.009673,1.585));
#11445 = VECTOR('',#11446,1.);
#11446 = DIRECTION('',(-0.728917123199,0.684601948221,0.));
#11447 = PLANE('',#11448);
#11448 = AXIS2_PLACEMENT_3D('',#11449,#11450,#11451);
#11449 = CARTESIAN_POINT('',(0.,0.,1.585));
#11450 = DIRECTION('',(0.,0.,1.));
#11451 = DIRECTION('',(1.,0.,-0.));
#11452 = SHELL_BASED_SURFACE_MODEL('',(#11453));
#11453 = OPEN_SHELL('',(#11454));
#11454 = ADVANCED_FACE('',(#11455),#11810,.T.);
#11455 = FACE_BOUND('',#11456,.F.);
#11456 = EDGE_LOOP('',(#11457,#11467,#11475,#11483,#11491,#11500,#11508,
    #11517,#11525,#11533,#11541,#11550,#11558,#11566,#11574,#11582,
    #11590,#11598,#11606,#11614,#11622,#11631,#11639,#11647,#11655,
    #11663,#11671,#11679,#11687,#11696,#11704,#11713,#11721,#11729,
    #11737,#11746,#11754,#11762,#11771,#11779,#11787,#11796,#11804));
#11457 = ORIENTED_EDGE('',*,*,#11458,.T.);
#11458 = EDGE_CURVE('',#11459,#11461,#11463,.T.);
#11459 = VERTEX_POINT('',#11460);
#11460 = CARTESIAN_POINT('',(113.280233,-72.464839,1.585));
#11461 = VERTEX_POINT('',#11462);
#11462 = CARTESIAN_POINT('',(113.376657,-72.442687,1.585));
#11463 = LINE('',#11464,#11465);
#11464 = CARTESIAN_POINT('',(113.280233,-72.464839,1.585));
#11465 = VECTOR('',#11466,1.);
#11466 = DIRECTION('',(0.97461150243,0.223902700591,0.));
#11467 = ORIENTED_EDGE('',*,*,#11468,.T.);
#11468 = EDGE_CURVE('',#11461,#11469,#11471,.T.);
#11469 = VERTEX_POINT('',#11470);
#11470 = CARTESIAN_POINT('',(113.489703,-72.435009,1.585));
#11471 = LINE('',#11472,#11473);
#11472 = CARTESIAN_POINT('',(113.376657,-72.442687,1.585));
#11473 = VECTOR('',#11474,1.);
#11474 = DIRECTION('',(0.997701436907,6.776313741829E-02,0.));
#11475 = ORIENTED_EDGE('',*,*,#11476,.T.);
#11476 = EDGE_CURVE('',#11469,#11477,#11479,.T.);
#11477 = VERTEX_POINT('',#11478);
#11478 = CARTESIAN_POINT('',(113.592339,-72.442799,1.585));
#11479 = LINE('',#11480,#11481);
#11480 = CARTESIAN_POINT('',(113.489703,-72.435009,1.585));
#11481 = VECTOR('',#11482,1.);
#11482 = DIRECTION('',(0.997132033735,-7.568161797805E-02,0.));
#11483 = ORIENTED_EDGE('',*,*,#11484,.T.);
#11484 = EDGE_CURVE('',#11477,#11485,#11487,.T.);
#11485 = VERTEX_POINT('',#11486);
#11486 = CARTESIAN_POINT('',(113.680908,-72.463651,1.585));
#11487 = LINE('',#11488,#11489);
#11488 = CARTESIAN_POINT('',(113.592339,-72.442799,1.585));
#11489 = VECTOR('',#11490,1.);
#11490 = DIRECTION('',(0.973387180289,-0.229166745514,0.));
#11491 = ORIENTED_EDGE('',*,*,#11492,.T.);
#11492 = EDGE_CURVE('',#11485,#11493,#11495,.T.);
#11493 = VERTEX_POINT('',#11494);
#11494 = CARTESIAN_POINT('',(113.966913,-72.754092,1.585));
#11495 = CIRCLE('',#11496,0.439587307607);
#11496 = AXIS2_PLACEMENT_3D('',#11497,#11498,#11499);
#11497 = CARTESIAN_POINT('',(113.54639210296,-72.88215126816,1.585));
#11498 = DIRECTION('',(0.,0.,-1.));
#11499 = DIRECTION('',(0.306004961271,0.952029917428,0.));
#11500 = ORIENTED_EDGE('',*,*,#11501,.T.);
#11501 = EDGE_CURVE('',#11493,#11502,#11504,.T.);
#11502 = VERTEX_POINT('',#11503);
#11503 = CARTESIAN_POINT('',(113.681332,-72.819733,1.585));
#11504 = LINE('',#11505,#11506);
#11505 = CARTESIAN_POINT('',(113.966913,-72.754092,1.585));
#11506 = VECTOR('',#11507,1.);
#11507 = DIRECTION('',(-0.97458695634,-0.224009518844,0.));
#11508 = ORIENTED_EDGE('',*,*,#11509,.T.);
#11509 = EDGE_CURVE('',#11502,#11510,#11512,.T.);
#11510 = VERTEX_POINT('',#11511);
#11511 = CARTESIAN_POINT('',(113.573439,-72.692687,1.585));
#11512 = CIRCLE('',#11513,0.178634956161);
#11513 = AXIS2_PLACEMENT_3D('',#11514,#11515,#11516);
#11514 = CARTESIAN_POINT('',(113.50695161059,-72.85848770751,1.585));
#11515 = DIRECTION('',(0.,0.,1.));
#11516 = DIRECTION('',(0.976182899189,0.216949181447,-0.));
#11517 = ORIENTED_EDGE('',*,*,#11518,.T.);
#11518 = EDGE_CURVE('',#11510,#11519,#11521,.T.);
#11519 = VERTEX_POINT('',#11520);
#11520 = CARTESIAN_POINT('',(113.513243,-72.677781,1.585));
#11521 = LINE('',#11522,#11523);
#11522 = CARTESIAN_POINT('',(113.573439,-72.692687,1.585));
#11523 = VECTOR('',#11524,1.);
#11524 = DIRECTION('',(-0.970682643795,0.240364733345,0.));
#11525 = ORIENTED_EDGE('',*,*,#11526,.T.);
#11526 = EDGE_CURVE('',#11519,#11527,#11529,.T.);
#11527 = VERTEX_POINT('',#11528);
#11528 = CARTESIAN_POINT('',(113.476901,-72.675812,1.585));
#11529 = LINE('',#11530,#11531);
#11530 = CARTESIAN_POINT('',(113.513243,-72.677781,1.585));
#11531 = VECTOR('',#11532,1.);
#11532 = DIRECTION('',(-0.99853550148,5.410039079896E-02,0.));
#11533 = ORIENTED_EDGE('',*,*,#11534,.T.);
#11534 = EDGE_CURVE('',#11527,#11535,#11537,.T.);
#11535 = VERTEX_POINT('',#11536);
#11536 = CARTESIAN_POINT('',(113.407473,-72.68316,1.585));
#11537 = LINE('',#11538,#11539);
#11538 = CARTESIAN_POINT('',(113.476901,-72.675812,1.585));
#11539 = VECTOR('',#11540,1.);
#11540 = DIRECTION('',(-0.994445958928,-0.105248443081,0.));
#11541 = ORIENTED_EDGE('',*,*,#11542,.T.);
#11542 = EDGE_CURVE('',#11535,#11543,#11545,.T.);
#11543 = VERTEX_POINT('',#11544);
#11544 = CARTESIAN_POINT('',(113.260375,-72.785496,1.585));
#11545 = CIRCLE('',#11546,0.231759230162);
#11546 = AXIS2_PLACEMENT_3D('',#11547,#11548,#11549);
#11547 = CARTESIAN_POINT('',(113.45598882651,-72.90978426026,1.585));
#11548 = DIRECTION('',(0.,0.,1.));
#11549 = DIRECTION('',(-0.209337192235,0.977843515061,0.));
#11550 = ORIENTED_EDGE('',*,*,#11551,.T.);
#11551 = EDGE_CURVE('',#11543,#11552,#11554,.T.);
#11552 = VERTEX_POINT('',#11553);
#11553 = CARTESIAN_POINT('',(113.228611,-72.850139,1.585));
#11554 = LINE('',#11555,#11556);
#11555 = CARTESIAN_POINT('',(113.260375,-72.785496,1.585));
#11556 = VECTOR('',#11557,1.);
#11557 = DIRECTION('',(-0.441010624449,-0.897501882518,0.));
#11558 = ORIENTED_EDGE('',*,*,#11559,.T.);
#11559 = EDGE_CURVE('',#11552,#11560,#11562,.T.);
#11560 = VERTEX_POINT('',#11561);
#11561 = CARTESIAN_POINT('',(113.207489,-72.934288,1.585));
#11562 = LINE('',#11563,#11564);
#11563 = CARTESIAN_POINT('',(113.228611,-72.850139,1.585));
#11564 = VECTOR('',#11565,1.);
#11565 = DIRECTION('',(-0.243454894408,-0.96991221994,0.));
#11566 = ORIENTED_EDGE('',*,*,#11567,.T.);
#11567 = EDGE_CURVE('',#11560,#11568,#11570,.T.);
#11568 = VERTEX_POINT('',#11569);
#11569 = CARTESIAN_POINT('',(113.199747,-73.040711,1.585));
#11570 = LINE('',#11571,#11572);
#11571 = CARTESIAN_POINT('',(113.207489,-72.934288,1.585));
#11572 = VECTOR('',#11573,1.);
#11573 = DIRECTION('',(-7.255569653001E-02,-0.997364362157,0.));
#11574 = ORIENTED_EDGE('',*,*,#11575,.T.);
#11575 = EDGE_CURVE('',#11568,#11576,#11578,.T.);
#11576 = VERTEX_POINT('',#11577);
#11577 = CARTESIAN_POINT('',(113.205024,-73.131157,1.585));
#11578 = LINE('',#11579,#11580);
#11579 = CARTESIAN_POINT('',(113.199747,-73.040711,1.585));
#11580 = VECTOR('',#11581,1.);
#11581 = DIRECTION('',(5.824515500131E-02,-0.998302309884,0.));
#11582 = ORIENTED_EDGE('',*,*,#11583,.T.);
#11583 = EDGE_CURVE('',#11576,#11584,#11586,.T.);
#11584 = VERTEX_POINT('',#11585);
#11585 = CARTESIAN_POINT('',(113.222473,-73.216086,1.585));
#11586 = LINE('',#11587,#11588);
#11587 = CARTESIAN_POINT('',(113.205024,-73.131157,1.585));
#11588 = VECTOR('',#11589,1.);
#11589 = DIRECTION('',(0.201250346379,-0.979539839967,0.));
#11590 = ORIENTED_EDGE('',*,*,#11591,.T.);
#11591 = EDGE_CURVE('',#11584,#11592,#11594,.T.);
#11592 = VERTEX_POINT('',#11593);
#11593 = CARTESIAN_POINT('',(113.249724,-73.282537,1.585));
#11594 = LINE('',#11595,#11596);
#11595 = CARTESIAN_POINT('',(113.222473,-73.216086,1.585));
#11596 = VECTOR('',#11597,1.);
#11597 = DIRECTION('',(0.379425870798,-0.92522214012,0.));
#11598 = ORIENTED_EDGE('',*,*,#11599,.T.);
#11599 = EDGE_CURVE('',#11592,#11600,#11602,.T.);
#11600 = VERTEX_POINT('',#11601);
#11601 = CARTESIAN_POINT('',(113.299012,-73.346579,1.585));
#11602 = LINE('',#11603,#11604);
#11603 = CARTESIAN_POINT('',(113.249724,-73.282537,1.585));
#11604 = VECTOR('',#11605,1.);
#11605 = DIRECTION('',(0.609904499331,-0.792474921809,0.));
#11606 = ORIENTED_EDGE('',*,*,#11607,.T.);
#11607 = EDGE_CURVE('',#11600,#11608,#11610,.T.);
#11608 = VERTEX_POINT('',#11609);
#11609 = CARTESIAN_POINT('',(113.347564,-73.379241,1.585));
#11610 = LINE('',#11611,#11612);
#11611 = CARTESIAN_POINT('',(113.299012,-73.346579,1.585));
#11612 = VECTOR('',#11613,1.);
#11613 = DIRECTION('',(0.829724124829,-0.558173697585,0.));
#11614 = ORIENTED_EDGE('',*,*,#11615,.T.);
#11615 = EDGE_CURVE('',#11608,#11616,#11618,.T.);
#11616 = VERTEX_POINT('',#11617);
#11617 = CARTESIAN_POINT('',(113.409689,-73.400487,1.585));
#11618 = LINE('',#11619,#11620);
#11619 = CARTESIAN_POINT('',(113.347564,-73.379241,1.585));
#11620 = VECTOR('',#11621,1.);
#11621 = DIRECTION('',(0.946197981726,-0.323588286837,0.));
#11622 = ORIENTED_EDGE('',*,*,#11623,.T.);
#11623 = EDGE_CURVE('',#11616,#11624,#11626,.T.);
#11624 = VERTEX_POINT('',#11625);
#11625 = CARTESIAN_POINT('',(113.689759,-73.357922,1.585));
#11626 = CIRCLE('',#11627,0.420563823166);
#11627 = AXIS2_PLACEMENT_3D('',#11628,#11629,#11630);
#11628 = CARTESIAN_POINT('',(113.49022413637,-72.98770616085,1.585));
#11629 = DIRECTION('',(0.,0.,1.));
#11630 = DIRECTION('',(-0.191493257237,-0.981493928882,0.));
#11631 = ORIENTED_EDGE('',*,*,#11632,.T.);
#11632 = EDGE_CURVE('',#11624,#11633,#11635,.T.);
#11633 = VERTEX_POINT('',#11634);
#11634 = CARTESIAN_POINT('',(113.689759,-73.19892,1.585));
#11635 = LINE('',#11636,#11637);
#11636 = CARTESIAN_POINT('',(113.689759,-73.357922,1.585));
#11637 = VECTOR('',#11638,1.);
#11638 = DIRECTION('',(0.,1.,0.));
#11639 = ORIENTED_EDGE('',*,*,#11640,.T.);
#11640 = EDGE_CURVE('',#11633,#11641,#11643,.T.);
#11641 = VERTEX_POINT('',#11642);
#11642 = CARTESIAN_POINT('',(113.54274,-73.200293,1.585));
#11643 = LINE('',#11644,#11645);
#11644 = CARTESIAN_POINT('',(113.689759,-73.19892,1.585));
#11645 = VECTOR('',#11646,1.);
#11646 = DIRECTION('',(-0.999956395055,-9.33852175849E-03,0.));
#11647 = ORIENTED_EDGE('',*,*,#11648,.T.);
#11648 = EDGE_CURVE('',#11641,#11649,#11651,.T.);
#11649 = VERTEX_POINT('',#11650);
#11650 = CARTESIAN_POINT('',(113.483923,-73.205881,1.585));
#11651 = LINE('',#11652,#11653);
#11652 = CARTESIAN_POINT('',(113.54274,-73.200293,1.585));
#11653 = VECTOR('',#11654,1.);
#11654 = DIRECTION('',(-0.995517202527,-9.458065062356E-02,0.));
#11655 = ORIENTED_EDGE('',*,*,#11656,.T.);
#11656 = EDGE_CURVE('',#11649,#11657,#11659,.T.);
#11657 = VERTEX_POINT('',#11658);
#11658 = CARTESIAN_POINT('',(113.483923,-72.958096,1.585));
#11659 = LINE('',#11660,#11661);
#11660 = CARTESIAN_POINT('',(113.483923,-73.205881,1.585));
#11661 = VECTOR('',#11662,1.);
#11662 = DIRECTION('',(0.,1.,0.));
#11663 = ORIENTED_EDGE('',*,*,#11664,.T.);
#11664 = EDGE_CURVE('',#11657,#11665,#11667,.T.);
#11665 = VERTEX_POINT('',#11666);
#11666 = CARTESIAN_POINT('',(113.558303,-72.964912,1.585));
#11667 = LINE('',#11668,#11669);
#11668 = CARTESIAN_POINT('',(113.483923,-72.958096,1.585));
#11669 = VECTOR('',#11670,1.);
#11670 = DIRECTION('',(0.995827541071,-9.125518311293E-02,0.));
#11671 = ORIENTED_EDGE('',*,*,#11672,.T.);
#11672 = EDGE_CURVE('',#11665,#11673,#11675,.T.);
#11673 = VERTEX_POINT('',#11674);
#11674 = CARTESIAN_POINT('',(113.804498,-72.966397,1.585));
#11675 = LINE('',#11676,#11677);
#11676 = CARTESIAN_POINT('',(113.558303,-72.964912,1.585));
#11677 = VECTOR('',#11678,1.);
#11678 = DIRECTION('',(0.999981809166,-6.031694334224E-03,0.));
#11679 = ORIENTED_EDGE('',*,*,#11680,.T.);
#11680 = EDGE_CURVE('',#11673,#11681,#11683,.T.);
#11681 = VERTEX_POINT('',#11682);
#11682 = CARTESIAN_POINT('',(113.964105,-72.959501,1.585));
#11683 = LINE('',#11684,#11685);
#11684 = CARTESIAN_POINT('',(113.804498,-72.966397,1.585));
#11685 = VECTOR('',#11686,1.);
#11686 = DIRECTION('',(0.99906792016,4.31658534865E-02,0.));
#11687 = ORIENTED_EDGE('',*,*,#11688,.T.);
#11688 = EDGE_CURVE('',#11681,#11689,#11691,.T.);
#11689 = VERTEX_POINT('',#11690);
#11690 = CARTESIAN_POINT('',(113.964105,-73.514603,1.585));
#11691 = CIRCLE('',#11692,2.599989371194);
#11692 = AXIS2_PLACEMENT_3D('',#11693,#11694,#11695);
#11693 = CARTESIAN_POINT('',(116.54923752517,-73.237052,1.585));
#11694 = DIRECTION('',(0.,0.,1.));
#11695 = DIRECTION('',(-0.994285805095,0.106750821013,0.));
#11696 = ORIENTED_EDGE('',*,*,#11697,.T.);
#11697 = EDGE_CURVE('',#11689,#11698,#11700,.T.);
#11698 = VERTEX_POINT('',#11699);
#11699 = CARTESIAN_POINT('',(113.846072,-73.580269,1.585));
#11700 = LINE('',#11701,#11702);
#11701 = CARTESIAN_POINT('',(113.964105,-73.514603,1.585));
#11702 = VECTOR('',#11703,1.);
#11703 = DIRECTION('',(-0.873867612595,-0.486163959644,0.));
#11704 = ORIENTED_EDGE('',*,*,#11705,.T.);
#11705 = EDGE_CURVE('',#11698,#11706,#11708,.T.);
#11706 = VERTEX_POINT('',#11707);
#11707 = CARTESIAN_POINT('',(113.489541,-73.650341,1.585));
#11708 = CIRCLE('',#11709,0.913278869635);
#11709 = AXIS2_PLACEMENT_3D('',#11710,#11711,#11712);
#11710 = CARTESIAN_POINT('',(113.49520157891,-72.7370796729,1.585));
#11711 = DIRECTION('',(0.,0.,-1.));
#11712 = DIRECTION('',(0.384187604414,-0.923255048518,0.));
#11713 = ORIENTED_EDGE('',*,*,#11714,.T.);
#11714 = EDGE_CURVE('',#11706,#11715,#11717,.T.);
#11715 = VERTEX_POINT('',#11716);
#11716 = CARTESIAN_POINT('',(113.396236,-73.645445,1.585));
#11717 = LINE('',#11718,#11719);
#11718 = CARTESIAN_POINT('',(113.489541,-73.650341,1.585));
#11719 = VECTOR('',#11720,1.);
#11720 = DIRECTION('',(-0.998626124843,5.240098073235E-02,0.));
#11721 = ORIENTED_EDGE('',*,*,#11722,.T.);
#11722 = EDGE_CURVE('',#11715,#11723,#11725,.T.);
#11723 = VERTEX_POINT('',#11724);
#11724 = CARTESIAN_POINT('',(113.297927,-73.627439,1.585));
#11725 = LINE('',#11726,#11727);
#11726 = CARTESIAN_POINT('',(113.396236,-73.645445,1.585));
#11727 = VECTOR('',#11728,1.);
#11728 = DIRECTION('',(-0.983637275053,0.18016023736,0.));
#11729 = ORIENTED_EDGE('',*,*,#11730,.T.);
#11730 = EDGE_CURVE('',#11723,#11731,#11733,.T.);
#11731 = VERTEX_POINT('',#11732);
#11732 = CARTESIAN_POINT('',(113.212724,-73.597245,1.585));
#11733 = LINE('',#11734,#11735);
#11734 = CARTESIAN_POINT('',(113.297927,-73.627439,1.585));
#11735 = VECTOR('',#11736,1.);
#11736 = DIRECTION('',(-0.942564762492,0.334023455027,0.));
#11737 = ORIENTED_EDGE('',*,*,#11738,.T.);
#11738 = EDGE_CURVE('',#11731,#11739,#11741,.T.);
#11739 = VERTEX_POINT('',#11740);
#11740 = CARTESIAN_POINT('',(113.020734,-73.43721,1.585));
#11741 = CIRCLE('',#11742,0.46810452441);
#11742 = AXIS2_PLACEMENT_3D('',#11743,#11744,#11745);
#11743 = CARTESIAN_POINT('',(113.40557141673,-73.17071045317,1.585));
#11744 = DIRECTION('',(0.,0.,-1.));
#11745 = DIRECTION('',(-0.41197511811,-0.911195095497,-0.));
#11746 = ORIENTED_EDGE('',*,*,#11747,.T.);
#11747 = EDGE_CURVE('',#11739,#11748,#11750,.T.);
#11748 = VERTEX_POINT('',#11749);
#11749 = CARTESIAN_POINT('',(112.974018,-73.356072,1.585));
#11750 = LINE('',#11751,#11752);
#11751 = CARTESIAN_POINT('',(113.020734,-73.43721,1.585));
#11752 = VECTOR('',#11753,1.);
#11753 = DIRECTION('',(-0.498965903353,0.866621617138,0.));
#11754 = ORIENTED_EDGE('',*,*,#11755,.T.);
#11755 = EDGE_CURVE('',#11748,#11756,#11758,.T.);
#11756 = VERTEX_POINT('',#11757);
#11757 = CARTESIAN_POINT('',(112.938594,-73.261098,1.585));
#11758 = LINE('',#11759,#11760);
#11759 = CARTESIAN_POINT('',(112.974018,-73.356072,1.585));
#11760 = VECTOR('',#11761,1.);
#11761 = DIRECTION('',(-0.349468764874,0.936948014768,0.));
#11762 = ORIENTED_EDGE('',*,*,#11763,.T.);
#11763 = EDGE_CURVE('',#11756,#11764,#11766,.T.);
#11764 = VERTEX_POINT('',#11765);
#11765 = CARTESIAN_POINT('',(112.912154,-72.957243,1.585));
#11766 = CIRCLE('',#11767,0.831854429364);
#11767 = AXIS2_PLACEMENT_3D('',#11768,#11769,#11770);
#11768 = CARTESIAN_POINT('',(113.74005170337,-73.03828116634,1.585));
#11769 = DIRECTION('',(0.,0.,-1.));
#11770 = DIRECTION('',(-0.963459080195,-0.267855559564,-0.));
#11771 = ORIENTED_EDGE('',*,*,#11772,.T.);
#11772 = EDGE_CURVE('',#11764,#11773,#11775,.T.);
#11773 = VERTEX_POINT('',#11774);
#11774 = CARTESIAN_POINT('',(112.929398,-72.852541,1.585));
#11775 = LINE('',#11776,#11777);
#11776 = CARTESIAN_POINT('',(112.912154,-72.957243,1.585));
#11777 = VECTOR('',#11778,1.);
#11778 = DIRECTION('',(0.162506761321,0.986707430055,0.));
#11779 = ORIENTED_EDGE('',*,*,#11780,.T.);
#11780 = EDGE_CURVE('',#11773,#11781,#11783,.T.);
#11781 = VERTEX_POINT('',#11782);
#11782 = CARTESIAN_POINT('',(112.959693,-72.759322,1.585));
#11783 = LINE('',#11784,#11785);
#11784 = CARTESIAN_POINT('',(112.929398,-72.852541,1.585));
#11785 = VECTOR('',#11786,1.);
#11786 = DIRECTION('',(0.309075229971,0.951037592432,0.));
#11787 = ORIENTED_EDGE('',*,*,#11788,.T.);
#11788 = EDGE_CURVE('',#11781,#11789,#11791,.T.);
#11789 = VERTEX_POINT('',#11790);
#11790 = CARTESIAN_POINT('',(113.119702,-72.547775,1.585));
#11791 = CIRCLE('',#11792,0.515500220295);
#11792 = AXIS2_PLACEMENT_3D('',#11793,#11794,#11795);
#11793 = CARTESIAN_POINT('',(113.43699697792,-72.95405615155,1.585));
#11794 = DIRECTION('',(0.,0.,-1.));
#11795 = DIRECTION('',(-0.925904508152,0.377757649536,0.));
#11796 = ORIENTED_EDGE('',*,*,#11797,.T.);
#11797 = EDGE_CURVE('',#11789,#11798,#11800,.T.);
#11798 = VERTEX_POINT('',#11799);
#11799 = CARTESIAN_POINT('',(113.194616,-72.500189,1.585));
#11800 = LINE('',#11801,#11802);
#11801 = CARTESIAN_POINT('',(113.119702,-72.547775,1.585));
#11802 = VECTOR('',#11803,1.);
#11803 = DIRECTION('',(0.844102893135,0.536181224774,0.));
#11804 = ORIENTED_EDGE('',*,*,#11805,.T.);
#11805 = EDGE_CURVE('',#11798,#11459,#11806,.T.);
#11806 = LINE('',#11807,#11808);
#11807 = CARTESIAN_POINT('',(113.194616,-72.500189,1.585));
#11808 = VECTOR('',#11809,1.);
#11809 = DIRECTION('',(0.92431300914,0.381635246191,0.));
#11810 = PLANE('',#11811);
#11811 = AXIS2_PLACEMENT_3D('',#11812,#11813,#11814);
#11812 = CARTESIAN_POINT('',(0.,0.,1.585));
#11813 = DIRECTION('',(0.,0.,1.));
#11814 = DIRECTION('',(1.,0.,-0.));
#11815 = SHELL_BASED_SURFACE_MODEL('',(#11816));
#11816 = OPEN_SHELL('',(#11817));
#11817 = ADVANCED_FACE('',(#11818),#12322,.T.);
#11818 = FACE_BOUND('',#11819,.F.);
#11819 = EDGE_LOOP('',(#11820,#11830,#11838,#11846,#11854,#11862,#11870,
    #11878,#11886,#11894,#11902,#11910,#11918,#11926,#11934,#11942,
    #11950,#11958,#11966,#11974,#11983,#11991,#11999,#12007,#12015,
    #12023,#12031,#12039,#12048,#12056,#12064,#12072,#12080,#12088,
    #12096,#12104,#12112,#12120,#12128,#12136,#12144,#12153,#12161,
    #12169,#12177,#12185,#12193,#12201,#12209,#12217,#12225,#12233,
    #12242,#12250,#12258,#12266,#12274,#12283,#12291,#12299,#12308,
    #12316));
#11820 = ORIENTED_EDGE('',*,*,#11821,.T.);
#11821 = EDGE_CURVE('',#11822,#11824,#11826,.T.);
#11822 = VERTEX_POINT('',#11823);
#11823 = CARTESIAN_POINT('',(116.050251,-72.460395,1.585));
#11824 = VERTEX_POINT('',#11825);
#11825 = CARTESIAN_POINT('',(116.143576,-72.438748,1.585));
#11826 = LINE('',#11827,#11828);
#11827 = CARTESIAN_POINT('',(116.050251,-72.460395,1.585));
#11828 = VECTOR('',#11829,1.);
#11829 = DIRECTION('',(0.974137954683,0.225954077739,0.));
#11830 = ORIENTED_EDGE('',*,*,#11831,.T.);
#11831 = EDGE_CURVE('',#11824,#11832,#11834,.T.);
#11832 = VERTEX_POINT('',#11833);
#11833 = CARTESIAN_POINT('',(116.27112,-72.431293,1.585));
#11834 = LINE('',#11835,#11836);
#11835 = CARTESIAN_POINT('',(116.143576,-72.438748,1.585));
#11836 = VECTOR('',#11837,1.);
#11837 = DIRECTION('',(0.998296138997,5.835082572472E-02,0.));
#11838 = ORIENTED_EDGE('',*,*,#11839,.T.);
#11839 = EDGE_CURVE('',#11832,#11840,#11842,.T.);
#11840 = VERTEX_POINT('',#11841);
#11841 = CARTESIAN_POINT('',(116.374191,-72.440727,1.585));
#11842 = LINE('',#11843,#11844);
#11843 = CARTESIAN_POINT('',(116.27112,-72.431293,1.585));
#11844 = VECTOR('',#11845,1.);
#11845 = DIRECTION('',(0.995837344816,-9.114813585771E-02,0.));
#11846 = ORIENTED_EDGE('',*,*,#11847,.T.);
#11847 = EDGE_CURVE('',#11840,#11848,#11850,.T.);
#11848 = VERTEX_POINT('',#11849);
#11849 = CARTESIAN_POINT('',(116.46158,-72.462698,1.585));
#11850 = LINE('',#11851,#11852);
#11851 = CARTESIAN_POINT('',(116.374191,-72.440727,1.585));
#11852 = VECTOR('',#11853,1.);
#11853 = DIRECTION('',(0.96981849964,-0.243827967543,0.));
#11854 = ORIENTED_EDGE('',*,*,#11855,.T.);
#11855 = EDGE_CURVE('',#11848,#11856,#11858,.T.);
#11856 = VERTEX_POINT('',#11857);
#11857 = CARTESIAN_POINT('',(116.534444,-72.495552,1.585));
#11858 = LINE('',#11859,#11860);
#11859 = CARTESIAN_POINT('',(116.46158,-72.462698,1.585));
#11860 = VECTOR('',#11861,1.);
#11861 = DIRECTION('',(0.911615990018,-0.41104292567,0.));
#11862 = ORIENTED_EDGE('',*,*,#11863,.T.);
#11863 = EDGE_CURVE('',#11856,#11864,#11866,.T.);
#11864 = VERTEX_POINT('',#11865);
#11865 = CARTESIAN_POINT('',(116.594032,-72.538291,1.585));
#11866 = LINE('',#11867,#11868);
#11867 = CARTESIAN_POINT('',(116.534444,-72.495552,1.585));
#11868 = VECTOR('',#11869,1.);
#11869 = DIRECTION('',(0.812595815249,-0.582827625494,0.));
#11870 = ORIENTED_EDGE('',*,*,#11871,.T.);
#11871 = EDGE_CURVE('',#11864,#11872,#11874,.T.);
#11872 = VERTEX_POINT('',#11873);
#11873 = CARTESIAN_POINT('',(116.641311,-72.590694,1.585));
#11874 = LINE('',#11875,#11876);
#11875 = CARTESIAN_POINT('',(116.594032,-72.538291,1.585));
#11876 = VECTOR('',#11877,1.);
#11877 = DIRECTION('',(0.669874617549,-0.742474239798,0.));
#11878 = ORIENTED_EDGE('',*,*,#11879,.T.);
#11879 = EDGE_CURVE('',#11872,#11880,#11882,.T.);
#11880 = VERTEX_POINT('',#11881);
#11881 = CARTESIAN_POINT('',(116.675181,-72.645495,1.585));
#11882 = LINE('',#11883,#11884);
#11883 = CARTESIAN_POINT('',(116.641311,-72.590694,1.585));
#11884 = VECTOR('',#11885,1.);
#11885 = DIRECTION('',(0.525743685094,-0.850643037698,0.));
#11886 = ORIENTED_EDGE('',*,*,#11887,.T.);
#11887 = EDGE_CURVE('',#11880,#11888,#11890,.T.);
#11888 = VERTEX_POINT('',#11889);
#11889 = CARTESIAN_POINT('',(116.694503,-72.69514,1.585));
#11890 = LINE('',#11891,#11892);
#11891 = CARTESIAN_POINT('',(116.675181,-72.645495,1.585));
#11892 = VECTOR('',#11893,1.);
#11893 = DIRECTION('',(0.362700793722,-0.931905646637,0.));
#11894 = ORIENTED_EDGE('',*,*,#11895,.T.);
#11895 = EDGE_CURVE('',#11888,#11896,#11898,.T.);
#11896 = VERTEX_POINT('',#11897);
#11897 = CARTESIAN_POINT('',(116.711287,-72.758672,1.585));
#11898 = LINE('',#11899,#11900);
#11899 = CARTESIAN_POINT('',(116.694503,-72.69514,1.585));
#11900 = VECTOR('',#11901,1.);
#11901 = DIRECTION('',(0.25541903676,-0.966830448249,0.));
#11902 = ORIENTED_EDGE('',*,*,#11903,.T.);
#11903 = EDGE_CURVE('',#11896,#11904,#11906,.T.);
#11904 = VERTEX_POINT('',#11905);
#11905 = CARTESIAN_POINT('',(116.414532,-72.790912,1.585));
#11906 = LINE('',#11907,#11908);
#11907 = CARTESIAN_POINT('',(116.711287,-72.758672,1.585));
#11908 = VECTOR('',#11909,1.);
#11909 = DIRECTION('',(-0.994150212017,-0.108006277351,0.));
#11910 = ORIENTED_EDGE('',*,*,#11911,.T.);
#11911 = EDGE_CURVE('',#11904,#11912,#11914,.T.);
#11912 = VERTEX_POINT('',#11913);
#11913 = CARTESIAN_POINT('',(116.408029,-72.763797,1.585));
#11914 = LINE('',#11915,#11916);
#11915 = CARTESIAN_POINT('',(116.414532,-72.790912,1.585));
#11916 = VECTOR('',#11917,1.);
#11917 = DIRECTION('',(-0.233216964495,0.972424725864,0.));
#11918 = ORIENTED_EDGE('',*,*,#11919,.T.);
#11919 = EDGE_CURVE('',#11912,#11920,#11922,.T.);
#11920 = VERTEX_POINT('',#11921);
#11921 = CARTESIAN_POINT('',(116.388166,-72.720644,1.585));
#11922 = LINE('',#11923,#11924);
#11923 = CARTESIAN_POINT('',(116.408029,-72.763797,1.585));
#11924 = VECTOR('',#11925,1.);
#11925 = DIRECTION('',(-0.418124856982,0.908389566196,0.));
#11926 = ORIENTED_EDGE('',*,*,#11927,.T.);
#11927 = EDGE_CURVE('',#11920,#11928,#11930,.T.);
#11928 = VERTEX_POINT('',#11929);
#11929 = CARTESIAN_POINT('',(116.358499,-72.690391,1.585));
#11930 = LINE('',#11931,#11932);
#11931 = CARTESIAN_POINT('',(116.388166,-72.720644,1.585));
#11932 = VECTOR('',#11933,1.);
#11933 = DIRECTION('',(-0.700158002877,0.713987934777,0.));
#11934 = ORIENTED_EDGE('',*,*,#11935,.T.);
#11935 = EDGE_CURVE('',#11928,#11936,#11938,.T.);
#11936 = VERTEX_POINT('',#11937);
#11937 = CARTESIAN_POINT('',(116.313518,-72.670229,1.585));
#11938 = LINE('',#11939,#11940);
#11939 = CARTESIAN_POINT('',(116.358499,-72.690391,1.585));
#11940 = VECTOR('',#11941,1.);
#11941 = DIRECTION('',(-0.912523685449,0.409023866656,0.));
#11942 = ORIENTED_EDGE('',*,*,#11943,.T.);
#11943 = EDGE_CURVE('',#11936,#11944,#11946,.T.);
#11944 = VERTEX_POINT('',#11945);
#11945 = CARTESIAN_POINT('',(116.240875,-72.662135,1.585));
#11946 = LINE('',#11947,#11948);
#11947 = CARTESIAN_POINT('',(116.313518,-72.670229,1.585));
#11948 = VECTOR('',#11949,1.);
#11949 = DIRECTION('',(-0.993849818398,0.110736346656,0.));
#11950 = ORIENTED_EDGE('',*,*,#11951,.T.);
#11951 = EDGE_CURVE('',#11944,#11952,#11954,.T.);
#11952 = VERTEX_POINT('',#11953);
#11953 = CARTESIAN_POINT('',(116.207467,-72.664614,1.585));
#11954 = LINE('',#11955,#11956);
#11955 = CARTESIAN_POINT('',(116.240875,-72.662135,1.585));
#11956 = VECTOR('',#11957,1.);
#11957 = DIRECTION('',(-0.997258216683,-7.400033282896E-02,0.));
#11958 = ORIENTED_EDGE('',*,*,#11959,.T.);
#11959 = EDGE_CURVE('',#11952,#11960,#11962,.T.);
#11960 = VERTEX_POINT('',#11961);
#11961 = CARTESIAN_POINT('',(116.157821,-72.67946,1.585));
#11962 = LINE('',#11963,#11964);
#11963 = CARTESIAN_POINT('',(116.207467,-72.664614,1.585));
#11964 = VECTOR('',#11965,1.);
#11965 = DIRECTION('',(-0.958079798122,-0.286501484167,0.));
#11966 = ORIENTED_EDGE('',*,*,#11967,.T.);
#11967 = EDGE_CURVE('',#11960,#11968,#11970,.T.);
#11968 = VERTEX_POINT('',#11969);
#11969 = CARTESIAN_POINT('',(116.121763,-72.704322,1.585));
#11970 = LINE('',#11971,#11972);
#11971 = CARTESIAN_POINT('',(116.157821,-72.67946,1.585));
#11972 = VECTOR('',#11973,1.);
#11973 = DIRECTION('',(-0.823272390832,-0.567646518966,0.));
#11974 = ORIENTED_EDGE('',*,*,#11975,.T.);
#11975 = EDGE_CURVE('',#11968,#11976,#11978,.T.);
#11976 = VERTEX_POINT('',#11977);
#11977 = CARTESIAN_POINT('',(116.097374,-72.80298,1.585));
#11978 = CIRCLE('',#11979,9.490379832943E-02);
#11979 = AXIS2_PLACEMENT_3D('',#11980,#11981,#11982);
#11980 = CARTESIAN_POINT('',(116.18738022694,-72.77288664443,1.585));
#11981 = DIRECTION('',(0.,0.,1.));
#11982 = DIRECTION('',(-0.691407805537,0.722464702558,0.));
#11983 = ORIENTED_EDGE('',*,*,#11984,.T.);
#11984 = EDGE_CURVE('',#11976,#11985,#11987,.T.);
#11985 = VERTEX_POINT('',#11986);
#11986 = CARTESIAN_POINT('',(116.117125,-72.834355,1.585));
#11987 = LINE('',#11988,#11989);
#11988 = CARTESIAN_POINT('',(116.097374,-72.80298,1.585));
#11989 = VECTOR('',#11990,1.);
#11990 = DIRECTION('',(0.532743159329,-0.846276979593,0.));
#11991 = ORIENTED_EDGE('',*,*,#11992,.T.);
#11992 = EDGE_CURVE('',#11985,#11993,#11995,.T.);
#11993 = VERTEX_POINT('',#11994);
#11994 = CARTESIAN_POINT('',(116.158321,-72.862292,1.585));
#11995 = LINE('',#11996,#11997);
#11996 = CARTESIAN_POINT('',(116.117125,-72.834355,1.585));
#11997 = VECTOR('',#11998,1.);
#11998 = DIRECTION('',(0.827638426915,-0.561261645129,0.));
#11999 = ORIENTED_EDGE('',*,*,#12000,.T.);
#12000 = EDGE_CURVE('',#11993,#12001,#12003,.T.);
#12001 = VERTEX_POINT('',#12002);
#12002 = CARTESIAN_POINT('',(116.203445,-72.877496,1.585));
#12003 = LINE('',#12004,#12005);
#12004 = CARTESIAN_POINT('',(116.158321,-72.862292,1.585));
#12005 = VECTOR('',#12006,1.);
#12006 = DIRECTION('',(0.947653462418,-0.319300665779,0.));
#12007 = ORIENTED_EDGE('',*,*,#12008,.T.);
#12008 = EDGE_CURVE('',#12001,#12009,#12011,.T.);
#12009 = VERTEX_POINT('',#12010);
#12010 = CARTESIAN_POINT('',(116.403562,-72.920309,1.585));
#12011 = LINE('',#12012,#12013);
#12012 = CARTESIAN_POINT('',(116.203445,-72.877496,1.585));
#12013 = VECTOR('',#12014,1.);
#12014 = DIRECTION('',(0.977871653556,-0.209205710178,0.));
#12015 = ORIENTED_EDGE('',*,*,#12016,.T.);
#12016 = EDGE_CURVE('',#12009,#12017,#12019,.T.);
#12017 = VERTEX_POINT('',#12018);
#12018 = CARTESIAN_POINT('',(116.504772,-72.951579,1.585));
#12019 = LINE('',#12020,#12021);
#12020 = CARTESIAN_POINT('',(116.403562,-72.920309,1.585));
#12021 = VECTOR('',#12022,1.);
#12022 = DIRECTION('',(0.955437500777,-0.29519346556,0.));
#12023 = ORIENTED_EDGE('',*,*,#12024,.T.);
#12024 = EDGE_CURVE('',#12017,#12025,#12027,.T.);
#12025 = VERTEX_POINT('',#12026);
#12026 = CARTESIAN_POINT('',(116.578297,-72.98826,1.585));
#12027 = LINE('',#12028,#12029);
#12028 = CARTESIAN_POINT('',(116.504772,-72.951579,1.585));
#12029 = VECTOR('',#12030,1.);
#12030 = DIRECTION('',(0.894823591807,-0.446419913921,0.));
#12031 = ORIENTED_EDGE('',*,*,#12032,.T.);
#12032 = EDGE_CURVE('',#12025,#12033,#12035,.T.);
#12033 = VERTEX_POINT('',#12034);
#12034 = CARTESIAN_POINT('',(116.617425,-73.016321,1.585));
#12035 = LINE('',#12036,#12037);
#12036 = CARTESIAN_POINT('',(116.578297,-72.98826,1.585));
#12037 = VECTOR('',#12038,1.);
#12038 = DIRECTION('',(0.81262762638,-0.582783270902,0.));
#12039 = ORIENTED_EDGE('',*,*,#12040,.T.);
#12040 = EDGE_CURVE('',#12033,#12041,#12043,.T.);
#12041 = VERTEX_POINT('',#12042);
#12042 = CARTESIAN_POINT('',(116.721667,-73.191302,1.585));
#12043 = CIRCLE('',#12044,0.296009952176);
#12044 = AXIS2_PLACEMENT_3D('',#12045,#12046,#12047);
#12045 = CARTESIAN_POINT('',(116.43076602113,-73.24606067309,1.585));
#12046 = DIRECTION('',(0.,0.,-1.));
#12047 = DIRECTION('',(0.630583456734,0.776121449319,0.));
#12048 = ORIENTED_EDGE('',*,*,#12049,.T.);
#12049 = EDGE_CURVE('',#12041,#12050,#12052,.T.);
#12050 = VERTEX_POINT('',#12051);
#12051 = CARTESIAN_POINT('',(116.729483,-73.27378,1.585));
#12052 = LINE('',#12053,#12054);
#12053 = CARTESIAN_POINT('',(116.721667,-73.191302,1.585));
#12054 = VECTOR('',#12055,1.);
#12055 = DIRECTION('',(9.434199962071E-02,-0.995539847072,0.));
#12056 = ORIENTED_EDGE('',*,*,#12057,.T.);
#12057 = EDGE_CURVE('',#12050,#12058,#12060,.T.);
#12058 = VERTEX_POINT('',#12059);
#12059 = CARTESIAN_POINT('',(116.724387,-73.342374,1.585));
#12060 = LINE('',#12061,#12062);
#12061 = CARTESIAN_POINT('',(116.729483,-73.27378,1.585));
#12062 = VECTOR('',#12063,1.);
#12063 = DIRECTION('',(-7.408803522845E-02,-0.997251704955,0.));
#12064 = ORIENTED_EDGE('',*,*,#12065,.T.);
#12065 = EDGE_CURVE('',#12058,#12066,#12068,.T.);
#12066 = VERTEX_POINT('',#12067);
#12067 = CARTESIAN_POINT('',(116.705688,-73.415537,1.585));
#12068 = LINE('',#12069,#12070);
#12069 = CARTESIAN_POINT('',(116.724387,-73.342374,1.585));
#12070 = VECTOR('',#12071,1.);
#12071 = DIRECTION('',(-0.247620504443,-0.968857102869,0.));
#12072 = ORIENTED_EDGE('',*,*,#12073,.T.);
#12073 = EDGE_CURVE('',#12066,#12074,#12076,.T.);
#12074 = VERTEX_POINT('',#12075);
#12075 = CARTESIAN_POINT('',(116.674478,-73.478539,1.585));
#12076 = LINE('',#12077,#12078);
#12077 = CARTESIAN_POINT('',(116.705688,-73.415537,1.585));
#12078 = VECTOR('',#12079,1.);
#12079 = DIRECTION('',(-0.44389941977,-0.896076617889,0.));
#12080 = ORIENTED_EDGE('',*,*,#12081,.T.);
#12081 = EDGE_CURVE('',#12074,#12082,#12084,.T.);
#12082 = VERTEX_POINT('',#12083);
#12083 = CARTESIAN_POINT('',(116.616891,-73.544693,1.585));
#12084 = LINE('',#12085,#12086);
#12085 = CARTESIAN_POINT('',(116.674478,-73.478539,1.585));
#12086 = VECTOR('',#12087,1.);
#12087 = DIRECTION('',(-0.656579737517,-0.754256619648,0.));
#12088 = ORIENTED_EDGE('',*,*,#12089,.T.);
#12089 = EDGE_CURVE('',#12082,#12090,#12092,.T.);
#12090 = VERTEX_POINT('',#12091);
#12091 = CARTESIAN_POINT('',(116.554048,-73.587964,1.585));
#12092 = LINE('',#12093,#12094);
#12093 = CARTESIAN_POINT('',(116.616891,-73.544693,1.585));
#12094 = VECTOR('',#12095,1.);
#12095 = DIRECTION('',(-0.823635210156,-0.567119952559,0.));
#12096 = ORIENTED_EDGE('',*,*,#12097,.T.);
#12097 = EDGE_CURVE('',#12090,#12098,#12100,.T.);
#12098 = VERTEX_POINT('',#12099);
#12099 = CARTESIAN_POINT('',(116.47597,-73.621046,1.585));
#12100 = LINE('',#12101,#12102);
#12101 = CARTESIAN_POINT('',(116.554048,-73.587964,1.585));
#12102 = VECTOR('',#12103,1.);
#12103 = DIRECTION('',(-0.920759762343,-0.390130055302,0.));
#12104 = ORIENTED_EDGE('',*,*,#12105,.T.);
#12105 = EDGE_CURVE('',#12098,#12106,#12108,.T.);
#12106 = VERTEX_POINT('',#12107);
#12107 = CARTESIAN_POINT('',(116.380018,-73.642569,1.585));
#12108 = LINE('',#12109,#12110);
#12109 = CARTESIAN_POINT('',(116.47597,-73.621046,1.585));
#12110 = VECTOR('',#12111,1.);
#12111 = DIRECTION('',(-0.975753717026,-0.21887138623,0.));
#12112 = ORIENTED_EDGE('',*,*,#12113,.T.);
#12113 = EDGE_CURVE('',#12106,#12114,#12116,.T.);
#12114 = VERTEX_POINT('',#12115);
#12115 = CARTESIAN_POINT('',(116.263285,-73.650341,1.585));
#12116 = LINE('',#12117,#12118);
#12117 = CARTESIAN_POINT('',(116.380018,-73.642569,1.585));
#12118 = VECTOR('',#12119,1.);
#12119 = DIRECTION('',(-0.997790940754,-6.643221018511E-02,0.));
#12120 = ORIENTED_EDGE('',*,*,#12121,.T.);
#12121 = EDGE_CURVE('',#12114,#12122,#12124,.T.);
#12122 = VERTEX_POINT('',#12123);
#12123 = CARTESIAN_POINT('',(116.112159,-73.636632,1.585));
#12124 = LINE('',#12125,#12126);
#12125 = CARTESIAN_POINT('',(116.263285,-73.650341,1.585));
#12126 = VECTOR('',#12127,1.);
#12127 = DIRECTION('',(-0.995910850707,9.034144920354E-02,0.));
#12128 = ORIENTED_EDGE('',*,*,#12129,.T.);
#12129 = EDGE_CURVE('',#12122,#12130,#12132,.T.);
#12130 = VERTEX_POINT('',#12131);
#12131 = CARTESIAN_POINT('',(116.019725,-73.612459,1.585));
#12132 = LINE('',#12133,#12134);
#12133 = CARTESIAN_POINT('',(116.112159,-73.636632,1.585));
#12134 = VECTOR('',#12135,1.);
#12135 = DIRECTION('',(-0.967464265019,0.253007699313,0.));
#12136 = ORIENTED_EDGE('',*,*,#12137,.T.);
#12137 = EDGE_CURVE('',#12130,#12138,#12140,.T.);
#12138 = VERTEX_POINT('',#12139);
#12139 = CARTESIAN_POINT('',(115.932858,-73.570822,1.585));
#12140 = LINE('',#12141,#12142);
#12141 = CARTESIAN_POINT('',(116.019725,-73.612459,1.585));
#12142 = VECTOR('',#12143,1.);
#12143 = DIRECTION('',(-0.901762504737,0.432231864917,0.));
#12144 = ORIENTED_EDGE('',*,*,#12145,.T.);
#12145 = EDGE_CURVE('',#12138,#12146,#12148,.T.);
#12146 = VERTEX_POINT('',#12147);
#12147 = CARTESIAN_POINT('',(115.799895,-73.402557,1.585));
#12148 = CIRCLE('',#12149,0.329902904954);
#12149 = AXIS2_PLACEMENT_3D('',#12150,#12151,#12152);
#12150 = CARTESIAN_POINT('',(116.11116570651,-73.29325707337,1.585));
#12151 = DIRECTION('',(0.,0.,-1.));
#12152 = DIRECTION('',(-0.540485409013,-0.841353387492,-0.));
#12153 = ORIENTED_EDGE('',*,*,#12154,.T.);
#12154 = EDGE_CURVE('',#12146,#12155,#12157,.T.);
#12155 = VERTEX_POINT('',#12156);
#12156 = CARTESIAN_POINT('',(115.782928,-73.34903,1.585));
#12157 = LINE('',#12158,#12159);
#12158 = CARTESIAN_POINT('',(115.799895,-73.402557,1.585));
#12159 = VECTOR('',#12160,1.);
#12160 = DIRECTION('',(-0.302163344245,0.953256163576,0.));
#12161 = ORIENTED_EDGE('',*,*,#12162,.T.);
#12162 = EDGE_CURVE('',#12155,#12163,#12165,.T.);
#12163 = VERTEX_POINT('',#12164);
#12164 = CARTESIAN_POINT('',(115.76912,-73.272376,1.585));
#12165 = LINE('',#12166,#12167);
#12166 = CARTESIAN_POINT('',(115.782928,-73.34903,1.585));
#12167 = VECTOR('',#12168,1.);
#12168 = DIRECTION('',(-0.177280839581,0.984160303974,0.));
#12169 = ORIENTED_EDGE('',*,*,#12170,.T.);
#12170 = EDGE_CURVE('',#12163,#12171,#12173,.T.);
#12171 = VERTEX_POINT('',#12172);
#12172 = CARTESIAN_POINT('',(116.060319,-73.24441,1.585));
#12173 = LINE('',#12174,#12175);
#12174 = CARTESIAN_POINT('',(115.76912,-73.272376,1.585));
#12175 = VECTOR('',#12176,1.);
#12176 = DIRECTION('',(0.99542006416,9.559757249952E-02,0.));
#12177 = ORIENTED_EDGE('',*,*,#12178,.T.);
#12178 = EDGE_CURVE('',#12171,#12179,#12181,.T.);
#12179 = VERTEX_POINT('',#12180);
#12180 = CARTESIAN_POINT('',(116.069626,-73.294982,1.585));
#12181 = LINE('',#12182,#12183);
#12182 = CARTESIAN_POINT('',(116.060319,-73.24441,1.585));
#12183 = VECTOR('',#12184,1.);
#12184 = DIRECTION('',(0.180995126195,-0.983483992902,0.));
#12185 = ORIENTED_EDGE('',*,*,#12186,.T.);
#12186 = EDGE_CURVE('',#12179,#12187,#12189,.T.);
#12187 = VERTEX_POINT('',#12188);
#12188 = CARTESIAN_POINT('',(116.096711,-73.347969,1.585));
#12189 = LINE('',#12190,#12191);
#12190 = CARTESIAN_POINT('',(116.069626,-73.294982,1.585));
#12191 = VECTOR('',#12192,1.);
#12192 = DIRECTION('',(0.455147773841,-0.890415916282,0.));
#12193 = ORIENTED_EDGE('',*,*,#12194,.T.);
#12194 = EDGE_CURVE('',#12187,#12195,#12197,.T.);
#12195 = VERTEX_POINT('',#12196);
#12196 = CARTESIAN_POINT('',(116.140469,-73.385019,1.585));
#12197 = LINE('',#12198,#12199);
#12198 = CARTESIAN_POINT('',(116.096711,-73.347969,1.585));
#12199 = VECTOR('',#12200,1.);
#12200 = DIRECTION('',(0.763179842112,-0.646186140825,0.));
#12201 = ORIENTED_EDGE('',*,*,#12202,.T.);
#12202 = EDGE_CURVE('',#12195,#12203,#12205,.T.);
#12203 = VERTEX_POINT('',#12204);
#12204 = CARTESIAN_POINT('',(116.194233,-73.40618,1.585));
#12205 = LINE('',#12206,#12207);
#12206 = CARTESIAN_POINT('',(116.140469,-73.385019,1.585));
#12207 = VECTOR('',#12208,1.);
#12208 = DIRECTION('',(0.930519060427,-0.366243468449,0.));
#12209 = ORIENTED_EDGE('',*,*,#12210,.T.);
#12210 = EDGE_CURVE('',#12203,#12211,#12213,.T.);
#12211 = VERTEX_POINT('',#12212);
#12212 = CARTESIAN_POINT('',(116.260476,-73.413792,1.585));
#12213 = LINE('',#12214,#12215);
#12214 = CARTESIAN_POINT('',(116.194233,-73.40618,1.585));
#12215 = VECTOR('',#12216,1.);
#12216 = DIRECTION('',(0.993462488684,-0.114159027578,0.));
#12217 = ORIENTED_EDGE('',*,*,#12218,.T.);
#12218 = EDGE_CURVE('',#12211,#12219,#12221,.T.);
#12219 = VERTEX_POINT('',#12220);
#12220 = CARTESIAN_POINT('',(116.319186,-73.408337,1.585));
#12221 = LINE('',#12222,#12223);
#12222 = CARTESIAN_POINT('',(116.260476,-73.413792,1.585));
#12223 = VECTOR('',#12224,1.);
#12224 = DIRECTION('',(0.995711213298,9.251583492657E-02,0.));
#12225 = ORIENTED_EDGE('',*,*,#12226,.T.);
#12226 = EDGE_CURVE('',#12219,#12227,#12229,.T.);
#12227 = VERTEX_POINT('',#12228);
#12228 = CARTESIAN_POINT('',(116.368926,-73.391381,1.585));
#12229 = LINE('',#12230,#12231);
#12230 = CARTESIAN_POINT('',(116.319186,-73.408337,1.585));
#12231 = VECTOR('',#12232,1.);
#12232 = DIRECTION('',(0.946514943187,0.322659979427,0.));
#12233 = ORIENTED_EDGE('',*,*,#12234,.T.);
#12234 = EDGE_CURVE('',#12227,#12235,#12237,.T.);
#12235 = VERTEX_POINT('',#12236);
#12236 = CARTESIAN_POINT('',(116.373927,-73.189822,1.585));
#12237 = CIRCLE('',#12238,0.113547825753);
#12238 = AXIS2_PLACEMENT_3D('',#12239,#12240,#12241);
#12239 = CARTESIAN_POINT('',(116.31918983851,-73.28930542518,1.585));
#12240 = DIRECTION('',(0.,-0.,1.));
#12241 = DIRECTION('',(0.438019496646,-0.898965472395,-0.));
#12242 = ORIENTED_EDGE('',*,*,#12243,.T.);
#12243 = EDGE_CURVE('',#12235,#12244,#12246,.T.);
#12244 = VERTEX_POINT('',#12245);
#12245 = CARTESIAN_POINT('',(116.312477,-73.168473,1.585));
#12246 = LINE('',#12247,#12248);
#12247 = CARTESIAN_POINT('',(116.373927,-73.189822,1.585));
#12248 = VECTOR('',#12249,1.);
#12249 = DIRECTION('',(-0.944615564107,0.328178969538,0.));
#12250 = ORIENTED_EDGE('',*,*,#12251,.T.);
#12251 = EDGE_CURVE('',#12244,#12252,#12254,.T.);
#12252 = VERTEX_POINT('',#12253);
#12253 = CARTESIAN_POINT('',(116.111821,-73.120614,1.585));
#12254 = LINE('',#12255,#12256);
#12255 = CARTESIAN_POINT('',(116.312477,-73.168473,1.585));
#12256 = VECTOR('',#12257,1.);
#12257 = DIRECTION('',(-0.972714646768,0.232004775734,0.));
#12258 = ORIENTED_EDGE('',*,*,#12259,.T.);
#12259 = EDGE_CURVE('',#12252,#12260,#12262,.T.);
#12260 = VERTEX_POINT('',#12261);
#12261 = CARTESIAN_POINT('',(116.015608,-73.092483,1.585));
#12262 = LINE('',#12263,#12264);
#12263 = CARTESIAN_POINT('',(116.111821,-73.120614,1.585));
#12264 = VECTOR('',#12265,1.);
#12265 = DIRECTION('',(-0.9598151006,0.280633163865,0.));
#12266 = ORIENTED_EDGE('',*,*,#12267,.T.);
#12267 = EDGE_CURVE('',#12260,#12268,#12270,.T.);
#12268 = VERTEX_POINT('',#12269);
#12269 = CARTESIAN_POINT('',(115.938503,-73.051214,1.585));
#12270 = LINE('',#12271,#12272);
#12271 = CARTESIAN_POINT('',(116.015608,-73.092483,1.585));
#12272 = VECTOR('',#12273,1.);
#12273 = DIRECTION('',(-0.881657204995,0.471890424654,0.));
#12274 = ORIENTED_EDGE('',*,*,#12275,.T.);
#12275 = EDGE_CURVE('',#12268,#12276,#12278,.T.);
#12276 = VERTEX_POINT('',#12277);
#12277 = CARTESIAN_POINT('',(115.810429,-72.858667,1.585));
#12278 = CIRCLE('',#12279,0.308436668205);
#12279 = AXIS2_PLACEMENT_3D('',#12280,#12281,#12282);
#12280 = CARTESIAN_POINT('',(116.11255137093,-72.79657633022,1.585));
#12281 = DIRECTION('',(0.,0.,-1.));
#12282 = DIRECTION('',(-0.564292086118,-0.825575218587,-0.));
#12283 = ORIENTED_EDGE('',*,*,#12284,.T.);
#12284 = EDGE_CURVE('',#12276,#12285,#12287,.T.);
#12285 = VERTEX_POINT('',#12286);
#12286 = CARTESIAN_POINT('',(115.802704,-72.782486,1.585));
#12287 = LINE('',#12288,#12289);
#12288 = CARTESIAN_POINT('',(115.810429,-72.858667,1.585));
#12289 = VECTOR('',#12290,1.);
#12290 = DIRECTION('',(-0.10088587818,0.994898004613,0.));
#12291 = ORIENTED_EDGE('',*,*,#12292,.T.);
#12292 = EDGE_CURVE('',#12285,#12293,#12295,.T.);
#12293 = VERTEX_POINT('',#12294);
#12294 = CARTESIAN_POINT('',(115.80841,-72.717011,1.585));
#12295 = LINE('',#12296,#12297);
#12296 = CARTESIAN_POINT('',(115.802704,-72.782486,1.585));
#12297 = VECTOR('',#12298,1.);
#12298 = DIRECTION('',(8.681870746076E-02,0.996224127411,0.));
#12299 = ORIENTED_EDGE('',*,*,#12300,.T.);
#12300 = EDGE_CURVE('',#12293,#12301,#12303,.T.);
#12301 = VERTEX_POINT('',#12302);
#12302 = CARTESIAN_POINT('',(115.909974,-72.537497,1.585));
#12303 = CIRCLE('',#12304,0.306902853148);
#12304 = AXIS2_PLACEMENT_3D('',#12305,#12306,#12307);
#12305 = CARTESIAN_POINT('',(116.11077491091,-72.76959257394,1.585));
#12306 = DIRECTION('',(0.,0.,-1.));
#12307 = DIRECTION('',(-0.985213750252,0.171329700621,0.));
#12308 = ORIENTED_EDGE('',*,*,#12309,.T.);
#12309 = EDGE_CURVE('',#12301,#12310,#12312,.T.);
#12310 = VERTEX_POINT('',#12311);
#12311 = CARTESIAN_POINT('',(115.972471,-72.493945,1.585));
#12312 = LINE('',#12313,#12314);
#12313 = CARTESIAN_POINT('',(115.909974,-72.537497,1.585));
#12314 = VECTOR('',#12315,1.);
#12315 = DIRECTION('',(0.820438286007,0.571735094999,0.));
#12316 = ORIENTED_EDGE('',*,*,#12317,.T.);
#12317 = EDGE_CURVE('',#12310,#11822,#12318,.T.);
#12318 = LINE('',#12319,#12320);
#12319 = CARTESIAN_POINT('',(115.972471,-72.493945,1.585));
#12320 = VECTOR('',#12321,1.);
#12321 = DIRECTION('',(0.918220473223,0.396069643567,0.));
#12322 = PLANE('',#12323);
#12323 = AXIS2_PLACEMENT_3D('',#12324,#12325,#12326);
#12324 = CARTESIAN_POINT('',(0.,0.,1.585));
#12325 = DIRECTION('',(0.,0.,1.));
#12326 = DIRECTION('',(1.,0.,-0.));
#12327 = SHELL_BASED_SURFACE_MODEL('',(#12328));
#12328 = OPEN_SHELL('',(#12329));
#12329 = ADVANCED_FACE('',(#12330,#12566),#12699,.T.);
#12330 = FACE_BOUND('',#12331,.F.);
#12331 = EDGE_LOOP('',(#12332,#12342,#12350,#12358,#12366,#12374,#12382,
    #12390,#12398,#12406,#12414,#12422,#12430,#12438,#12446,#12455,
    #12463,#12471,#12479,#12487,#12495,#12503,#12512,#12520,#12528,
    #12536,#12544,#12552,#12560));
#12332 = ORIENTED_EDGE('',*,*,#12333,.T.);
#12333 = EDGE_CURVE('',#12334,#12336,#12338,.T.);
#12334 = VERTEX_POINT('',#12335);
#12335 = CARTESIAN_POINT('',(119.206798,-72.524226,1.585));
#12336 = VERTEX_POINT('',#12337);
#12337 = CARTESIAN_POINT('',(119.199938,-72.458436,1.585));
#12338 = LINE('',#12339,#12340);
#12339 = CARTESIAN_POINT('',(119.206798,-72.524226,1.585));
#12340 = VECTOR('',#12341,1.);
#12341 = DIRECTION('',(-0.10370890371,0.994607693159,0.));
#12342 = ORIENTED_EDGE('',*,*,#12343,.T.);
#12343 = EDGE_CURVE('',#12336,#12344,#12346,.T.);
#12344 = VERTEX_POINT('',#12345);
#12345 = CARTESIAN_POINT('',(119.486924,-72.458436,1.585));
#12346 = LINE('',#12347,#12348);
#12347 = CARTESIAN_POINT('',(119.199938,-72.458436,1.585));
#12348 = VECTOR('',#12349,1.);
#12349 = DIRECTION('',(1.,0.,0.));
#12350 = ORIENTED_EDGE('',*,*,#12351,.T.);
#12351 = EDGE_CURVE('',#12344,#12352,#12354,.T.);
#12352 = VERTEX_POINT('',#12353);
#12353 = CARTESIAN_POINT('',(119.486013,-72.464977,1.585));
#12354 = LINE('',#12355,#12356);
#12355 = CARTESIAN_POINT('',(119.486924,-72.458436,1.585));
#12356 = VECTOR('',#12357,1.);
#12357 = DIRECTION('',(-0.137943874511,-0.990440047395,0.));
#12358 = ORIENTED_EDGE('',*,*,#12359,.T.);
#12359 = EDGE_CURVE('',#12352,#12360,#12362,.T.);
#12360 = VERTEX_POINT('',#12361);
#12361 = CARTESIAN_POINT('',(119.477956,-72.559113,1.585));
#12362 = LINE('',#12363,#12364);
#12363 = CARTESIAN_POINT('',(119.486013,-72.464977,1.585));
#12364 = VECTOR('',#12365,1.);
#12365 = DIRECTION('',(-8.527715764278E-02,-0.996357268446,0.));
#12366 = ORIENTED_EDGE('',*,*,#12367,.T.);
#12367 = EDGE_CURVE('',#12360,#12368,#12370,.T.);
#12368 = VERTEX_POINT('',#12369);
#12369 = CARTESIAN_POINT('',(119.4761,-73.458782,1.585));
#12370 = LINE('',#12371,#12372);
#12371 = CARTESIAN_POINT('',(119.477956,-72.559113,1.585));
#12372 = VECTOR('',#12373,1.);
#12373 = DIRECTION('',(-2.062976550876E-03,-0.999997872062,0.));
#12374 = ORIENTED_EDGE('',*,*,#12375,.T.);
#12375 = EDGE_CURVE('',#12368,#12376,#12378,.T.);
#12376 = VERTEX_POINT('',#12377);
#12377 = CARTESIAN_POINT('',(119.486924,-73.622986,1.585));
#12378 = LINE('',#12379,#12380);
#12379 = CARTESIAN_POINT('',(119.4761,-73.458782,1.585));
#12380 = VECTOR('',#12381,1.);
#12381 = DIRECTION('',(6.577525655839E-02,-0.997834463037,0.));
#12382 = ORIENTED_EDGE('',*,*,#12383,.T.);
#12383 = EDGE_CURVE('',#12376,#12384,#12386,.T.);
#12384 = VERTEX_POINT('',#12385);
#12385 = CARTESIAN_POINT('',(119.211113,-73.622986,1.585));
#12386 = LINE('',#12387,#12388);
#12387 = CARTESIAN_POINT('',(119.486924,-73.622986,1.585));
#12388 = VECTOR('',#12389,1.);
#12389 = DIRECTION('',(-1.,0.,0.));
#12390 = ORIENTED_EDGE('',*,*,#12391,.T.);
#12391 = EDGE_CURVE('',#12384,#12392,#12394,.T.);
#12392 = VERTEX_POINT('',#12393);
#12393 = CARTESIAN_POINT('',(119.212517,-73.549591,1.585));
#12394 = LINE('',#12395,#12396);
#12395 = CARTESIAN_POINT('',(119.211113,-73.622986,1.585));
#12396 = VECTOR('',#12397,1.);
#12397 = DIRECTION('',(1.912586941489E-02,0.99981708383,0.));
#12398 = ORIENTED_EDGE('',*,*,#12399,.T.);
#12399 = EDGE_CURVE('',#12392,#12400,#12402,.T.);
#12400 = VERTEX_POINT('',#12401);
#12401 = CARTESIAN_POINT('',(119.170083,-73.581323,1.585));
#12402 = LINE('',#12403,#12404);
#12403 = CARTESIAN_POINT('',(119.212517,-73.549591,1.585));
#12404 = VECTOR('',#12405,1.);
#12405 = DIRECTION('',(-0.800846211816,-0.598870056873,0.));
#12406 = ORIENTED_EDGE('',*,*,#12407,.T.);
#12407 = EDGE_CURVE('',#12400,#12408,#12410,.T.);
#12408 = VERTEX_POINT('',#12409);
#12409 = CARTESIAN_POINT('',(119.102645,-73.619345,1.585));
#12410 = LINE('',#12411,#12412);
#12411 = CARTESIAN_POINT('',(119.170083,-73.581323,1.585));
#12412 = VECTOR('',#12413,1.);
#12413 = DIRECTION('',(-0.87108871282,-0.491125701219,0.));
#12414 = ORIENTED_EDGE('',*,*,#12415,.T.);
#12415 = EDGE_CURVE('',#12408,#12416,#12418,.T.);
#12416 = VERTEX_POINT('',#12417);
#12417 = CARTESIAN_POINT('',(119.031162,-73.641683,1.585));
#12418 = LINE('',#12419,#12420);
#12419 = CARTESIAN_POINT('',(119.102645,-73.619345,1.585));
#12420 = VECTOR('',#12421,1.);
#12421 = DIRECTION('',(-0.954481641151,-0.298269671111,0.));
#12422 = ORIENTED_EDGE('',*,*,#12423,.T.);
#12423 = EDGE_CURVE('',#12416,#12424,#12426,.T.);
#12424 = VERTEX_POINT('',#12425);
#12425 = CARTESIAN_POINT('',(118.929684,-73.650341,1.585));
#12426 = LINE('',#12427,#12428);
#12427 = CARTESIAN_POINT('',(119.031162,-73.641683,1.585));
#12428 = VECTOR('',#12429,1.);
#12429 = DIRECTION('',(-0.996380086328,-8.501013803412E-02,0.));
#12430 = ORIENTED_EDGE('',*,*,#12431,.T.);
#12431 = EDGE_CURVE('',#12424,#12432,#12434,.T.);
#12432 = VERTEX_POINT('',#12433);
#12433 = CARTESIAN_POINT('',(118.821162,-73.638809,1.585));
#12434 = LINE('',#12435,#12436);
#12435 = CARTESIAN_POINT('',(118.929684,-73.650341,1.585));
#12436 = VECTOR('',#12437,1.);
#12437 = DIRECTION('',(-0.994401334378,0.105669230092,0.));
#12438 = ORIENTED_EDGE('',*,*,#12439,.T.);
#12439 = EDGE_CURVE('',#12432,#12440,#12442,.T.);
#12440 = VERTEX_POINT('',#12441);
#12441 = CARTESIAN_POINT('',(118.747177,-73.614442,1.585));
#12442 = LINE('',#12443,#12444);
#12443 = CARTESIAN_POINT('',(118.821162,-73.638809,1.585));
#12444 = VECTOR('',#12445,1.);
#12445 = DIRECTION('',(-0.949812059232,0.312821118433,0.));
#12446 = ORIENTED_EDGE('',*,*,#12447,.T.);
#12447 = EDGE_CURVE('',#12440,#12448,#12450,.T.);
#12448 = VERTEX_POINT('',#12449);
#12449 = CARTESIAN_POINT('',(118.584226,-73.465998,1.585));
#12450 = CIRCLE('',#12451,0.348097388546);
#12451 = AXIS2_PLACEMENT_3D('',#12452,#12453,#12454);
#12452 = CARTESIAN_POINT('',(118.88806194983,-73.29612891069,1.585));
#12453 = DIRECTION('',(0.,0.,-1.));
#12454 = DIRECTION('',(-0.404728545715,-0.914436878239,-0.));
#12455 = ORIENTED_EDGE('',*,*,#12456,.T.);
#12456 = EDGE_CURVE('',#12448,#12457,#12459,.T.);
#12457 = VERTEX_POINT('',#12458);
#12458 = CARTESIAN_POINT('',(118.550364,-73.390151,1.585));
#12459 = LINE('',#12460,#12461);
#12460 = CARTESIAN_POINT('',(118.584226,-73.465998,1.585));
#12461 = VECTOR('',#12462,1.);
#12462 = DIRECTION('',(-0.407668228342,0.913130119753,0.));
#12463 = ORIENTED_EDGE('',*,*,#12464,.T.);
#12464 = EDGE_CURVE('',#12457,#12465,#12467,.T.);
#12465 = VERTEX_POINT('',#12466);
#12466 = CARTESIAN_POINT('',(118.528642,-73.299861,1.585));
#12467 = LINE('',#12468,#12469);
#12468 = CARTESIAN_POINT('',(118.550364,-73.390151,1.585));
#12469 = VECTOR('',#12470,1.);
#12470 = DIRECTION('',(-0.233906439201,0.972259110371,0.));
#12471 = ORIENTED_EDGE('',*,*,#12472,.T.);
#12472 = EDGE_CURVE('',#12465,#12473,#12475,.T.);
#12473 = VERTEX_POINT('',#12474);
#12474 = CARTESIAN_POINT('',(118.520943,-73.194584,1.585));
#12475 = LINE('',#12476,#12477);
#12476 = CARTESIAN_POINT('',(118.528642,-73.299861,1.585));
#12477 = VECTOR('',#12478,1.);
#12478 = DIRECTION('',(-7.293610761279E-02,0.997336615294,0.));
#12479 = ORIENTED_EDGE('',*,*,#12480,.T.);
#12480 = EDGE_CURVE('',#12473,#12481,#12483,.T.);
#12481 = VERTEX_POINT('',#12482);
#12482 = CARTESIAN_POINT('',(118.533355,-73.065472,1.585));
#12483 = LINE('',#12484,#12485);
#12484 = CARTESIAN_POINT('',(118.520943,-73.194584,1.585));
#12485 = VECTOR('',#12486,1.);
#12486 = DIRECTION('',(9.569242758932E-02,0.995410949961,0.));
#12487 = ORIENTED_EDGE('',*,*,#12488,.T.);
#12488 = EDGE_CURVE('',#12481,#12489,#12491,.T.);
#12489 = VERTEX_POINT('',#12490);
#12490 = CARTESIAN_POINT('',(118.55784,-72.982807,1.585));
#12491 = LINE('',#12492,#12493);
#12492 = CARTESIAN_POINT('',(118.533355,-73.065472,1.585));
#12493 = VECTOR('',#12494,1.);
#12494 = DIRECTION('',(0.283999471702,0.958824436523,0.));
#12495 = ORIENTED_EDGE('',*,*,#12496,.T.);
#12496 = EDGE_CURVE('',#12489,#12497,#12499,.T.);
#12497 = VERTEX_POINT('',#12498);
#12498 = CARTESIAN_POINT('',(118.59399,-72.912238,1.585));
#12499 = LINE('',#12500,#12501);
#12500 = CARTESIAN_POINT('',(118.55784,-72.982807,1.585));
#12501 = VECTOR('',#12502,1.);
#12502 = DIRECTION('',(0.455924849196,0.890018276153,0.));
#12503 = ORIENTED_EDGE('',*,*,#12504,.T.);
#12504 = EDGE_CURVE('',#12497,#12505,#12507,.T.);
#12505 = VERTEX_POINT('',#12506);
#12506 = CARTESIAN_POINT('',(118.761817,-72.773664,1.585));
#12507 = CIRCLE('',#12508,0.350725723906);
#12508 = AXIS2_PLACEMENT_3D('',#12509,#12510,#12511);
#12509 = CARTESIAN_POINT('',(118.89019027337,-73.10005155505,1.585));
#12510 = DIRECTION('',(0.,0.,-1.));
#12511 = DIRECTION('',(-0.844535353947,0.535499800125,0.));
#12512 = ORIENTED_EDGE('',*,*,#12513,.T.);
#12513 = EDGE_CURVE('',#12505,#12514,#12516,.T.);
#12514 = VERTEX_POINT('',#12515);
#12515 = CARTESIAN_POINT('',(118.838833,-72.751449,1.585));
#12516 = LINE('',#12517,#12518);
#12517 = CARTESIAN_POINT('',(118.761817,-72.773664,1.585));
#12518 = VECTOR('',#12519,1.);
#12519 = DIRECTION('',(0.960827424519,0.277147362051,0.));
#12520 = ORIENTED_EDGE('',*,*,#12521,.T.);
#12521 = EDGE_CURVE('',#12514,#12522,#12524,.T.);
#12522 = VERTEX_POINT('',#12523);
#12523 = CARTESIAN_POINT('',(118.925532,-72.743712,1.585));
#12524 = LINE('',#12525,#12526);
#12525 = CARTESIAN_POINT('',(118.838833,-72.751449,1.585));
#12526 = VECTOR('',#12527,1.);
#12527 = DIRECTION('',(0.996041756695,8.888655084299E-02,0.));
#12528 = ORIENTED_EDGE('',*,*,#12529,.T.);
#12529 = EDGE_CURVE('',#12522,#12530,#12532,.T.);
#12530 = VERTEX_POINT('',#12531);
#12531 = CARTESIAN_POINT('',(118.979491,-72.74621,1.585));
#12532 = LINE('',#12533,#12534);
#12533 = CARTESIAN_POINT('',(118.925532,-72.743712,1.585));
#12534 = VECTOR('',#12535,1.);
#12535 = DIRECTION('',(0.998930133236,-4.624487986852E-02,0.));
#12536 = ORIENTED_EDGE('',*,*,#12537,.T.);
#12537 = EDGE_CURVE('',#12530,#12538,#12540,.T.);
#12538 = VERTEX_POINT('',#12539);
#12539 = CARTESIAN_POINT('',(119.056388,-72.760953,1.585));
#12540 = LINE('',#12541,#12542);
#12541 = CARTESIAN_POINT('',(118.979491,-72.74621,1.585));
#12542 = VECTOR('',#12543,1.);
#12543 = DIRECTION('',(0.982112601529,-0.188294550949,0.));
#12544 = ORIENTED_EDGE('',*,*,#12545,.T.);
#12545 = EDGE_CURVE('',#12538,#12546,#12548,.T.);
#12546 = VERTEX_POINT('',#12547);
#12547 = CARTESIAN_POINT('',(119.12972,-72.791422,1.585));
#12548 = LINE('',#12549,#12550);
#12549 = CARTESIAN_POINT('',(119.056388,-72.760953,1.585));
#12550 = VECTOR('',#12551,1.);
#12551 = DIRECTION('',(0.92346095445,-0.38369241015,0.));
#12552 = ORIENTED_EDGE('',*,*,#12553,.T.);
#12553 = EDGE_CURVE('',#12546,#12554,#12556,.T.);
#12554 = VERTEX_POINT('',#12555);
#12555 = CARTESIAN_POINT('',(119.212517,-72.847332,1.585));
#12556 = LINE('',#12557,#12558);
#12557 = CARTESIAN_POINT('',(119.12972,-72.791422,1.585));
#12558 = VECTOR('',#12559,1.);
#12559 = DIRECTION('',(0.828746430499,-0.559624297127,0.));
#12560 = ORIENTED_EDGE('',*,*,#12561,.T.);
#12561 = EDGE_CURVE('',#12554,#12334,#12562,.T.);
#12562 = LINE('',#12563,#12564);
#12563 = CARTESIAN_POINT('',(119.212517,-72.847332,1.585));
#12564 = VECTOR('',#12565,1.);
#12565 = DIRECTION('',(-1.769730166024E-02,0.999843390494,0.));
#12566 = FACE_BOUND('',#12567,.F.);
#12567 = EDGE_LOOP('',(#12568,#12579,#12587,#12595,#12603,#12611,#12619,
    #12627,#12636,#12644,#12653,#12661,#12669,#12677,#12685,#12693));
#12568 = ORIENTED_EDGE('',*,*,#12569,.T.);
#12569 = EDGE_CURVE('',#12570,#12572,#12574,.T.);
#12570 = VERTEX_POINT('',#12571);
#12571 = CARTESIAN_POINT('',(119.102273,-72.987213,1.585));
#12572 = VERTEX_POINT('',#12573);
#12573 = CARTESIAN_POINT('',(118.894072,-72.981996,1.585));
#12574 = CIRCLE('',#12575,0.216828030273);
#12575 = AXIS2_PLACEMENT_3D('',#12576,#12577,#12578);
#12576 = CARTESIAN_POINT('',(118.99340840908,-73.17473072064,1.585));
#12577 = DIRECTION('',(0.,0.,1.));
#12578 = DIRECTION('',(0.502078032902,0.864822322143,-0.));
#12579 = ORIENTED_EDGE('',*,*,#12580,.T.);
#12580 = EDGE_CURVE('',#12572,#12581,#12583,.T.);
#12581 = VERTEX_POINT('',#12582);
#12582 = CARTESIAN_POINT('',(118.8531,-73.014365,1.585));
#12583 = LINE('',#12584,#12585);
#12584 = CARTESIAN_POINT('',(118.894072,-72.981996,1.585));
#12585 = VECTOR('',#12586,1.);
#12586 = DIRECTION('',(-0.784671433482,-0.619911882026,0.));
#12587 = ORIENTED_EDGE('',*,*,#12588,.T.);
#12588 = EDGE_CURVE('',#12581,#12589,#12591,.T.);
#12589 = VERTEX_POINT('',#12590);
#12590 = CARTESIAN_POINT('',(118.82119,-73.060642,1.585));
#12591 = LINE('',#12592,#12593);
#12592 = CARTESIAN_POINT('',(118.8531,-73.014365,1.585));
#12593 = VECTOR('',#12594,1.);
#12594 = DIRECTION('',(-0.567670596908,-0.823255788565,0.));
#12595 = ORIENTED_EDGE('',*,*,#12596,.T.);
#12596 = EDGE_CURVE('',#12589,#12597,#12599,.T.);
#12597 = VERTEX_POINT('',#12598);
#12598 = CARTESIAN_POINT('',(118.800156,-73.121506,1.585));
#12599 = LINE('',#12600,#12601);
#12600 = CARTESIAN_POINT('',(118.82119,-73.060642,1.585));
#12601 = VECTOR('',#12602,1.);
#12602 = DIRECTION('',(-0.326634767973,-0.945150637915,0.));
#12603 = ORIENTED_EDGE('',*,*,#12604,.T.);
#12604 = EDGE_CURVE('',#12597,#12605,#12607,.T.);
#12605 = VERTEX_POINT('',#12606);
#12606 = CARTESIAN_POINT('',(118.793034,-73.217398,1.585));
#12607 = LINE('',#12608,#12609);
#12608 = CARTESIAN_POINT('',(118.800156,-73.121506,1.585));
#12609 = VECTOR('',#12610,1.);
#12610 = DIRECTION('',(-7.406705192884E-02,-0.997253263629,0.));
#12611 = ORIENTED_EDGE('',*,*,#12612,.T.);
#12612 = EDGE_CURVE('',#12605,#12613,#12615,.T.);
#12613 = VERTEX_POINT('',#12614);
#12614 = CARTESIAN_POINT('',(118.803414,-73.286514,1.585));
#12615 = LINE('',#12616,#12617);
#12616 = CARTESIAN_POINT('',(118.793034,-73.217398,1.585));
#12617 = VECTOR('',#12618,1.);
#12618 = DIRECTION('',(0.148516763986,-0.988909890139,0.));
#12619 = ORIENTED_EDGE('',*,*,#12620,.T.);
#12620 = EDGE_CURVE('',#12613,#12621,#12623,.T.);
#12621 = VERTEX_POINT('',#12622);
#12622 = CARTESIAN_POINT('',(118.825312,-73.341291,1.585));
#12623 = LINE('',#12624,#12625);
#12624 = CARTESIAN_POINT('',(118.803414,-73.286514,1.585));
#12625 = VECTOR('',#12626,1.);
#12626 = DIRECTION('',(0.371203617949,-0.928551492391,0.));
#12627 = ORIENTED_EDGE('',*,*,#12628,.T.);
#12628 = EDGE_CURVE('',#12621,#12629,#12631,.T.);
#12629 = VERTEX_POINT('',#12630);
#12630 = CARTESIAN_POINT('',(118.937518,-73.428658,1.585));
#12631 = CIRCLE('',#12632,0.182037320453);
#12632 = AXIS2_PLACEMENT_3D('',#12633,#12634,#12635);
#12633 = CARTESIAN_POINT('',(118.9843670769,-73.2527524855,1.585));
#12634 = DIRECTION('',(0.,0.,1.));
#12635 = DIRECTION('',(-0.873749825064,-0.486375619455,0.));
#12636 = ORIENTED_EDGE('',*,*,#12637,.T.);
#12637 = EDGE_CURVE('',#12629,#12638,#12640,.T.);
#12638 = VERTEX_POINT('',#12639);
#12639 = CARTESIAN_POINT('',(118.992698,-73.436202,1.585));
#12640 = LINE('',#12641,#12642);
#12641 = CARTESIAN_POINT('',(118.937518,-73.428658,1.585));
#12642 = VECTOR('',#12643,1.);
#12643 = DIRECTION('',(0.990783344325,-0.135456135368,0.));
#12644 = ORIENTED_EDGE('',*,*,#12645,.T.);
#12645 = EDGE_CURVE('',#12638,#12646,#12648,.T.);
#12646 = VERTEX_POINT('',#12647);
#12647 = CARTESIAN_POINT('',(119.179101,-73.319487,1.585));
#12648 = CIRCLE('',#12649,0.206007381221);
#12649 = AXIS2_PLACEMENT_3D('',#12650,#12651,#12652);
#12650 = CARTESIAN_POINT('',(118.99345036809,-73.23019599266,1.585));
#12651 = DIRECTION('',(0.,0.,1.));
#12652 = DIRECTION('',(-3.65214145522E-03,-0.999993330909,0.));
#12653 = ORIENTED_EDGE('',*,*,#12654,.T.);
#12654 = EDGE_CURVE('',#12646,#12655,#12657,.T.);
#12655 = VERTEX_POINT('',#12656);
#12656 = CARTESIAN_POINT('',(119.200766,-73.259569,1.585));
#12657 = LINE('',#12658,#12659);
#12658 = CARTESIAN_POINT('',(119.179101,-73.319487,1.585));
#12659 = VECTOR('',#12660,1.);
#12660 = DIRECTION('',(0.340032428424,0.940413710885,0.));
#12661 = ORIENTED_EDGE('',*,*,#12662,.T.);
#12662 = EDGE_CURVE('',#12655,#12663,#12665,.T.);
#12663 = VERTEX_POINT('',#12664);
#12664 = CARTESIAN_POINT('',(119.208304,-73.191406,1.585));
#12665 = LINE('',#12666,#12667);
#12666 = CARTESIAN_POINT('',(119.200766,-73.259569,1.585));
#12667 = VECTOR('',#12668,1.);
#12668 = DIRECTION('',(0.109917768862,0.993940684391,0.));
#12669 = ORIENTED_EDGE('',*,*,#12670,.T.);
#12670 = EDGE_CURVE('',#12663,#12671,#12673,.T.);
#12671 = VERTEX_POINT('',#12672);
#12672 = CARTESIAN_POINT('',(119.200678,-73.125612,1.585));
#12673 = LINE('',#12674,#12675);
#12674 = CARTESIAN_POINT('',(119.208304,-73.191406,1.585));
#12675 = VECTOR('',#12676,1.);
#12676 = DIRECTION('',(-0.115136406674,0.993349690622,0.));
#12677 = ORIENTED_EDGE('',*,*,#12678,.T.);
#12678 = EDGE_CURVE('',#12671,#12679,#12681,.T.);
#12679 = VERTEX_POINT('',#12680);
#12680 = CARTESIAN_POINT('',(119.179177,-73.068541,1.585));
#12681 = LINE('',#12682,#12683);
#12682 = CARTESIAN_POINT('',(119.200678,-73.125612,1.585));
#12683 = VECTOR('',#12684,1.);
#12684 = DIRECTION('',(-0.352551592234,0.935792378048,0.));
#12685 = ORIENTED_EDGE('',*,*,#12686,.T.);
#12686 = EDGE_CURVE('',#12679,#12687,#12689,.T.);
#12687 = VERTEX_POINT('',#12688);
#12688 = CARTESIAN_POINT('',(119.145745,-73.021952,1.585));
#12689 = LINE('',#12690,#12691);
#12690 = CARTESIAN_POINT('',(119.179177,-73.068541,1.585));
#12691 = VECTOR('',#12692,1.);
#12692 = DIRECTION('',(-0.583016747615,0.812460135638,0.));
#12693 = ORIENTED_EDGE('',*,*,#12694,.T.);
#12694 = EDGE_CURVE('',#12687,#12570,#12695,.T.);
#12695 = LINE('',#12696,#12697);
#12696 = CARTESIAN_POINT('',(119.145745,-73.021952,1.585));
#12697 = VECTOR('',#12698,1.);
#12698 = DIRECTION('',(-0.781207063439,0.624271995234,0.));
#12699 = PLANE('',#12700);
#12700 = AXIS2_PLACEMENT_3D('',#12701,#12702,#12703);
#12701 = CARTESIAN_POINT('',(0.,0.,1.585));
#12702 = DIRECTION('',(0.,0.,1.));
#12703 = DIRECTION('',(1.,0.,-0.));
#12704 = SHELL_BASED_SURFACE_MODEL('',(#12705));
#12705 = OPEN_SHELL('',(#12706));
#12706 = ADVANCED_FACE('',(#12707),#12957,.T.);
#12707 = FACE_BOUND('',#12708,.F.);
#12708 = EDGE_LOOP('',(#12709,#12719,#12727,#12735,#12743,#12751,#12759,
    #12767,#12775,#12783,#12791,#12799,#12807,#12815,#12823,#12831,
    #12839,#12847,#12855,#12863,#12871,#12879,#12887,#12895,#12903,
    #12911,#12919,#12927,#12935,#12943,#12951));
#12709 = ORIENTED_EDGE('',*,*,#12710,.T.);
#12710 = EDGE_CURVE('',#12711,#12713,#12715,.T.);
#12711 = VERTEX_POINT('',#12712);
#12712 = CARTESIAN_POINT('',(116.967164,-72.623925,1.585));
#12713 = VERTEX_POINT('',#12714);
#12714 = CARTESIAN_POINT('',(116.959743,-72.549905,1.585));
#12715 = LINE('',#12716,#12717);
#12716 = CARTESIAN_POINT('',(116.967164,-72.623925,1.585));
#12717 = VECTOR('',#12718,1.);
#12718 = DIRECTION('',(-9.975659401732E-02,0.995011870256,0.));
#12719 = ORIENTED_EDGE('',*,*,#12720,.T.);
#12720 = EDGE_CURVE('',#12713,#12721,#12723,.T.);
#12721 = VERTEX_POINT('',#12722);
#12722 = CARTESIAN_POINT('',(117.245324,-72.549905,1.585));
#12723 = LINE('',#12724,#12725);
#12724 = CARTESIAN_POINT('',(116.959743,-72.549905,1.585));
#12725 = VECTOR('',#12726,1.);
#12726 = DIRECTION('',(1.,0.,0.));
#12727 = ORIENTED_EDGE('',*,*,#12728,.T.);
#12728 = EDGE_CURVE('',#12721,#12729,#12731,.T.);
#12729 = VERTEX_POINT('',#12730);
#12730 = CARTESIAN_POINT('',(117.241222,-72.587936,1.585));
#12731 = LINE('',#12732,#12733);
#12732 = CARTESIAN_POINT('',(117.245324,-72.549905,1.585));
#12733 = VECTOR('',#12734,1.);
#12734 = DIRECTION('',(-0.107237400665,-0.994233443362,0.));
#12735 = ORIENTED_EDGE('',*,*,#12736,.T.);
#12736 = EDGE_CURVE('',#12729,#12737,#12739,.T.);
#12737 = VERTEX_POINT('',#12738);
#12738 = CARTESIAN_POINT('',(117.234089,-72.771067,1.585));
#12739 = LINE('',#12740,#12741);
#12740 = CARTESIAN_POINT('',(117.241222,-72.587936,1.585));
#12741 = VECTOR('',#12742,1.);
#12742 = DIRECTION('',(-3.892074706453E-02,-0.99924230067,0.));
#12743 = ORIENTED_EDGE('',*,*,#12744,.T.);
#12744 = EDGE_CURVE('',#12737,#12745,#12747,.T.);
#12745 = VERTEX_POINT('',#12746);
#12746 = CARTESIAN_POINT('',(117.36216,-72.769582,1.585));
#12747 = LINE('',#12748,#12749);
#12748 = CARTESIAN_POINT('',(117.234089,-72.771067,1.585));
#12749 = VECTOR('',#12750,1.);
#12750 = DIRECTION('',(0.999932783248,1.159435143886E-02,0.));
#12751 = ORIENTED_EDGE('',*,*,#12752,.T.);
#12752 = EDGE_CURVE('',#12745,#12753,#12755,.T.);
#12753 = VERTEX_POINT('',#12754);
#12754 = CARTESIAN_POINT('',(117.421728,-72.764106,1.585));
#12755 = LINE('',#12756,#12757);
#12756 = CARTESIAN_POINT('',(117.36216,-72.769582,1.585));
#12757 = VECTOR('',#12758,1.);
#12758 = DIRECTION('',(0.995801164801,9.154255940185E-02,0.));
#12759 = ORIENTED_EDGE('',*,*,#12760,.T.);
#12760 = EDGE_CURVE('',#12753,#12761,#12763,.T.);
#12761 = VERTEX_POINT('',#12762);
#12762 = CARTESIAN_POINT('',(117.421728,-72.996442,1.585));
#12763 = LINE('',#12764,#12765);
#12764 = CARTESIAN_POINT('',(117.421728,-72.764106,1.585));
#12765 = VECTOR('',#12766,1.);
#12766 = DIRECTION('',(0.,-1.,0.));
#12767 = ORIENTED_EDGE('',*,*,#12768,.T.);
#12768 = EDGE_CURVE('',#12761,#12769,#12771,.T.);
#12769 = VERTEX_POINT('',#12770);
#12770 = CARTESIAN_POINT('',(117.29289,-72.988077,1.585));
#12771 = LINE('',#12772,#12773);
#12772 = CARTESIAN_POINT('',(117.421728,-72.996442,1.585));
#12773 = VECTOR('',#12774,1.);
#12774 = DIRECTION('',(-0.997898915438,6.47900807808E-02,0.));
#12775 = ORIENTED_EDGE('',*,*,#12776,.T.);
#12776 = EDGE_CURVE('',#12769,#12777,#12779,.T.);
#12777 = VERTEX_POINT('',#12778);
#12778 = CARTESIAN_POINT('',(117.234089,-72.988077,1.585));
#12779 = LINE('',#12780,#12781);
#12780 = CARTESIAN_POINT('',(117.29289,-72.988077,1.585));
#12781 = VECTOR('',#12782,1.);
#12782 = DIRECTION('',(-1.,0.,0.));
#12783 = ORIENTED_EDGE('',*,*,#12784,.T.);
#12784 = EDGE_CURVE('',#12777,#12785,#12787,.T.);
#12785 = VERTEX_POINT('',#12786);
#12786 = CARTESIAN_POINT('',(117.234281,-73.355085,1.585));
#12787 = LINE('',#12788,#12789);
#12788 = CARTESIAN_POINT('',(117.234089,-72.988077,1.585));
#12789 = VECTOR('',#12790,1.);
#12790 = DIRECTION('',(5.231492875486E-04,-0.999999863157,0.));
#12791 = ORIENTED_EDGE('',*,*,#12792,.T.);
#12792 = EDGE_CURVE('',#12785,#12793,#12795,.T.);
#12793 = VERTEX_POINT('',#12794);
#12794 = CARTESIAN_POINT('',(117.240789,-73.392387,1.585));
#12795 = LINE('',#12796,#12797);
#12796 = CARTESIAN_POINT('',(117.234281,-73.355085,1.585));
#12797 = VECTOR('',#12798,1.);
#12798 = DIRECTION('',(0.171871661674,-0.985119349071,0.));
#12799 = ORIENTED_EDGE('',*,*,#12800,.T.);
#12800 = EDGE_CURVE('',#12793,#12801,#12803,.T.);
#12801 = VERTEX_POINT('',#12802);
#12802 = CARTESIAN_POINT('',(117.259307,-73.415563,1.585));
#12803 = LINE('',#12804,#12805);
#12804 = CARTESIAN_POINT('',(117.240789,-73.392387,1.585));
#12805 = VECTOR('',#12806,1.);
#12806 = DIRECTION('',(0.624226295458,-0.781243580491,0.));
#12807 = ORIENTED_EDGE('',*,*,#12808,.T.);
#12808 = EDGE_CURVE('',#12801,#12809,#12811,.T.);
#12809 = VERTEX_POINT('',#12810);
#12810 = CARTESIAN_POINT('',(117.298107,-73.428996,1.585));
#12811 = LINE('',#12812,#12813);
#12812 = CARTESIAN_POINT('',(117.259307,-73.415563,1.585));
#12813 = VECTOR('',#12814,1.);
#12814 = DIRECTION('',(0.944969277946,-0.327159080171,0.));
#12815 = ORIENTED_EDGE('',*,*,#12816,.T.);
#12816 = EDGE_CURVE('',#12809,#12817,#12819,.T.);
#12817 = VERTEX_POINT('',#12818);
#12818 = CARTESIAN_POINT('',(117.358382,-73.428272,1.585));
#12819 = LINE('',#12820,#12821);
#12820 = CARTESIAN_POINT('',(117.298107,-73.428996,1.585));
#12821 = VECTOR('',#12822,1.);
#12822 = DIRECTION('',(0.999927868377,1.201074702108E-02,0.));
#12823 = ORIENTED_EDGE('',*,*,#12824,.T.);
#12824 = EDGE_CURVE('',#12817,#12825,#12827,.T.);
#12825 = VERTEX_POINT('',#12826);
#12826 = CARTESIAN_POINT('',(117.421728,-73.405793,1.585));
#12827 = LINE('',#12828,#12829);
#12828 = CARTESIAN_POINT('',(117.358382,-73.428272,1.585));
#12829 = VECTOR('',#12830,1.);
#12830 = DIRECTION('',(0.942421241614,0.334428173685,0.));
#12831 = ORIENTED_EDGE('',*,*,#12832,.T.);
#12832 = EDGE_CURVE('',#12825,#12833,#12835,.T.);
#12833 = VERTEX_POINT('',#12834);
#12834 = CARTESIAN_POINT('',(117.442733,-73.618468,1.585));
#12835 = LINE('',#12836,#12837);
#12836 = CARTESIAN_POINT('',(117.421728,-73.405793,1.585));
#12837 = VECTOR('',#12838,1.);
#12838 = DIRECTION('',(9.82875047453E-02,-0.995158061019,0.));
#12839 = ORIENTED_EDGE('',*,*,#12840,.T.);
#12840 = EDGE_CURVE('',#12833,#12841,#12843,.T.);
#12841 = VERTEX_POINT('',#12842);
#12842 = CARTESIAN_POINT('',(117.361585,-73.638119,1.585));
#12843 = LINE('',#12844,#12845);
#12844 = CARTESIAN_POINT('',(117.442733,-73.618468,1.585));
#12845 = VECTOR('',#12846,1.);
#12846 = DIRECTION('',(-0.971908330039,-0.235359720432,0.));
#12847 = ORIENTED_EDGE('',*,*,#12848,.T.);
#12848 = EDGE_CURVE('',#12841,#12849,#12851,.T.);
#12849 = VERTEX_POINT('',#12850);
#12850 = CARTESIAN_POINT('',(117.249537,-73.646434,1.585));
#12851 = LINE('',#12852,#12853);
#12852 = CARTESIAN_POINT('',(117.361585,-73.638119,1.585));
#12853 = VECTOR('',#12854,1.);
#12854 = DIRECTION('',(-0.997257813078,-7.400577177402E-02,0.));
#12855 = ORIENTED_EDGE('',*,*,#12856,.T.);
#12856 = EDGE_CURVE('',#12849,#12857,#12859,.T.);
#12857 = VERTEX_POINT('',#12858);
#12858 = CARTESIAN_POINT('',(117.156619,-73.640149,1.585));
#12859 = LINE('',#12860,#12861);
#12860 = CARTESIAN_POINT('',(117.249537,-73.646434,1.585));
#12861 = VECTOR('',#12862,1.);
#12862 = DIRECTION('',(-0.997720215813,6.748607973043E-02,0.));
#12863 = ORIENTED_EDGE('',*,*,#12864,.T.);
#12864 = EDGE_CURVE('',#12857,#12865,#12867,.T.);
#12865 = VERTEX_POINT('',#12866);
#12866 = CARTESIAN_POINT('',(117.091665,-73.623529,1.585));
#12867 = LINE('',#12868,#12869);
#12868 = CARTESIAN_POINT('',(117.156619,-73.640149,1.585));
#12869 = VECTOR('',#12870,1.);
#12870 = DIRECTION('',(-0.968788878204,0.247887291864,0.));
#12871 = ORIENTED_EDGE('',*,*,#12872,.T.);
#12872 = EDGE_CURVE('',#12865,#12873,#12875,.T.);
#12873 = VERTEX_POINT('',#12874);
#12874 = CARTESIAN_POINT('',(117.031805,-73.587764,1.585));
#12875 = LINE('',#12876,#12877);
#12876 = CARTESIAN_POINT('',(117.091665,-73.623529,1.585));
#12877 = VECTOR('',#12878,1.);
#12878 = DIRECTION('',(-0.858446804995,0.512902605758,0.));
#12879 = ORIENTED_EDGE('',*,*,#12880,.T.);
#12880 = EDGE_CURVE('',#12873,#12881,#12883,.T.);
#12881 = VERTEX_POINT('',#12882);
#12882 = CARTESIAN_POINT('',(116.99968,-73.550656,1.585));
#12883 = LINE('',#12884,#12885);
#12884 = CARTESIAN_POINT('',(117.031805,-73.587764,1.585));
#12885 = VECTOR('',#12886,1.);
#12886 = DIRECTION('',(-0.654520114421,0.756044588512,0.));
#12887 = ORIENTED_EDGE('',*,*,#12888,.T.);
#12888 = EDGE_CURVE('',#12881,#12889,#12891,.T.);
#12889 = VERTEX_POINT('',#12890);
#12890 = CARTESIAN_POINT('',(116.979411,-73.501209,1.585));
#12891 = LINE('',#12892,#12893);
#12892 = CARTESIAN_POINT('',(116.99968,-73.550656,1.585));
#12893 = VECTOR('',#12894,1.);
#12894 = DIRECTION('',(-0.379284876169,0.925279948291,0.));
#12895 = ORIENTED_EDGE('',*,*,#12896,.T.);
#12896 = EDGE_CURVE('',#12889,#12897,#12899,.T.);
#12897 = VERTEX_POINT('',#12898);
#12898 = CARTESIAN_POINT('',(116.970917,-73.414159,1.585));
#12899 = LINE('',#12900,#12901);
#12900 = CARTESIAN_POINT('',(116.979411,-73.501209,1.585));
#12901 = VECTOR('',#12902,1.);
#12902 = DIRECTION('',(-9.711488085579E-02,0.995273178538,0.));
#12903 = ORIENTED_EDGE('',*,*,#12904,.T.);
#12904 = EDGE_CURVE('',#12897,#12905,#12907,.T.);
#12905 = VERTEX_POINT('',#12906);
#12906 = CARTESIAN_POINT('',(116.970917,-72.988077,1.585));
#12907 = LINE('',#12908,#12909);
#12908 = CARTESIAN_POINT('',(116.970917,-73.414159,1.585));
#12909 = VECTOR('',#12910,1.);
#12910 = DIRECTION('',(0.,1.,0.));
#12911 = ORIENTED_EDGE('',*,*,#12912,.T.);
#12912 = EDGE_CURVE('',#12905,#12913,#12915,.T.);
#12913 = VERTEX_POINT('',#12914);
#12914 = CARTESIAN_POINT('',(116.855245,-72.990176,1.585));
#12915 = LINE('',#12916,#12917);
#12916 = CARTESIAN_POINT('',(116.970917,-72.988077,1.585));
#12917 = VECTOR('',#12918,1.);
#12918 = DIRECTION('',(-0.999835399498,-1.81431504906E-02,0.));
#12919 = ORIENTED_EDGE('',*,*,#12920,.T.);
#12920 = EDGE_CURVE('',#12913,#12921,#12923,.T.);
#12921 = VERTEX_POINT('',#12922);
#12922 = CARTESIAN_POINT('',(116.795917,-72.996442,1.585));
#12923 = LINE('',#12924,#12925);
#12924 = CARTESIAN_POINT('',(116.855245,-72.990176,1.585));
#12925 = VECTOR('',#12926,1.);
#12926 = DIRECTION('',(-0.994468836877,-0.105032054542,0.));
#12927 = ORIENTED_EDGE('',*,*,#12928,.T.);
#12928 = EDGE_CURVE('',#12921,#12929,#12931,.T.);
#12929 = VERTEX_POINT('',#12930);
#12930 = CARTESIAN_POINT('',(116.795917,-72.762702,1.585));
#12931 = LINE('',#12932,#12933);
#12932 = CARTESIAN_POINT('',(116.795917,-72.996442,1.585));
#12933 = VECTOR('',#12934,1.);
#12934 = DIRECTION('',(0.,1.,0.));
#12935 = ORIENTED_EDGE('',*,*,#12936,.T.);
#12936 = EDGE_CURVE('',#12929,#12937,#12939,.T.);
#12937 = VERTEX_POINT('',#12938);
#12938 = CARTESIAN_POINT('',(116.920542,-72.771067,1.585));
#12939 = LINE('',#12940,#12941);
#12940 = CARTESIAN_POINT('',(116.795917,-72.762702,1.585));
#12941 = VECTOR('',#12942,1.);
#12942 = DIRECTION('',(0.997754944349,-6.697067289448E-02,0.));
#12943 = ORIENTED_EDGE('',*,*,#12944,.T.);
#12944 = EDGE_CURVE('',#12937,#12945,#12947,.T.);
#12945 = VERTEX_POINT('',#12946);
#12946 = CARTESIAN_POINT('',(116.970917,-72.771067,1.585));
#12947 = LINE('',#12948,#12949);
#12948 = CARTESIAN_POINT('',(116.920542,-72.771067,1.585));
#12949 = VECTOR('',#12950,1.);
#12950 = DIRECTION('',(1.,0.,0.));
#12951 = ORIENTED_EDGE('',*,*,#12952,.T.);
#12952 = EDGE_CURVE('',#12945,#12711,#12953,.T.);
#12953 = LINE('',#12954,#12955);
#12954 = CARTESIAN_POINT('',(116.970917,-72.771067,1.585));
#12955 = VECTOR('',#12956,1.);
#12956 = DIRECTION('',(-2.549768135146E-02,0.999674881272,0.));
#12957 = PLANE('',#12958);
#12958 = AXIS2_PLACEMENT_3D('',#12959,#12960,#12961);
#12959 = CARTESIAN_POINT('',(0.,0.,1.585));
#12960 = DIRECTION('',(0.,0.,1.));
#12961 = DIRECTION('',(1.,0.,-0.));
#12962 = SHELL_BASED_SURFACE_MODEL('',(#12963));
#12963 = OPEN_SHELL('',(#12964));
#12964 = ADVANCED_FACE('',(#12965),#13209,.T.);
#12965 = FACE_BOUND('',#12966,.F.);
#12966 = EDGE_LOOP('',(#12967,#12977,#12985,#12993,#13002,#13010,#13018,
    #13026,#13034,#13042,#13050,#13058,#13066,#13074,#13082,#13090,
    #13098,#13106,#13114,#13122,#13130,#13138,#13146,#13154,#13162,
    #13170,#13178,#13186,#13195,#13203));
#12967 = ORIENTED_EDGE('',*,*,#12968,.T.);
#12968 = EDGE_CURVE('',#12969,#12971,#12973,.T.);
#12969 = VERTEX_POINT('',#12970);
#12970 = CARTESIAN_POINT('',(117.536094,-72.846891,1.585));
#12971 = VERTEX_POINT('',#12972);
#12972 = CARTESIAN_POINT('',(117.529134,-72.771067,1.585));
#12973 = LINE('',#12974,#12975);
#12974 = CARTESIAN_POINT('',(117.536094,-72.846891,1.585));
#12975 = VECTOR('',#12976,1.);
#12976 = DIRECTION('',(-9.140724074748E-02,0.995813595177,0.));
#12977 = ORIENTED_EDGE('',*,*,#12978,.T.);
#12978 = EDGE_CURVE('',#12971,#12979,#12981,.T.);
#12979 = VERTEX_POINT('',#12980);
#12980 = CARTESIAN_POINT('',(117.820333,-72.771067,1.585));
#12981 = LINE('',#12982,#12983);
#12982 = CARTESIAN_POINT('',(117.529134,-72.771067,1.585));
#12983 = VECTOR('',#12984,1.);
#12984 = DIRECTION('',(1.,0.,0.));
#12985 = ORIENTED_EDGE('',*,*,#12986,.T.);
#12986 = EDGE_CURVE('',#12979,#12987,#12989,.T.);
#12987 = VERTEX_POINT('',#12988);
#12988 = CARTESIAN_POINT('',(117.819422,-72.778439,1.585));
#12989 = LINE('',#12990,#12991);
#12990 = CARTESIAN_POINT('',(117.820333,-72.771067,1.585));
#12991 = VECTOR('',#12992,1.);
#12992 = DIRECTION('',(-0.122642803675,-0.992450876722,0.));
#12993 = ORIENTED_EDGE('',*,*,#12994,.T.);
#12994 = EDGE_CURVE('',#12987,#12995,#12997,.T.);
#12995 = VERTEX_POINT('',#12996);
#12996 = CARTESIAN_POINT('',(117.814084,-73.330973,1.585));
#12997 = CIRCLE('',#12998,3.041490861655);
#12998 = AXIS2_PLACEMENT_3D('',#12999,#13000,#13001);
#12999 = CARTESIAN_POINT('',(120.84552831134,-73.08396682849,1.585));
#13000 = DIRECTION('',(0.,0.,1.));
#13001 = DIRECTION('',(-0.994941773291,0.10045331135,0.));
#13002 = ORIENTED_EDGE('',*,*,#13003,.T.);
#13003 = EDGE_CURVE('',#12995,#13004,#13006,.T.);
#13004 = VERTEX_POINT('',#13005);
#13005 = CARTESIAN_POINT('',(117.831507,-73.369767,1.585));
#13006 = LINE('',#13007,#13008);
#13007 = CARTESIAN_POINT('',(117.814084,-73.330973,1.585));
#13008 = VECTOR('',#13009,1.);
#13009 = DIRECTION('',(0.409693839728,-0.912223085484,0.));
#13010 = ORIENTED_EDGE('',*,*,#13011,.T.);
#13011 = EDGE_CURVE('',#13004,#13012,#13014,.T.);
#13012 = VERTEX_POINT('',#13013);
#13013 = CARTESIAN_POINT('',(117.857173,-73.39252,1.585));
#13014 = LINE('',#13015,#13016);
#13015 = CARTESIAN_POINT('',(117.831507,-73.369767,1.585));
#13016 = VECTOR('',#13017,1.);
#13017 = DIRECTION('',(0.748294968818,-0.663366142972,0.));
#13018 = ORIENTED_EDGE('',*,*,#13019,.T.);
#13019 = EDGE_CURVE('',#13012,#13020,#13022,.T.);
#13020 = VERTEX_POINT('',#13021);
#13021 = CARTESIAN_POINT('',(117.897557,-73.406859,1.585));
#13022 = LINE('',#13023,#13024);
#13023 = CARTESIAN_POINT('',(117.857173,-73.39252,1.585));
#13024 = VECTOR('',#13025,1.);
#13025 = DIRECTION('',(0.942360115144,-0.334600378641,0.));
#13026 = ORIENTED_EDGE('',*,*,#13027,.T.);
#13027 = EDGE_CURVE('',#13020,#13028,#13030,.T.);
#13028 = VERTEX_POINT('',#13029);
#13029 = CARTESIAN_POINT('',(117.950889,-73.40636,1.585));
#13030 = LINE('',#13031,#13032);
#13031 = CARTESIAN_POINT('',(117.897557,-73.406859,1.585));
#13032 = VECTOR('',#13033,1.);
#13033 = DIRECTION('',(0.999956230978,9.356074387775E-03,0.));
#13034 = ORIENTED_EDGE('',*,*,#13035,.T.);
#13035 = EDGE_CURVE('',#13028,#13036,#13038,.T.);
#13036 = VERTEX_POINT('',#13037);
#13037 = CARTESIAN_POINT('',(118.005277,-73.388443,1.585));
#13038 = LINE('',#13039,#13040);
#13039 = CARTESIAN_POINT('',(117.950889,-73.40636,1.585));
#13040 = VECTOR('',#13041,1.);
#13041 = DIRECTION('',(0.94978983567,0.312888587293,0.));
#13042 = ORIENTED_EDGE('',*,*,#13043,.T.);
#13043 = EDGE_CURVE('',#13036,#13044,#13046,.T.);
#13044 = VERTEX_POINT('',#13045);
#13045 = CARTESIAN_POINT('',(118.059595,-73.352276,1.585));
#13046 = LINE('',#13047,#13048);
#13047 = CARTESIAN_POINT('',(118.005277,-73.388443,1.585));
#13048 = VECTOR('',#13049,1.);
#13049 = DIRECTION('',(0.83236842484,0.55422270373,0.));
#13050 = ORIENTED_EDGE('',*,*,#13051,.T.);
#13051 = EDGE_CURVE('',#13044,#13052,#13054,.T.);
#13052 = VERTEX_POINT('',#13053);
#13053 = CARTESIAN_POINT('',(118.110035,-73.298344,1.585));
#13054 = LINE('',#13055,#13056);
#13055 = CARTESIAN_POINT('',(118.059595,-73.352276,1.585));
#13056 = VECTOR('',#13057,1.);
#13057 = DIRECTION('',(0.683066732231,0.730355967539,0.));
#13058 = ORIENTED_EDGE('',*,*,#13059,.T.);
#13059 = EDGE_CURVE('',#13052,#13060,#13062,.T.);
#13060 = VERTEX_POINT('',#13061);
#13061 = CARTESIAN_POINT('',(118.132536,-73.265354,1.585));
#13062 = LINE('',#13063,#13064);
#13063 = CARTESIAN_POINT('',(118.110035,-73.298344,1.585));
#13064 = VECTOR('',#13065,1.);
#13065 = DIRECTION('',(0.563470468893,0.826136205892,0.));
#13066 = ORIENTED_EDGE('',*,*,#13067,.T.);
#13067 = EDGE_CURVE('',#13060,#13068,#13070,.T.);
#13068 = VERTEX_POINT('',#13069);
#13069 = CARTESIAN_POINT('',(118.128961,-72.854423,1.585));
#13070 = LINE('',#13071,#13072);
#13071 = CARTESIAN_POINT('',(118.132536,-73.265354,1.585));
#13072 = VECTOR('',#13073,1.);
#13073 = DIRECTION('',(-8.69942817492E-03,0.999962159259,0.));
#13074 = ORIENTED_EDGE('',*,*,#13075,.T.);
#13075 = EDGE_CURVE('',#13068,#13076,#13078,.T.);
#13076 = VERTEX_POINT('',#13077);
#13077 = CARTESIAN_POINT('',(118.121301,-72.771067,1.585));
#13078 = LINE('',#13079,#13080);
#13079 = CARTESIAN_POINT('',(118.128961,-72.854423,1.585));
#13080 = VECTOR('',#13081,1.);
#13081 = DIRECTION('',(-9.150943237756E-02,0.995804209564,0.));
#13082 = ORIENTED_EDGE('',*,*,#13083,.T.);
#13083 = EDGE_CURVE('',#13076,#13084,#13086,.T.);
#13084 = VERTEX_POINT('',#13085);
#13085 = CARTESIAN_POINT('',(118.411095,-72.771067,1.585));
#13086 = LINE('',#13087,#13088);
#13087 = CARTESIAN_POINT('',(118.121301,-72.771067,1.585));
#13088 = VECTOR('',#13089,1.);
#13089 = DIRECTION('',(1.,0.,0.));
#13090 = ORIENTED_EDGE('',*,*,#13091,.T.);
#13091 = EDGE_CURVE('',#13084,#13092,#13094,.T.);
#13092 = VERTEX_POINT('',#13093);
#13093 = CARTESIAN_POINT('',(118.402182,-72.871919,1.585));
#13094 = LINE('',#13095,#13096);
#13095 = CARTESIAN_POINT('',(118.411095,-72.771067,1.585));
#13096 = VECTOR('',#13097,1.);
#13097 = DIRECTION('',(-8.803390206305E-02,-0.996117479059,0.));
#13098 = ORIENTED_EDGE('',*,*,#13099,.T.);
#13099 = EDGE_CURVE('',#13092,#13100,#13102,.T.);
#13100 = VERTEX_POINT('',#13101);
#13101 = CARTESIAN_POINT('',(118.4009,-73.49303,1.585));
#13102 = LINE('',#13103,#13104);
#13103 = CARTESIAN_POINT('',(118.402182,-72.871919,1.585));
#13104 = VECTOR('',#13105,1.);
#13105 = DIRECTION('',(-2.064038906373E-03,-0.999997869869,0.));
#13106 = ORIENTED_EDGE('',*,*,#13107,.T.);
#13107 = EDGE_CURVE('',#13100,#13108,#13110,.T.);
#13108 = VERTEX_POINT('',#13109);
#13109 = CARTESIAN_POINT('',(118.411095,-73.620177,1.585));
#13110 = LINE('',#13111,#13112);
#13111 = CARTESIAN_POINT('',(118.4009,-73.49303,1.585));
#13112 = VECTOR('',#13113,1.);
#13113 = DIRECTION('',(7.992625813563E-02,-0.996800779123,0.));
#13114 = ORIENTED_EDGE('',*,*,#13115,.T.);
#13115 = EDGE_CURVE('',#13108,#13116,#13118,.T.);
#13116 = VERTEX_POINT('',#13117);
#13117 = CARTESIAN_POINT('',(118.132536,-73.620177,1.585));
#13118 = LINE('',#13119,#13120);
#13119 = CARTESIAN_POINT('',(118.411095,-73.620177,1.585));
#13120 = VECTOR('',#13121,1.);
#13121 = DIRECTION('',(-1.,0.,0.));
#13122 = ORIENTED_EDGE('',*,*,#13123,.T.);
#13123 = EDGE_CURVE('',#13116,#13124,#13126,.T.);
#13124 = VERTEX_POINT('',#13125);
#13125 = CARTESIAN_POINT('',(118.133941,-73.522175,1.585));
#13126 = LINE('',#13127,#13128);
#13127 = CARTESIAN_POINT('',(118.132536,-73.620177,1.585));
#13128 = VECTOR('',#13129,1.);
#13129 = DIRECTION('',(1.433496903033E-02,0.999897249053,0.));
#13130 = ORIENTED_EDGE('',*,*,#13131,.T.);
#13131 = EDGE_CURVE('',#13124,#13132,#13134,.T.);
#13132 = VERTEX_POINT('',#13133);
#13133 = CARTESIAN_POINT('',(118.070184,-73.574792,1.585));
#13134 = LINE('',#13135,#13136);
#13135 = CARTESIAN_POINT('',(118.133941,-73.522175,1.585));
#13136 = VECTOR('',#13137,1.);
#13137 = DIRECTION('',(-0.771269496665,-0.636508730116,0.));
#13138 = ORIENTED_EDGE('',*,*,#13139,.T.);
#13139 = EDGE_CURVE('',#13132,#13140,#13142,.T.);
#13140 = VERTEX_POINT('',#13141);
#13141 = CARTESIAN_POINT('',(118.005016,-73.612006,1.585));
#13142 = LINE('',#13143,#13144);
#13143 = CARTESIAN_POINT('',(118.070184,-73.574792,1.585));
#13144 = VECTOR('',#13145,1.);
#13145 = DIRECTION('',(-0.868385789866,-0.495889221459,0.));
#13146 = ORIENTED_EDGE('',*,*,#13147,.T.);
#13147 = EDGE_CURVE('',#13140,#13148,#13150,.T.);
#13148 = VERTEX_POINT('',#13149);
#13149 = CARTESIAN_POINT('',(117.93414,-73.634286,1.585));
#13150 = LINE('',#13151,#13152);
#13151 = CARTESIAN_POINT('',(118.005016,-73.612006,1.585));
#13152 = VECTOR('',#13153,1.);
#13153 = DIRECTION('',(-0.953975675463,-0.299883995278,0.));
#13154 = ORIENTED_EDGE('',*,*,#13155,.T.);
#13155 = EDGE_CURVE('',#13148,#13156,#13158,.T.);
#13156 = VERTEX_POINT('',#13157);
#13157 = CARTESIAN_POINT('',(117.842742,-73.642526,1.585));
#13158 = LINE('',#13159,#13160);
#13159 = CARTESIAN_POINT('',(117.93414,-73.634286,1.585));
#13160 = VECTOR('',#13161,1.);
#13161 = DIRECTION('',(-0.995960632084,-8.979097582409E-02,0.));
#13162 = ORIENTED_EDGE('',*,*,#13163,.T.);
#13163 = EDGE_CURVE('',#13156,#13164,#13166,.T.);
#13164 = VERTEX_POINT('',#13165);
#13165 = CARTESIAN_POINT('',(117.802147,-73.640772,1.585));
#13166 = LINE('',#13167,#13168);
#13167 = CARTESIAN_POINT('',(117.842742,-73.642526,1.585));
#13168 = VECTOR('',#13169,1.);
#13169 = DIRECTION('',(-0.9990678699,4.316701672154E-02,0.));
#13170 = ORIENTED_EDGE('',*,*,#13171,.T.);
#13171 = EDGE_CURVE('',#13164,#13172,#13174,.T.);
#13172 = VERTEX_POINT('',#13173);
#13173 = CARTESIAN_POINT('',(117.7298,-73.627208,1.585));
#13174 = LINE('',#13175,#13176);
#13175 = CARTESIAN_POINT('',(117.802147,-73.640772,1.585));
#13176 = VECTOR('',#13177,1.);
#13177 = DIRECTION('',(-0.982874801416,0.184274590604,0.));
#13178 = ORIENTED_EDGE('',*,*,#13179,.T.);
#13179 = EDGE_CURVE('',#13172,#13180,#13182,.T.);
#13180 = VERTEX_POINT('',#13181);
#13181 = CARTESIAN_POINT('',(117.669584,-73.601497,1.585));
#13182 = LINE('',#13183,#13184);
#13183 = CARTESIAN_POINT('',(117.7298,-73.627208,1.585));
#13184 = VECTOR('',#13185,1.);
#13185 = DIRECTION('',(-0.919674273567,0.392682098573,0.));
#13186 = ORIENTED_EDGE('',*,*,#13187,.T.);
#13187 = EDGE_CURVE('',#13180,#13188,#13190,.T.);
#13188 = VERTEX_POINT('',#13189);
#13189 = CARTESIAN_POINT('',(117.557178,-73.460882,1.585));
#13190 = CIRCLE('',#13191,0.244265438789);
#13191 = AXIS2_PLACEMENT_3D('',#13192,#13193,#13194);
#13192 = CARTESIAN_POINT('',(117.79075076764,-73.38940216506,1.585));
#13193 = DIRECTION('',(0.,0.,-1.));
#13194 = DIRECTION('',(-0.496045483324,-0.868296538329,-0.));
#13195 = ORIENTED_EDGE('',*,*,#13196,.T.);
#13196 = EDGE_CURVE('',#13188,#13197,#13199,.T.);
#13197 = VERTEX_POINT('',#13198);
#13198 = CARTESIAN_POINT('',(117.5423,-73.380777,1.585));
#13199 = LINE('',#13200,#13201);
#13200 = CARTESIAN_POINT('',(117.557178,-73.460882,1.585));
#13201 = VECTOR('',#13202,1.);
#13202 = DIRECTION('',(-0.182608295651,0.983185745604,0.));
#13203 = ORIENTED_EDGE('',*,*,#13204,.T.);
#13204 = EDGE_CURVE('',#13197,#12969,#13205,.T.);
#13205 = LINE('',#13206,#13207);
#13206 = CARTESIAN_POINT('',(117.5423,-73.380777,1.585));
#13207 = VECTOR('',#13208,1.);
#13208 = DIRECTION('',(-1.162341915411E-02,0.999932445782,0.));
#13209 = PLANE('',#13210);
#13210 = AXIS2_PLACEMENT_3D('',#13211,#13212,#13213);
#13211 = CARTESIAN_POINT('',(0.,0.,1.585));
#13212 = DIRECTION('',(0.,0.,1.));
#13213 = DIRECTION('',(1.,0.,-0.));
#13214 = SHELL_BASED_SURFACE_MODEL('',(#13215));
#13215 = OPEN_SHELL('',(#13216));
#13216 = ADVANCED_FACE('',(#13217),#13387,.T.);
#13217 = FACE_BOUND('',#13218,.F.);
#13218 = EDGE_LOOP('',(#13219,#13229,#13237,#13245,#13253,#13261,#13269,
    #13277,#13285,#13293,#13301,#13309,#13317,#13325,#13333,#13341,
    #13349,#13357,#13365,#13373,#13381));
#13219 = ORIENTED_EDGE('',*,*,#13220,.T.);
#13220 = EDGE_CURVE('',#13221,#13223,#13225,.T.);
#13221 = VERTEX_POINT('',#13222);
#13222 = CARTESIAN_POINT('',(109.847517,-72.607766,1.585));
#13223 = VERTEX_POINT('',#13224);
#13224 = CARTESIAN_POINT('',(109.836767,-72.458436,1.585));
#13225 = LINE('',#13226,#13227);
#13226 = CARTESIAN_POINT('',(109.847517,-72.607766,1.585));
#13227 = VECTOR('',#13228,1.);
#13228 = DIRECTION('',(-7.180240353899E-02,0.997418876323,0.));
#13229 = ORIENTED_EDGE('',*,*,#13230,.T.);
#13230 = EDGE_CURVE('',#13223,#13231,#13233,.T.);
#13231 = VERTEX_POINT('',#13232);
#13232 = CARTESIAN_POINT('',(110.137735,-72.458436,1.585));
#13233 = LINE('',#13234,#13235);
#13234 = CARTESIAN_POINT('',(109.836767,-72.458436,1.585));
#13235 = VECTOR('',#13236,1.);
#13236 = DIRECTION('',(1.,0.,0.));
#13237 = ORIENTED_EDGE('',*,*,#13238,.T.);
#13238 = EDGE_CURVE('',#13231,#13239,#13241,.T.);
#13239 = VERTEX_POINT('',#13240);
#13240 = CARTESIAN_POINT('',(110.136831,-72.465649,1.585));
#13241 = LINE('',#13242,#13243);
#13242 = CARTESIAN_POINT('',(110.137735,-72.458436,1.585));
#13243 = VECTOR('',#13244,1.);
#13244 = DIRECTION('',(-0.124356412461,-0.992237614022,0.));
#13245 = ORIENTED_EDGE('',*,*,#13246,.T.);
#13246 = EDGE_CURVE('',#13239,#13247,#13249,.T.);
#13247 = VERTEX_POINT('',#13248);
#13248 = CARTESIAN_POINT('',(110.128822,-72.557387,1.585));
#13249 = LINE('',#13250,#13251);
#13250 = CARTESIAN_POINT('',(110.136831,-72.465649,1.585));
#13251 = VECTOR('',#13252,1.);
#13252 = DIRECTION('',(-8.697215807709E-02,-0.996210742624,0.));
#13253 = ORIENTED_EDGE('',*,*,#13254,.T.);
#13254 = EDGE_CURVE('',#13247,#13255,#13257,.T.);
#13255 = VERTEX_POINT('',#13256);
#13256 = CARTESIAN_POINT('',(110.126561,-72.89612,1.585));
#13257 = LINE('',#13258,#13259);
#13258 = CARTESIAN_POINT('',(110.128822,-72.557387,1.585));
#13259 = VECTOR('',#13260,1.);
#13260 = DIRECTION('',(-6.674725029622E-03,-0.999977723775,0.));
#13261 = ORIENTED_EDGE('',*,*,#13262,.T.);
#13262 = EDGE_CURVE('',#13255,#13263,#13265,.T.);
#13263 = VERTEX_POINT('',#13264);
#13264 = CARTESIAN_POINT('',(110.598377,-72.89612,1.585));
#13265 = LINE('',#13266,#13267);
#13266 = CARTESIAN_POINT('',(110.126561,-72.89612,1.585));
#13267 = VECTOR('',#13268,1.);
#13268 = DIRECTION('',(1.,0.,0.));
#13269 = ORIENTED_EDGE('',*,*,#13270,.T.);
#13270 = EDGE_CURVE('',#13263,#13271,#13273,.T.);
#13271 = VERTEX_POINT('',#13272);
#13272 = CARTESIAN_POINT('',(110.593845,-72.515278,1.585));
#13273 = LINE('',#13274,#13275);
#13274 = CARTESIAN_POINT('',(110.598377,-72.89612,1.585));
#13275 = VECTOR('',#13276,1.);
#13276 = DIRECTION('',(-1.189910553095E-02,0.999929203138,0.));
#13277 = ORIENTED_EDGE('',*,*,#13278,.T.);
#13278 = EDGE_CURVE('',#13271,#13279,#13281,.T.);
#13279 = VERTEX_POINT('',#13280);
#13280 = CARTESIAN_POINT('',(110.587142,-72.458436,1.585));
#13281 = LINE('',#13282,#13283);
#13282 = CARTESIAN_POINT('',(110.593845,-72.515278,1.585));
#13283 = VECTOR('',#13284,1.);
#13284 = DIRECTION('',(-0.117111903419,0.993118725066,0.));
#13285 = ORIENTED_EDGE('',*,*,#13286,.T.);
#13286 = EDGE_CURVE('',#13279,#13287,#13289,.T.);
#13287 = VERTEX_POINT('',#13288);
#13288 = CARTESIAN_POINT('',(110.888171,-72.458436,1.585));
#13289 = LINE('',#13290,#13291);
#13290 = CARTESIAN_POINT('',(110.587142,-72.458436,1.585));
#13291 = VECTOR('',#13292,1.);
#13292 = DIRECTION('',(1.,0.,0.));
#13293 = ORIENTED_EDGE('',*,*,#13294,.T.);
#13294 = EDGE_CURVE('',#13287,#13295,#13297,.T.);
#13295 = VERTEX_POINT('',#13296);
#13296 = CARTESIAN_POINT('',(110.879204,-72.550031,1.585));
#13297 = LINE('',#13298,#13299);
#13298 = CARTESIAN_POINT('',(110.888171,-72.458436,1.585));
#13299 = VECTOR('',#13300,1.);
#13300 = DIRECTION('',(-9.743256910176E-02,-0.995242128569,0.));
#13301 = ORIENTED_EDGE('',*,*,#13302,.T.);
#13302 = EDGE_CURVE('',#13295,#13303,#13305,.T.);
#13303 = VERTEX_POINT('',#13304);
#13304 = CARTESIAN_POINT('',(110.879781,-73.534201,1.585));
#13305 = LINE('',#13306,#13307);
#13306 = CARTESIAN_POINT('',(110.879204,-72.550031,1.585));
#13307 = VECTOR('',#13308,1.);
#13308 = DIRECTION('',(5.862807247E-04,-0.999999828137,0.));
#13309 = ORIENTED_EDGE('',*,*,#13310,.T.);
#13310 = EDGE_CURVE('',#13303,#13311,#13313,.T.);
#13311 = VERTEX_POINT('',#13312);
#13312 = CARTESIAN_POINT('',(110.888171,-73.622986,1.585));
#13313 = LINE('',#13314,#13315);
#13314 = CARTESIAN_POINT('',(110.879781,-73.534201,1.585));
#13315 = VECTOR('',#13316,1.);
#13316 = DIRECTION('',(9.407882263948E-02,-0.995564751852,0.));
#13317 = ORIENTED_EDGE('',*,*,#13318,.T.);
#13318 = EDGE_CURVE('',#13311,#13319,#13321,.T.);
#13319 = VERTEX_POINT('',#13320);
#13320 = CARTESIAN_POINT('',(110.587142,-73.622986,1.585));
#13321 = LINE('',#13322,#13323);
#13322 = CARTESIAN_POINT('',(110.888171,-73.622986,1.585));
#13323 = VECTOR('',#13324,1.);
#13324 = DIRECTION('',(-1.,0.,0.));
#13325 = ORIENTED_EDGE('',*,*,#13326,.T.);
#13326 = EDGE_CURVE('',#13319,#13327,#13329,.T.);
#13327 = VERTEX_POINT('',#13328);
#13328 = CARTESIAN_POINT('',(110.596109,-73.529656,1.585));
#13329 = LINE('',#13330,#13331);
#13330 = CARTESIAN_POINT('',(110.587142,-73.622986,1.585));
#13331 = VECTOR('',#13332,1.);
#13332 = DIRECTION('',(9.563802498145E-02,0.995416178378,0.));
#13333 = ORIENTED_EDGE('',*,*,#13334,.T.);
#13334 = EDGE_CURVE('',#13327,#13335,#13337,.T.);
#13335 = VERTEX_POINT('',#13336);
#13336 = CARTESIAN_POINT('',(110.598377,-73.142561,1.585));
#13337 = LINE('',#13338,#13339);
#13338 = CARTESIAN_POINT('',(110.596109,-73.529656,1.585));
#13339 = VECTOR('',#13340,1.);
#13340 = DIRECTION('',(5.858926291554E-03,0.999982836344,0.));
#13341 = ORIENTED_EDGE('',*,*,#13342,.T.);
#13342 = EDGE_CURVE('',#13335,#13343,#13345,.T.);
#13343 = VERTEX_POINT('',#13344);
#13344 = CARTESIAN_POINT('',(110.126561,-73.142561,1.585));
#13345 = LINE('',#13346,#13347);
#13346 = CARTESIAN_POINT('',(110.598377,-73.142561,1.585));
#13347 = VECTOR('',#13348,1.);
#13348 = DIRECTION('',(-1.,0.,0.));
#13349 = ORIENTED_EDGE('',*,*,#13350,.T.);
#13350 = EDGE_CURVE('',#13343,#13351,#13353,.T.);
#13351 = VERTEX_POINT('',#13352);
#13352 = CARTESIAN_POINT('',(110.130281,-73.550142,1.585));
#13353 = LINE('',#13354,#13355);
#13354 = CARTESIAN_POINT('',(110.126561,-73.142561,1.585));
#13355 = VECTOR('',#13356,1.);
#13356 = DIRECTION('',(9.126640022565E-03,-0.999958351354,0.));
#13357 = ORIENTED_EDGE('',*,*,#13358,.T.);
#13358 = EDGE_CURVE('',#13351,#13359,#13361,.T.);
#13359 = VERTEX_POINT('',#13360);
#13360 = CARTESIAN_POINT('',(110.137735,-73.622986,1.585));
#13361 = LINE('',#13362,#13363);
#13362 = CARTESIAN_POINT('',(110.130281,-73.550142,1.585));
#13363 = VECTOR('',#13364,1.);
#13364 = DIRECTION('',(0.101796690735,-0.994805224029,0.));
#13365 = ORIENTED_EDGE('',*,*,#13366,.T.);
#13366 = EDGE_CURVE('',#13359,#13367,#13369,.T.);
#13367 = VERTEX_POINT('',#13368);
#13368 = CARTESIAN_POINT('',(109.836767,-73.622986,1.585));
#13369 = LINE('',#13370,#13371);
#13370 = CARTESIAN_POINT('',(110.137735,-73.622986,1.585));
#13371 = VECTOR('',#13372,1.);
#13372 = DIRECTION('',(-1.,0.,0.));
#13373 = ORIENTED_EDGE('',*,*,#13374,.T.);
#13374 = EDGE_CURVE('',#13367,#13375,#13377,.T.);
#13375 = VERTEX_POINT('',#13376);
#13376 = CARTESIAN_POINT('',(109.845649,-73.531755,1.585));
#13377 = LINE('',#13378,#13379);
#13378 = CARTESIAN_POINT('',(109.836767,-73.622986,1.585));
#13379 = VECTOR('',#13380,1.);
#13380 = DIRECTION('',(9.689911499462E-02,0.99529420852,0.));
#13381 = ORIENTED_EDGE('',*,*,#13382,.T.);
#13382 = EDGE_CURVE('',#13375,#13221,#13383,.T.);
#13383 = LINE('',#13384,#13385);
#13384 = CARTESIAN_POINT('',(109.845649,-73.531755,1.585));
#13385 = VECTOR('',#13386,1.);
#13386 = DIRECTION('',(2.02166495772E-03,0.999997956433,0.));
#13387 = PLANE('',#13388);
#13388 = AXIS2_PLACEMENT_3D('',#13389,#13390,#13391);
#13389 = CARTESIAN_POINT('',(0.,0.,1.585));
#13390 = DIRECTION('',(0.,0.,1.));
#13391 = DIRECTION('',(1.,0.,-0.));
#13392 = SHELL_BASED_SURFACE_MODEL('',(#13393));
#13393 = OPEN_SHELL('',(#13394));
#13394 = ADVANCED_FACE('',(#13395,#13517),#13543,.T.);
#13395 = FACE_BOUND('',#13396,.F.);
#13396 = EDGE_LOOP('',(#13397,#13407,#13415,#13423,#13431,#13439,#13447,
    #13455,#13463,#13471,#13479,#13487,#13495,#13503,#13511));
#13397 = ORIENTED_EDGE('',*,*,#13398,.T.);
#13398 = EDGE_CURVE('',#13399,#13401,#13403,.T.);
#13399 = VERTEX_POINT('',#13400);
#13400 = CARTESIAN_POINT('',(111.374688,-72.555249,1.585));
#13401 = VERTEX_POINT('',#13402);
#13402 = CARTESIAN_POINT('',(111.400287,-72.458436,1.585));
#13403 = LINE('',#13404,#13405);
#13404 = CARTESIAN_POINT('',(111.374688,-72.555249,1.585));
#13405 = VECTOR('',#13406,1.);
#13406 = DIRECTION('',(0.255631526563,0.966774287322,0.));
#13407 = ORIENTED_EDGE('',*,*,#13408,.T.);
#13408 = EDGE_CURVE('',#13401,#13409,#13411,.T.);
#13409 = VERTEX_POINT('',#13410);
#13410 = CARTESIAN_POINT('',(111.765675,-72.458436,1.585));
#13411 = LINE('',#13412,#13413);
#13412 = CARTESIAN_POINT('',(111.400287,-72.458436,1.585));
#13413 = VECTOR('',#13414,1.);
#13414 = DIRECTION('',(1.,0.,0.));
#13415 = ORIENTED_EDGE('',*,*,#13416,.T.);
#13416 = EDGE_CURVE('',#13409,#13417,#13419,.T.);
#13417 = VERTEX_POINT('',#13418);
#13418 = CARTESIAN_POINT('',(111.770213,-72.476895,1.585));
#13419 = LINE('',#13420,#13421);
#13420 = CARTESIAN_POINT('',(111.765675,-72.458436,1.585));
#13421 = VECTOR('',#13422,1.);
#13422 = DIRECTION('',(0.238733633405,-0.971085090134,0.));
#13423 = ORIENTED_EDGE('',*,*,#13424,.T.);
#13424 = EDGE_CURVE('',#13417,#13425,#13427,.T.);
#13425 = VERTEX_POINT('',#13426);
#13426 = CARTESIAN_POINT('',(111.813241,-72.609745,1.585));
#13427 = LINE('',#13428,#13429);
#13428 = CARTESIAN_POINT('',(111.770213,-72.476895,1.585));
#13429 = VECTOR('',#13430,1.);
#13430 = DIRECTION('',(0.308125710536,-0.951345650385,0.));
#13431 = ORIENTED_EDGE('',*,*,#13432,.T.);
#13432 = EDGE_CURVE('',#13425,#13433,#13435,.T.);
#13433 = VERTEX_POINT('',#13434);
#13434 = CARTESIAN_POINT('',(112.117079,-73.452566,1.585));
#13435 = LINE('',#13436,#13437);
#13436 = CARTESIAN_POINT('',(111.813241,-72.609745,1.585));
#13437 = VECTOR('',#13438,1.);
#13438 = DIRECTION('',(0.339136854935,-0.940737048077,0.));
#13439 = ORIENTED_EDGE('',*,*,#13440,.T.);
#13440 = EDGE_CURVE('',#13433,#13441,#13443,.T.);
#13441 = VERTEX_POINT('',#13442);
#13442 = CARTESIAN_POINT('',(112.184246,-73.622986,1.585));
#13443 = LINE('',#13444,#13445);
#13444 = CARTESIAN_POINT('',(112.117079,-73.452566,1.585));
#13445 = VECTOR('',#13446,1.);
#13446 = DIRECTION('',(0.366675022213,-0.930349089367,0.));
#13447 = ORIENTED_EDGE('',*,*,#13448,.T.);
#13448 = EDGE_CURVE('',#13441,#13449,#13451,.T.);
#13449 = VERTEX_POINT('',#13450);
#13450 = CARTESIAN_POINT('',(111.856655,-73.622986,1.585));
#13451 = LINE('',#13452,#13453);
#13452 = CARTESIAN_POINT('',(112.184246,-73.622986,1.585));
#13453 = VECTOR('',#13454,1.);
#13454 = DIRECTION('',(-1.,0.,0.));
#13455 = ORIENTED_EDGE('',*,*,#13456,.T.);
#13456 = EDGE_CURVE('',#13449,#13457,#13459,.T.);
#13457 = VERTEX_POINT('',#13458);
#13458 = CARTESIAN_POINT('',(111.823072,-73.472105,1.585));
#13459 = LINE('',#13460,#13461);
#13460 = CARTESIAN_POINT('',(111.856655,-73.622986,1.585));
#13461 = VECTOR('',#13462,1.);
#13462 = DIRECTION('',(-0.217262669211,0.976113176106,0.));
#13463 = ORIENTED_EDGE('',*,*,#13464,.T.);
#13464 = EDGE_CURVE('',#13457,#13465,#13467,.T.);
#13465 = VERTEX_POINT('',#13466);
#13466 = CARTESIAN_POINT('',(111.785275,-73.353342,1.585));
#13467 = LINE('',#13468,#13469);
#13468 = CARTESIAN_POINT('',(111.823072,-73.472105,1.585));
#13469 = VECTOR('',#13470,1.);
#13470 = DIRECTION('',(-0.303267574337,0.952905440406,0.));
#13471 = ORIENTED_EDGE('',*,*,#13472,.T.);
#13472 = EDGE_CURVE('',#13465,#13473,#13475,.T.);
#13473 = VERTEX_POINT('',#13474);
#13474 = CARTESIAN_POINT('',(111.386243,-73.353342,1.585));
#13475 = LINE('',#13476,#13477);
#13476 = CARTESIAN_POINT('',(111.785275,-73.353342,1.585));
#13477 = VECTOR('',#13478,1.);
#13478 = DIRECTION('',(-1.,0.,0.));
#13479 = ORIENTED_EDGE('',*,*,#13480,.T.);
#13480 = EDGE_CURVE('',#13473,#13481,#13483,.T.);
#13481 = VERTEX_POINT('',#13482);
#13482 = CARTESIAN_POINT('',(111.323914,-73.562025,1.585));
#13483 = LINE('',#13484,#13485);
#13484 = CARTESIAN_POINT('',(111.386243,-73.353342,1.585));
#13485 = VECTOR('',#13486,1.);
#13486 = DIRECTION('',(-0.28618546935,-0.958174241531,0.));
#13487 = ORIENTED_EDGE('',*,*,#13488,.T.);
#13488 = EDGE_CURVE('',#13481,#13489,#13491,.T.);
#13489 = VERTEX_POINT('',#13490);
#13490 = CARTESIAN_POINT('',(111.313459,-73.622986,1.585));
#13491 = LINE('',#13492,#13493);
#13492 = CARTESIAN_POINT('',(111.323914,-73.562025,1.585));
#13493 = VECTOR('',#13494,1.);
#13494 = DIRECTION('',(-0.169035166169,-0.985610020545,0.));
#13495 = ORIENTED_EDGE('',*,*,#13496,.T.);
#13496 = EDGE_CURVE('',#13489,#13497,#13499,.T.);
#13497 = VERTEX_POINT('',#13498);
#13498 = CARTESIAN_POINT('',(110.985868,-73.622986,1.585));
#13499 = LINE('',#13500,#13501);
#13500 = CARTESIAN_POINT('',(111.313459,-73.622986,1.585));
#13501 = VECTOR('',#13502,1.);
#13502 = DIRECTION('',(-1.,0.,0.));
#13503 = ORIENTED_EDGE('',*,*,#13504,.T.);
#13504 = EDGE_CURVE('',#13497,#13505,#13507,.T.);
#13505 = VERTEX_POINT('',#13506);
#13506 = CARTESIAN_POINT('',(111.053096,-73.452566,1.585));
#13507 = LINE('',#13508,#13509);
#13508 = CARTESIAN_POINT('',(110.985868,-73.622986,1.585));
#13509 = VECTOR('',#13510,1.);
#13510 = DIRECTION('',(0.36696320466,0.930235457519,0.));
#13511 = ORIENTED_EDGE('',*,*,#13512,.T.);
#13512 = EDGE_CURVE('',#13505,#13399,#13513,.T.);
#13513 = LINE('',#13514,#13515);
#13514 = CARTESIAN_POINT('',(111.053096,-73.452566,1.585));
#13515 = VECTOR('',#13516,1.);
#13516 = DIRECTION('',(0.337379786027,0.941368620669,0.));
#13517 = FACE_BOUND('',#13518,.F.);
#13518 = EDGE_LOOP('',(#13519,#13529,#13537));
#13519 = ORIENTED_EDGE('',*,*,#13520,.T.);
#13520 = EDGE_CURVE('',#13521,#13523,#13525,.T.);
#13521 = VERTEX_POINT('',#13522);
#13522 = CARTESIAN_POINT('',(111.453471,-73.118197,1.585));
#13523 = VERTEX_POINT('',#13524);
#13524 = CARTESIAN_POINT('',(111.716643,-73.118197,1.585));
#13525 = LINE('',#13526,#13527);
#13526 = CARTESIAN_POINT('',(111.453471,-73.118197,1.585));
#13527 = VECTOR('',#13528,1.);
#13528 = DIRECTION('',(1.,0.,0.));
#13529 = ORIENTED_EDGE('',*,*,#13530,.T.);
#13530 = EDGE_CURVE('',#13523,#13531,#13533,.T.);
#13531 = VERTEX_POINT('',#13532);
#13532 = CARTESIAN_POINT('',(111.583653,-72.697978,1.585));
#13533 = LINE('',#13534,#13535);
#13534 = CARTESIAN_POINT('',(111.716643,-73.118197,1.585));
#13535 = VECTOR('',#13536,1.);
#13536 = DIRECTION('',(-0.301728078386,0.953394024899,0.));
#13537 = ORIENTED_EDGE('',*,*,#13538,.T.);
#13538 = EDGE_CURVE('',#13531,#13521,#13539,.T.);
#13539 = LINE('',#13540,#13541);
#13540 = CARTESIAN_POINT('',(111.583653,-72.697978,1.585));
#13541 = VECTOR('',#13542,1.);
#13542 = DIRECTION('',(-0.295920644299,-0.955212527283,0.));
#13543 = PLANE('',#13544);
#13544 = AXIS2_PLACEMENT_3D('',#13545,#13546,#13547);
#13545 = CARTESIAN_POINT('',(0.,0.,1.585));
#13546 = DIRECTION('',(0.,0.,1.));
#13547 = DIRECTION('',(1.,0.,-0.));
#13548 = SHELL_BASED_SURFACE_MODEL('',(#13549));
#13549 = OPEN_SHELL('',(#13550));
#13550 = ADVANCED_FACE('',(#13551,#13673),#13699,.T.);
#13551 = FACE_BOUND('',#13552,.F.);
#13552 = EDGE_LOOP('',(#13553,#13563,#13571,#13579,#13587,#13595,#13603,
    #13611,#13619,#13627,#13635,#13643,#13651,#13659,#13667));
#13553 = ORIENTED_EDGE('',*,*,#13554,.T.);
#13554 = EDGE_CURVE('',#13555,#13557,#13559,.T.);
#13555 = VERTEX_POINT('',#13556);
#13556 = CARTESIAN_POINT('',(114.432609,-72.555249,1.585));
#13557 = VERTEX_POINT('',#13558);
#13558 = CARTESIAN_POINT('',(114.458208,-72.458436,1.585));
#13559 = LINE('',#13560,#13561);
#13560 = CARTESIAN_POINT('',(114.432609,-72.555249,1.585));
#13561 = VECTOR('',#13562,1.);
#13562 = DIRECTION('',(0.255631526563,0.966774287322,0.));
#13563 = ORIENTED_EDGE('',*,*,#13564,.T.);
#13564 = EDGE_CURVE('',#13557,#13565,#13567,.T.);
#13565 = VERTEX_POINT('',#13566);
#13566 = CARTESIAN_POINT('',(114.823595,-72.458436,1.585));
#13567 = LINE('',#13568,#13569);
#13568 = CARTESIAN_POINT('',(114.458208,-72.458436,1.585));
#13569 = VECTOR('',#13570,1.);
#13570 = DIRECTION('',(1.,0.,0.));
#13571 = ORIENTED_EDGE('',*,*,#13572,.T.);
#13572 = EDGE_CURVE('',#13565,#13573,#13575,.T.);
#13573 = VERTEX_POINT('',#13574);
#13574 = CARTESIAN_POINT('',(114.828134,-72.476895,1.585));
#13575 = LINE('',#13576,#13577);
#13576 = CARTESIAN_POINT('',(114.823595,-72.458436,1.585));
#13577 = VECTOR('',#13578,1.);
#13578 = DIRECTION('',(0.238783241839,-0.971072892947,0.));
#13579 = ORIENTED_EDGE('',*,*,#13580,.T.);
#13580 = EDGE_CURVE('',#13573,#13581,#13583,.T.);
#13581 = VERTEX_POINT('',#13582);
#13582 = CARTESIAN_POINT('',(114.871161,-72.609745,1.585));
#13583 = LINE('',#13584,#13585);
#13584 = CARTESIAN_POINT('',(114.828134,-72.476895,1.585));
#13585 = VECTOR('',#13586,1.);
#13586 = DIRECTION('',(0.308119229344,-0.951347749516,0.));
#13587 = ORIENTED_EDGE('',*,*,#13588,.T.);
#13588 = EDGE_CURVE('',#13581,#13589,#13591,.T.);
#13589 = VERTEX_POINT('',#13590);
#13590 = CARTESIAN_POINT('',(115.175,-73.452566,1.585));
#13591 = LINE('',#13592,#13593);
#13592 = CARTESIAN_POINT('',(114.871161,-72.609745,1.585));
#13593 = VECTOR('',#13594,1.);
#13594 = DIRECTION('',(0.339137842736,-0.940736691973,0.));
#13595 = ORIENTED_EDGE('',*,*,#13596,.T.);
#13596 = EDGE_CURVE('',#13589,#13597,#13599,.T.);
#13597 = VERTEX_POINT('',#13598);
#13598 = CARTESIAN_POINT('',(115.242166,-73.622986,1.585));
#13599 = LINE('',#13600,#13601);
#13600 = CARTESIAN_POINT('',(115.175,-73.452566,1.585));
#13601 = VECTOR('',#13602,1.);
#13602 = DIRECTION('',(0.366670297031,-0.930350951671,0.));
#13603 = ORIENTED_EDGE('',*,*,#13604,.T.);
#13604 = EDGE_CURVE('',#13597,#13605,#13607,.T.);
#13605 = VERTEX_POINT('',#13606);
#13606 = CARTESIAN_POINT('',(114.914576,-73.622986,1.585));
#13607 = LINE('',#13608,#13609);
#13608 = CARTESIAN_POINT('',(115.242166,-73.622986,1.585));
#13609 = VECTOR('',#13610,1.);
#13610 = DIRECTION('',(-1.,0.,0.));
#13611 = ORIENTED_EDGE('',*,*,#13612,.T.);
#13612 = EDGE_CURVE('',#13605,#13613,#13615,.T.);
#13613 = VERTEX_POINT('',#13614);
#13614 = CARTESIAN_POINT('',(114.880992,-73.472105,1.585));
#13615 = LINE('',#13616,#13617);
#13616 = CARTESIAN_POINT('',(114.914576,-73.622986,1.585));
#13617 = VECTOR('',#13618,1.);
#13618 = DIRECTION('',(-0.217268833245,0.976111804098,0.));
#13619 = ORIENTED_EDGE('',*,*,#13620,.T.);
#13620 = EDGE_CURVE('',#13613,#13621,#13623,.T.);
#13621 = VERTEX_POINT('',#13622);
#13622 = CARTESIAN_POINT('',(114.843196,-73.353342,1.585));
#13623 = LINE('',#13624,#13625);
#13624 = CARTESIAN_POINT('',(114.880992,-73.472105,1.585));
#13625 = VECTOR('',#13626,1.);
#13626 = DIRECTION('',(-0.303260288662,0.952907759083,0.));
#13627 = ORIENTED_EDGE('',*,*,#13628,.T.);
#13628 = EDGE_CURVE('',#13621,#13629,#13631,.T.);
#13629 = VERTEX_POINT('',#13630);
#13630 = CARTESIAN_POINT('',(114.444164,-73.353342,1.585));
#13631 = LINE('',#13632,#13633);
#13632 = CARTESIAN_POINT('',(114.843196,-73.353342,1.585));
#13633 = VECTOR('',#13634,1.);
#13634 = DIRECTION('',(-1.,0.,0.));
#13635 = ORIENTED_EDGE('',*,*,#13636,.T.);
#13636 = EDGE_CURVE('',#13629,#13637,#13639,.T.);
#13637 = VERTEX_POINT('',#13638);
#13638 = CARTESIAN_POINT('',(114.381835,-73.562025,1.585));
#13639 = LINE('',#13640,#13641);
#13640 = CARTESIAN_POINT('',(114.444164,-73.353342,1.585));
#13641 = VECTOR('',#13642,1.);
#13642 = DIRECTION('',(-0.28618546935,-0.958174241531,0.));
#13643 = ORIENTED_EDGE('',*,*,#13644,.T.);
#13644 = EDGE_CURVE('',#13637,#13645,#13647,.T.);
#13645 = VERTEX_POINT('',#13646);
#13646 = CARTESIAN_POINT('',(114.371379,-73.622986,1.585));
#13647 = LINE('',#13648,#13649);
#13648 = CARTESIAN_POINT('',(114.381835,-73.562025,1.585));
#13649 = VECTOR('',#13650,1.);
#13650 = DIRECTION('',(-0.169050872019,-0.985607326814,0.));
#13651 = ORIENTED_EDGE('',*,*,#13652,.T.);
#13652 = EDGE_CURVE('',#13645,#13653,#13655,.T.);
#13653 = VERTEX_POINT('',#13654);
#13654 = CARTESIAN_POINT('',(114.043789,-73.622986,1.585));
#13655 = LINE('',#13656,#13657);
#13656 = CARTESIAN_POINT('',(114.371379,-73.622986,1.585));
#13657 = VECTOR('',#13658,1.);
#13658 = DIRECTION('',(-1.,0.,0.));
#13659 = ORIENTED_EDGE('',*,*,#13660,.T.);
#13660 = EDGE_CURVE('',#13653,#13661,#13663,.T.);
#13661 = VERTEX_POINT('',#13662);
#13662 = CARTESIAN_POINT('',(114.111017,-73.452566,1.585));
#13663 = LINE('',#13664,#13665);
#13664 = CARTESIAN_POINT('',(114.043789,-73.622986,1.585));
#13665 = VECTOR('',#13666,1.);
#13666 = DIRECTION('',(0.36696320466,0.930235457519,0.));
#13667 = ORIENTED_EDGE('',*,*,#13668,.T.);
#13668 = EDGE_CURVE('',#13661,#13555,#13669,.T.);
#13669 = LINE('',#13670,#13671);
#13670 = CARTESIAN_POINT('',(114.111017,-73.452566,1.585));
#13671 = VECTOR('',#13672,1.);
#13672 = DIRECTION('',(0.337379786027,0.941368620669,0.));
#13673 = FACE_BOUND('',#13674,.F.);
#13674 = EDGE_LOOP('',(#13675,#13685,#13693));
#13675 = ORIENTED_EDGE('',*,*,#13676,.T.);
#13676 = EDGE_CURVE('',#13677,#13679,#13681,.T.);
#13677 = VERTEX_POINT('',#13678);
#13678 = CARTESIAN_POINT('',(114.511392,-73.118197,1.585));
#13679 = VERTEX_POINT('',#13680);
#13680 = CARTESIAN_POINT('',(114.774563,-73.118197,1.585));
#13681 = LINE('',#13682,#13683);
#13682 = CARTESIAN_POINT('',(114.511392,-73.118197,1.585));
#13683 = VECTOR('',#13684,1.);
#13684 = DIRECTION('',(1.,0.,0.));
#13685 = ORIENTED_EDGE('',*,*,#13686,.T.);
#13686 = EDGE_CURVE('',#13679,#13687,#13689,.T.);
#13687 = VERTEX_POINT('',#13688);
#13688 = CARTESIAN_POINT('',(114.641573,-72.697978,1.585));
#13689 = LINE('',#13690,#13691);
#13690 = CARTESIAN_POINT('',(114.774563,-73.118197,1.585));
#13691 = VECTOR('',#13692,1.);
#13692 = DIRECTION('',(-0.301728078386,0.953394024899,0.));
#13693 = ORIENTED_EDGE('',*,*,#13694,.T.);
#13694 = EDGE_CURVE('',#13687,#13677,#13695,.T.);
#13695 = LINE('',#13696,#13697);
#13696 = CARTESIAN_POINT('',(114.641573,-72.697978,1.585));
#13697 = VECTOR('',#13698,1.);
#13698 = DIRECTION('',(-0.295918570222,-0.95521316982,0.));
#13699 = PLANE('',#13700);
#13700 = AXIS2_PLACEMENT_3D('',#13701,#13702,#13703);
#13701 = CARTESIAN_POINT('',(0.,0.,1.585));
#13702 = DIRECTION('',(0.,0.,1.));
#13703 = DIRECTION('',(1.,0.,-0.));
#13704 = SHELL_BASED_SURFACE_MODEL('',(#13705));
#13705 = OPEN_SHELL('',(#13706));
#13706 = ADVANCED_FACE('',(#13707),#13781,.T.);
#13707 = FACE_BOUND('',#13708,.F.);
#13708 = EDGE_LOOP('',(#13709,#13719,#13727,#13735,#13743,#13751,#13759,
    #13767,#13775));
#13709 = ORIENTED_EDGE('',*,*,#13710,.T.);
#13710 = EDGE_CURVE('',#13711,#13713,#13715,.T.);
#13711 = VERTEX_POINT('',#13712);
#13712 = CARTESIAN_POINT('',(119.64451,-72.917123,1.585));
#13713 = VERTEX_POINT('',#13714);
#13714 = CARTESIAN_POINT('',(119.633958,-72.771067,1.585));
#13715 = LINE('',#13716,#13717);
#13716 = CARTESIAN_POINT('',(119.64451,-72.917123,1.585));
#13717 = VECTOR('',#13718,1.);
#13718 = DIRECTION('',(-7.205845111186E-02,0.99740041088,0.));
#13719 = ORIENTED_EDGE('',*,*,#13720,.T.);
#13720 = EDGE_CURVE('',#13713,#13721,#13723,.T.);
#13721 = VERTEX_POINT('',#13722);
#13722 = CARTESIAN_POINT('',(119.926561,-72.771067,1.585));
#13723 = LINE('',#13724,#13725);
#13724 = CARTESIAN_POINT('',(119.633958,-72.771067,1.585));
#13725 = VECTOR('',#13726,1.);
#13726 = DIRECTION('',(1.,0.,0.));
#13727 = ORIENTED_EDGE('',*,*,#13728,.T.);
#13728 = EDGE_CURVE('',#13721,#13729,#13731,.T.);
#13729 = VERTEX_POINT('',#13730);
#13730 = CARTESIAN_POINT('',(119.925651,-72.777406,1.585));
#13731 = LINE('',#13732,#13733);
#13732 = CARTESIAN_POINT('',(119.926561,-72.771067,1.585));
#13733 = VECTOR('',#13734,1.);
#13734 = DIRECTION('',(-0.142099026147,-0.989852446968,0.));
#13735 = ORIENTED_EDGE('',*,*,#13736,.T.);
#13736 = EDGE_CURVE('',#13729,#13737,#13739,.T.);
#13737 = VERTEX_POINT('',#13738);
#13738 = CARTESIAN_POINT('',(119.917593,-72.865052,1.585));
#13739 = LINE('',#13740,#13741);
#13740 = CARTESIAN_POINT('',(119.925651,-72.777406,1.585));
#13741 = VECTOR('',#13742,1.);
#13742 = DIRECTION('',(-9.155191175591E-02,-0.995800305008,0.));
#13743 = ORIENTED_EDGE('',*,*,#13744,.T.);
#13744 = EDGE_CURVE('',#13737,#13745,#13747,.T.);
#13745 = VERTEX_POINT('',#13746);
#13746 = CARTESIAN_POINT('',(119.916067,-73.467478,1.585));
#13747 = LINE('',#13748,#13749);
#13748 = CARTESIAN_POINT('',(119.917593,-72.865052,1.585));
#13749 = VECTOR('',#13750,1.);
#13750 = DIRECTION('',(-2.533083074425E-03,-0.99999679174,0.));
#13751 = ORIENTED_EDGE('',*,*,#13752,.T.);
#13752 = EDGE_CURVE('',#13745,#13753,#13755,.T.);
#13753 = VERTEX_POINT('',#13754);
#13754 = CARTESIAN_POINT('',(119.926561,-73.622986,1.585));
#13755 = LINE('',#13756,#13757);
#13756 = CARTESIAN_POINT('',(119.916067,-73.467478,1.585));
#13757 = VECTOR('',#13758,1.);
#13758 = DIRECTION('',(6.732893073884E-02,-0.997730832983,0.));
#13759 = ORIENTED_EDGE('',*,*,#13760,.T.);
#13760 = EDGE_CURVE('',#13753,#13761,#13763,.T.);
#13761 = VERTEX_POINT('',#13762);
#13762 = CARTESIAN_POINT('',(119.633958,-73.622986,1.585));
#13763 = LINE('',#13764,#13765);
#13764 = CARTESIAN_POINT('',(119.926561,-73.622986,1.585));
#13765 = VECTOR('',#13766,1.);
#13766 = DIRECTION('',(-1.,0.,0.));
#13767 = ORIENTED_EDGE('',*,*,#13768,.T.);
#13768 = EDGE_CURVE('',#13761,#13769,#13771,.T.);
#13769 = VERTEX_POINT('',#13770);
#13770 = CARTESIAN_POINT('',(119.642871,-73.521778,1.585));
#13771 = LINE('',#13772,#13773);
#13772 = CARTESIAN_POINT('',(119.633958,-73.622986,1.585));
#13773 = VECTOR('',#13774,1.);
#13774 = DIRECTION('',(8.772662936943E-02,0.996144587146,0.));
#13775 = ORIENTED_EDGE('',*,*,#13776,.T.);
#13776 = EDGE_CURVE('',#13769,#13711,#13777,.T.);
#13777 = LINE('',#13778,#13779);
#13778 = CARTESIAN_POINT('',(119.642871,-73.521778,1.585));
#13779 = VECTOR('',#13780,1.);
#13780 = DIRECTION('',(2.710626685817E-03,0.999996326245,0.));
#13781 = PLANE('',#13782);
#13782 = AXIS2_PLACEMENT_3D('',#13783,#13784,#13785);
#13783 = CARTESIAN_POINT('',(0.,0.,1.585));
#13784 = DIRECTION('',(0.,0.,1.));
#13785 = DIRECTION('',(1.,0.,-0.));
#13786 = SHELL_BASED_SURFACE_MODEL('',(#13787));
#13787 = OPEN_SHELL('',(#13788));
#13788 = ADVANCED_FACE('',(#13789),#13855,.T.);
#13789 = FACE_BOUND('',#13790,.F.);
#13790 = EDGE_LOOP('',(#13791,#13801,#13809,#13817,#13825,#13833,#13841,
    #13849));
#13791 = ORIENTED_EDGE('',*,*,#13792,.T.);
#13792 = EDGE_CURVE('',#13793,#13795,#13797,.T.);
#13793 = VERTEX_POINT('',#13794);
#13794 = CARTESIAN_POINT('',(112.386601,-73.056343,1.585));
#13795 = VERTEX_POINT('',#13796);
#13796 = CARTESIAN_POINT('',(112.744631,-73.053366,1.585));
#13797 = LINE('',#13798,#13799);
#13798 = CARTESIAN_POINT('',(112.386601,-73.056343,1.585));
#13799 = VECTOR('',#13800,1.);
#13800 = DIRECTION('',(0.999965432632,8.314658249157E-03,0.));
#13801 = ORIENTED_EDGE('',*,*,#13802,.T.);
#13802 = EDGE_CURVE('',#13795,#13803,#13805,.T.);
#13803 = VERTEX_POINT('',#13804);
#13804 = CARTESIAN_POINT('',(112.799555,-73.046573,1.585));
#13805 = LINE('',#13806,#13807);
#13806 = CARTESIAN_POINT('',(112.744631,-73.053366,1.585));
#13807 = VECTOR('',#13808,1.);
#13808 = DIRECTION('',(0.992438272117,0.122744759713,0.));
#13809 = ORIENTED_EDGE('',*,*,#13810,.T.);
#13810 = EDGE_CURVE('',#13803,#13811,#13813,.T.);
#13811 = VERTEX_POINT('',#13812);
#13812 = CARTESIAN_POINT('',(112.799555,-73.312554,1.585));
#13813 = LINE('',#13814,#13815);
#13814 = CARTESIAN_POINT('',(112.799555,-73.046573,1.585));
#13815 = VECTOR('',#13816,1.);
#13816 = DIRECTION('',(0.,-1.,0.));
#13817 = ORIENTED_EDGE('',*,*,#13818,.T.);
#13818 = EDGE_CURVE('',#13811,#13819,#13821,.T.);
#13819 = VERTEX_POINT('',#13820);
#13820 = CARTESIAN_POINT('',(112.663756,-73.302784,1.585));
#13821 = LINE('',#13822,#13823);
#13822 = CARTESIAN_POINT('',(112.799555,-73.312554,1.585));
#13823 = VECTOR('',#13824,1.);
#13824 = DIRECTION('',(-0.99742199333,7.17590915606E-02,0.));
#13825 = ORIENTED_EDGE('',*,*,#13826,.T.);
#13826 = EDGE_CURVE('',#13819,#13827,#13829,.T.);
#13827 = VERTEX_POINT('',#13828);
#13828 = CARTESIAN_POINT('',(112.313627,-73.305277,1.585));
#13829 = LINE('',#13830,#13831);
#13830 = CARTESIAN_POINT('',(112.663756,-73.302784,1.585));
#13831 = VECTOR('',#13832,1.);
#13832 = DIRECTION('',(-0.999974652106,-7.120052345568E-03,0.));
#13833 = ORIENTED_EDGE('',*,*,#13834,.T.);
#13834 = EDGE_CURVE('',#13827,#13835,#13837,.T.);
#13835 = VERTEX_POINT('',#13836);
#13836 = CARTESIAN_POINT('',(112.250802,-73.312554,1.585));
#13837 = LINE('',#13838,#13839);
#13838 = CARTESIAN_POINT('',(112.313627,-73.305277,1.585));
#13839 = VECTOR('',#13840,1.);
#13840 = DIRECTION('',(-0.993358497114,-0.115060402443,0.));
#13841 = ORIENTED_EDGE('',*,*,#13842,.T.);
#13842 = EDGE_CURVE('',#13835,#13843,#13845,.T.);
#13843 = VERTEX_POINT('',#13844);
#13844 = CARTESIAN_POINT('',(112.250802,-73.046573,1.585));
#13845 = LINE('',#13846,#13847);
#13846 = CARTESIAN_POINT('',(112.250802,-73.312554,1.585));
#13847 = VECTOR('',#13848,1.);
#13848 = DIRECTION('',(0.,1.,0.));
#13849 = ORIENTED_EDGE('',*,*,#13850,.T.);
#13850 = EDGE_CURVE('',#13843,#13793,#13851,.T.);
#13851 = LINE('',#13852,#13853);
#13852 = CARTESIAN_POINT('',(112.250802,-73.046573,1.585));
#13853 = VECTOR('',#13854,1.);
#13854 = DIRECTION('',(0.99742199333,-7.175909156059E-02,0.));
#13855 = PLANE('',#13856);
#13856 = AXIS2_PLACEMENT_3D('',#13857,#13858,#13859);
#13857 = CARTESIAN_POINT('',(0.,0.,1.585));
#13858 = DIRECTION('',(0.,0.,1.));
#13859 = DIRECTION('',(1.,0.,-0.));
#13860 = SHELL_BASED_SURFACE_MODEL('',(#13861));
#13861 = OPEN_SHELL('',(#13862));
#13862 = ADVANCED_FACE('',(#13863),#13933,.T.);
#13863 = FACE_BOUND('',#13864,.F.);
#13864 = EDGE_LOOP('',(#13865,#13876,#13884,#13893,#13901,#13910,#13918,
    #13927));
#13865 = ORIENTED_EDGE('',*,*,#13866,.T.);
#13866 = EDGE_CURVE('',#13867,#13869,#13871,.T.);
#13867 = VERTEX_POINT('',#13868);
#13868 = CARTESIAN_POINT('',(104.100361,-72.863591,1.585));
#13869 = VERTEX_POINT('',#13870);
#13870 = CARTESIAN_POINT('',(105.939639,-72.863591,1.585));
#13871 = CIRCLE('',#13872,1.444237343281);
#13872 = AXIS2_PLACEMENT_3D('',#13873,#13874,#13875);
#13873 = CARTESIAN_POINT('',(105.02,-71.74999968654,1.585));
#13874 = DIRECTION('',(0.,0.,1.));
#13875 = DIRECTION('',(-0.636764451687,-0.771058384993,0.));
#13876 = ORIENTED_EDGE('',*,*,#13877,.T.);
#13877 = EDGE_CURVE('',#13869,#13878,#13880,.T.);
#13878 = VERTEX_POINT('',#13879);
#13879 = CARTESIAN_POINT('',(106.019323,-72.7868,1.585));
#13880 = LINE('',#13881,#13882);
#13881 = CARTESIAN_POINT('',(105.939639,-72.863591,1.585));
#13882 = VECTOR('',#13883,1.);
#13883 = DIRECTION('',(0.720057121836,0.693914793972,0.));
#13884 = ORIENTED_EDGE('',*,*,#13885,.T.);
#13885 = EDGE_CURVE('',#13878,#13886,#13888,.T.);
#13886 = VERTEX_POINT('',#13887);
#13887 = CARTESIAN_POINT('',(106.102599,-72.873199,1.585));
#13888 = CIRCLE('',#13889,5.999933203281E-02);
#13889 = AXIS2_PLACEMENT_3D('',#13890,#13891,#13892);
#13890 = CARTESIAN_POINT('',(106.06096126286,-72.82999924663,1.585));
#13891 = DIRECTION('',(0.,0.,-1.));
#13892 = DIRECTION('',(-0.693978773719,0.719995459449,0.));
#13893 = ORIENTED_EDGE('',*,*,#13894,.T.);
#13894 = EDGE_CURVE('',#13886,#13895,#13897,.T.);
#13895 = VERTEX_POINT('',#13896);
#13896 = CARTESIAN_POINT('',(105.935962,-73.012779,1.585));
#13897 = LINE('',#13898,#13899);
#13898 = CARTESIAN_POINT('',(106.102599,-72.873199,1.585));
#13899 = VECTOR('',#13900,1.);
#13900 = DIRECTION('',(-0.766599249119,-0.642125837551,0.));
#13901 = ORIENTED_EDGE('',*,*,#13902,.T.);
#13902 = EDGE_CURVE('',#13895,#13903,#13905,.T.);
#13903 = VERTEX_POINT('',#13904);
#13904 = CARTESIAN_POINT('',(103.937401,-72.8732,1.585));
#13905 = CIRCLE('',#13906,1.560001495159);
#13906 = AXIS2_PLACEMENT_3D('',#13907,#13908,#13909);
#13907 = CARTESIAN_POINT('',(105.01999978387,-71.74999719638,1.585));
#13908 = DIRECTION('',(-0.,0.,-1.));
#13909 = DIRECTION('',(0.587154703995,-0.809474739307,-0.));
#13910 = ORIENTED_EDGE('',*,*,#13911,.T.);
#13911 = EDGE_CURVE('',#13903,#13912,#13914,.T.);
#13912 = VERTEX_POINT('',#13913);
#13913 = CARTESIAN_POINT('',(103.91996,-72.840475,1.585));
#13914 = LINE('',#13915,#13916);
#13915 = CARTESIAN_POINT('',(103.937401,-72.8732,1.585));
#13916 = VECTOR('',#13917,1.);
#13917 = DIRECTION('',(-0.470329277038,0.882491003445,0.));
#13918 = ORIENTED_EDGE('',*,*,#13919,.T.);
#13919 = EDGE_CURVE('',#13912,#13920,#13922,.T.);
#13920 = VERTEX_POINT('',#13921);
#13921 = CARTESIAN_POINT('',(104.020678,-72.786799,1.585));
#13922 = CIRCLE('',#13923,6.000107124845E-02);
#13923 = AXIS2_PLACEMENT_3D('',#13924,#13925,#13926);
#13924 = CARTESIAN_POINT('',(103.97903975202,-72.83000067654,1.585));
#13925 = DIRECTION('',(0.,0.,-1.));
#13926 = DIRECTION('',(-0.984644953734,-0.174568940785,-0.));
#13927 = ORIENTED_EDGE('',*,*,#13928,.T.);
#13928 = EDGE_CURVE('',#13920,#13867,#13929,.T.);
#13929 = LINE('',#13930,#13931);
#13930 = CARTESIAN_POINT('',(104.020678,-72.786799,1.585));
#13931 = VECTOR('',#13932,1.);
#13932 = DIRECTION('',(0.720048255468,-0.693923994251,0.));
#13933 = PLANE('',#13934);
#13934 = AXIS2_PLACEMENT_3D('',#13935,#13936,#13937);
#13935 = CARTESIAN_POINT('',(0.,0.,1.585));
#13936 = DIRECTION('',(0.,0.,1.));
#13937 = DIRECTION('',(1.,0.,-0.));
#13938 = SHELL_BASED_SURFACE_MODEL('',(#13939));
#13939 = OPEN_SHELL('',(#13940));
#13940 = ADVANCED_FACE('',(#13941),#14011,.T.);
#13941 = FACE_BOUND('',#13942,.F.);
#13942 = EDGE_LOOP('',(#13943,#13954,#13962,#13971,#13979,#13988,#13996,
    #14005));
#13943 = ORIENTED_EDGE('',*,*,#13944,.T.);
#13944 = EDGE_CURVE('',#13945,#13947,#13949,.T.);
#13945 = VERTEX_POINT('',#13946);
#13946 = CARTESIAN_POINT('',(124.060361,-72.863591,1.585));
#13947 = VERTEX_POINT('',#13948);
#13948 = CARTESIAN_POINT('',(125.899639,-72.863591,1.585));
#13949 = CIRCLE('',#13950,1.444237343281);
#13950 = AXIS2_PLACEMENT_3D('',#13951,#13952,#13953);
#13951 = CARTESIAN_POINT('',(124.98,-71.74999968654,1.585));
#13952 = DIRECTION('',(0.,0.,1.));
#13953 = DIRECTION('',(-0.636764451687,-0.771058384993,0.));
#13954 = ORIENTED_EDGE('',*,*,#13955,.T.);
#13955 = EDGE_CURVE('',#13947,#13956,#13958,.T.);
#13956 = VERTEX_POINT('',#13957);
#13957 = CARTESIAN_POINT('',(125.979323,-72.7868,1.585));
#13958 = LINE('',#13959,#13960);
#13959 = CARTESIAN_POINT('',(125.899639,-72.863591,1.585));
#13960 = VECTOR('',#13961,1.);
#13961 = DIRECTION('',(0.720057121836,0.693914793972,0.));
#13962 = ORIENTED_EDGE('',*,*,#13963,.T.);
#13963 = EDGE_CURVE('',#13956,#13964,#13966,.T.);
#13964 = VERTEX_POINT('',#13965);
#13965 = CARTESIAN_POINT('',(126.062599,-72.873199,1.585));
#13966 = CIRCLE('',#13967,5.999933203281E-02);
#13967 = AXIS2_PLACEMENT_3D('',#13968,#13969,#13970);
#13968 = CARTESIAN_POINT('',(126.02096126286,-72.82999924663,1.585));
#13969 = DIRECTION('',(0.,0.,-1.));
#13970 = DIRECTION('',(-0.693978773719,0.719995459449,0.));
#13971 = ORIENTED_EDGE('',*,*,#13972,.T.);
#13972 = EDGE_CURVE('',#13964,#13973,#13975,.T.);
#13973 = VERTEX_POINT('',#13974);
#13974 = CARTESIAN_POINT('',(125.895962,-73.012779,1.585));
#13975 = LINE('',#13976,#13977);
#13976 = CARTESIAN_POINT('',(126.062599,-72.873199,1.585));
#13977 = VECTOR('',#13978,1.);
#13978 = DIRECTION('',(-0.766599249119,-0.642125837551,0.));
#13979 = ORIENTED_EDGE('',*,*,#13980,.T.);
#13980 = EDGE_CURVE('',#13973,#13981,#13983,.T.);
#13981 = VERTEX_POINT('',#13982);
#13982 = CARTESIAN_POINT('',(123.897401,-72.8732,1.585));
#13983 = CIRCLE('',#13984,1.560001495159);
#13984 = AXIS2_PLACEMENT_3D('',#13985,#13986,#13987);
#13985 = CARTESIAN_POINT('',(124.97999978387,-71.74999719638,1.585));
#13986 = DIRECTION('',(-0.,0.,-1.));
#13987 = DIRECTION('',(0.587154703995,-0.809474739307,-0.));
#13988 = ORIENTED_EDGE('',*,*,#13989,.T.);
#13989 = EDGE_CURVE('',#13981,#13990,#13992,.T.);
#13990 = VERTEX_POINT('',#13991);
#13991 = CARTESIAN_POINT('',(123.87996,-72.840475,1.585));
#13992 = LINE('',#13993,#13994);
#13993 = CARTESIAN_POINT('',(123.897401,-72.8732,1.585));
#13994 = VECTOR('',#13995,1.);
#13995 = DIRECTION('',(-0.470329277038,0.882491003445,0.));
#13996 = ORIENTED_EDGE('',*,*,#13997,.T.);
#13997 = EDGE_CURVE('',#13990,#13998,#14000,.T.);
#13998 = VERTEX_POINT('',#13999);
#13999 = CARTESIAN_POINT('',(123.980678,-72.786799,1.585));
#14000 = CIRCLE('',#14001,6.000107124846E-02);
#14001 = AXIS2_PLACEMENT_3D('',#14002,#14003,#14004);
#14002 = CARTESIAN_POINT('',(123.93903975202,-72.83000067654,1.585));
#14003 = DIRECTION('',(0.,0.,-1.));
#14004 = DIRECTION('',(-0.984644953734,-0.174568940785,-0.));
#14005 = ORIENTED_EDGE('',*,*,#14006,.T.);
#14006 = EDGE_CURVE('',#13998,#13945,#14007,.T.);
#14007 = LINE('',#14008,#14009);
#14008 = CARTESIAN_POINT('',(123.980678,-72.786799,1.585));
#14009 = VECTOR('',#14010,1.);
#14010 = DIRECTION('',(0.720048255468,-0.693923994251,0.));
#14011 = PLANE('',#14012);
#14012 = AXIS2_PLACEMENT_3D('',#14013,#14014,#14015);
#14013 = CARTESIAN_POINT('',(0.,0.,1.585));
#14014 = DIRECTION('',(0.,0.,1.));
#14015 = DIRECTION('',(1.,0.,-0.));
#14016 = SHELL_BASED_SURFACE_MODEL('',(#14017));
#14017 = OPEN_SHELL('',(#14018));
#14018 = ADVANCED_FACE('',(#14019),#14053,.T.);
#14019 = FACE_BOUND('',#14020,.F.);
#14020 = EDGE_LOOP('',(#14021,#14031,#14039,#14047));
#14021 = ORIENTED_EDGE('',*,*,#14022,.T.);
#14022 = EDGE_CURVE('',#14023,#14025,#14027,.T.);
#14023 = VERTEX_POINT('',#14024);
#14024 = CARTESIAN_POINT('',(119.63811,-72.668485,1.585));
#14025 = VERTEX_POINT('',#14026);
#14026 = CARTESIAN_POINT('',(119.63811,-72.458436,1.585));
#14027 = LINE('',#14028,#14029);
#14028 = CARTESIAN_POINT('',(119.63811,-72.668485,1.585));
#14029 = VECTOR('',#14030,1.);
#14030 = DIRECTION('',(0.,1.,0.));
#14031 = ORIENTED_EDGE('',*,*,#14032,.T.);
#14032 = EDGE_CURVE('',#14025,#14033,#14035,.T.);
#14033 = VERTEX_POINT('',#14034);
#14034 = CARTESIAN_POINT('',(119.922348,-72.458436,1.585));
#14035 = LINE('',#14036,#14037);
#14036 = CARTESIAN_POINT('',(119.63811,-72.458436,1.585));
#14037 = VECTOR('',#14038,1.);
#14038 = DIRECTION('',(1.,0.,0.));
#14039 = ORIENTED_EDGE('',*,*,#14040,.T.);
#14040 = EDGE_CURVE('',#14033,#14041,#14043,.T.);
#14041 = VERTEX_POINT('',#14042);
#14042 = CARTESIAN_POINT('',(119.922348,-72.668485,1.585));
#14043 = LINE('',#14044,#14045);
#14044 = CARTESIAN_POINT('',(119.922348,-72.458436,1.585));
#14045 = VECTOR('',#14046,1.);
#14046 = DIRECTION('',(0.,-1.,0.));
#14047 = ORIENTED_EDGE('',*,*,#14048,.T.);
#14048 = EDGE_CURVE('',#14041,#14023,#14049,.T.);
#14049 = LINE('',#14050,#14051);
#14050 = CARTESIAN_POINT('',(119.922348,-72.668485,1.585));
#14051 = VECTOR('',#14052,1.);
#14052 = DIRECTION('',(-1.,0.,0.));
#14053 = PLANE('',#14054);
#14054 = AXIS2_PLACEMENT_3D('',#14055,#14056,#14057);
#14055 = CARTESIAN_POINT('',(0.,0.,1.585));
#14056 = DIRECTION('',(0.,0.,1.));
#14057 = DIRECTION('',(1.,0.,-0.));
#14058 = SHELL_BASED_SURFACE_MODEL('',(#14059));
#14059 = OPEN_SHELL('',(#14060));
#14060 = ADVANCED_FACE('',(#14061),#14220,.T.);
#14061 = FACE_BOUND('',#14062,.F.);
#14062 = EDGE_LOOP('',(#14063,#14074,#14082,#14090,#14098,#14106,#14114,
    #14122,#14131,#14139,#14148,#14156,#14164,#14172,#14181,#14189,
    #14197,#14205,#14214));
#14063 = ORIENTED_EDGE('',*,*,#14064,.T.);
#14064 = EDGE_CURVE('',#14065,#14067,#14069,.T.);
#14065 = VERTEX_POINT('',#14066);
#14066 = CARTESIAN_POINT('',(109.228364,-71.185356,1.585));
#14067 = VERTEX_POINT('',#14068);
#14068 = CARTESIAN_POINT('',(109.737759,-71.194686,1.585));
#14069 = CIRCLE('',#14070,0.450326844012);
#14070 = AXIS2_PLACEMENT_3D('',#14071,#14072,#14073);
#14071 = CARTESIAN_POINT('',(109.4762610301,-71.56130989199,1.585));
#14072 = DIRECTION('',(0.,0.,-1.));
#14073 = DIRECTION('',(-0.550482462684,0.834846727416,0.));
#14074 = ORIENTED_EDGE('',*,*,#14075,.T.);
#14075 = EDGE_CURVE('',#14067,#14076,#14078,.T.);
#14076 = VERTEX_POINT('',#14077);
#14077 = CARTESIAN_POINT('',(109.801212,-71.260216,1.585));
#14078 = LINE('',#14079,#14080);
#14079 = CARTESIAN_POINT('',(109.737759,-71.194686,1.585));
#14080 = VECTOR('',#14081,1.);
#14081 = DIRECTION('',(0.695630129574,-0.718400113327,0.));
#14082 = ORIENTED_EDGE('',*,*,#14083,.T.);
#14083 = EDGE_CURVE('',#14076,#14084,#14086,.T.);
#14084 = VERTEX_POINT('',#14085);
#14085 = CARTESIAN_POINT('',(109.859273,-71.380663,1.585));
#14086 = LINE('',#14087,#14088);
#14087 = CARTESIAN_POINT('',(109.801212,-71.260216,1.585));
#14088 = VECTOR('',#14089,1.);
#14089 = DIRECTION('',(0.434228424707,-0.900802794832,0.));
#14090 = ORIENTED_EDGE('',*,*,#14091,.T.);
#14091 = EDGE_CURVE('',#14084,#14092,#14094,.T.);
#14092 = VERTEX_POINT('',#14093);
#14093 = CARTESIAN_POINT('',(109.858514,-71.506995,1.585));
#14094 = LINE('',#14095,#14096);
#14095 = CARTESIAN_POINT('',(109.859273,-71.380663,1.585));
#14096 = VECTOR('',#14097,1.);
#14097 = DIRECTION('',(-6.007870547546E-03,-0.999981952583,0.));
#14098 = ORIENTED_EDGE('',*,*,#14099,.T.);
#14099 = EDGE_CURVE('',#14092,#14100,#14102,.T.);
#14100 = VERTEX_POINT('',#14101);
#14101 = CARTESIAN_POINT('',(109.800456,-71.675058,1.585));
#14102 = LINE('',#14103,#14104);
#14103 = CARTESIAN_POINT('',(109.858514,-71.506995,1.585));
#14104 = VECTOR('',#14105,1.);
#14105 = DIRECTION('',(-0.326519613327,-0.945190426376,0.));
#14106 = ORIENTED_EDGE('',*,*,#14107,.T.);
#14107 = EDGE_CURVE('',#14100,#14108,#14110,.T.);
#14108 = VERTEX_POINT('',#14109);
#14109 = CARTESIAN_POINT('',(109.347733,-72.129819,1.585));
#14110 = LINE('',#14111,#14112);
#14111 = CARTESIAN_POINT('',(109.800456,-71.675058,1.585));
#14112 = VECTOR('',#14113,1.);
#14113 = DIRECTION('',(-0.705517003129,-0.708692992978,0.));
#14114 = ORIENTED_EDGE('',*,*,#14115,.T.);
#14115 = EDGE_CURVE('',#14108,#14116,#14118,.T.);
#14116 = VERTEX_POINT('',#14117);
#14117 = CARTESIAN_POINT('',(109.800346,-72.13126,1.585));
#14118 = LINE('',#14119,#14120);
#14119 = CARTESIAN_POINT('',(109.347733,-72.129819,1.585));
#14120 = VECTOR('',#14121,1.);
#14121 = DIRECTION('',(0.999994931953,-3.183719197072E-03,0.));
#14122 = ORIENTED_EDGE('',*,*,#14123,.T.);
#14123 = EDGE_CURVE('',#14116,#14124,#14126,.T.);
#14124 = VERTEX_POINT('',#14125);
#14125 = CARTESIAN_POINT('',(109.785714,-72.279819,1.585));
#14126 = CIRCLE('',#14127,7.500006711464E-02);
#14127 = AXIS2_PLACEMENT_3D('',#14128,#14129,#14130);
#14128 = CARTESIAN_POINT('',(109.78571406711,-72.20481893288,1.585));
#14129 = DIRECTION('',(0.,0.,-1.));
#14130 = DIRECTION('',(0.195092263891,0.980784894138,0.));
#14131 = ORIENTED_EDGE('',*,*,#14132,.T.);
#14132 = EDGE_CURVE('',#14124,#14133,#14135,.T.);
#14133 = VERTEX_POINT('',#14134);
#14134 = CARTESIAN_POINT('',(109.152035,-72.278378,1.585));
#14135 = LINE('',#14136,#14137);
#14136 = CARTESIAN_POINT('',(109.785714,-72.279819,1.585));
#14137 = VECTOR('',#14138,1.);
#14138 = DIRECTION('',(-0.999997414422,2.274016140951E-03,0.));
#14139 = ORIENTED_EDGE('',*,*,#14140,.T.);
#14140 = EDGE_CURVE('',#14133,#14141,#14143,.T.);
#14141 = VERTEX_POINT('',#14142);
#14142 = CARTESIAN_POINT('',(109.113634,-72.151786,1.585));
#14143 = CIRCLE('',#14144,7.500021013111E-02);
#14144 = AXIS2_PLACEMENT_3D('',#14145,#14146,#14147);
#14145 = CARTESIAN_POINT('',(109.1666673167,-72.20481899764,1.585));
#14146 = DIRECTION('',(0.,0.,-1.));
#14147 = DIRECTION('',(-0.195097009436,-0.980783950169,-0.));
#14148 = ORIENTED_EDGE('',*,*,#14149,.T.);
#14149 = EDGE_CURVE('',#14141,#14150,#14152,.T.);
#14150 = VERTEX_POINT('',#14151);
#14151 = CARTESIAN_POINT('',(109.672542,-71.592876,1.585));
#14152 = LINE('',#14153,#14154);
#14153 = CARTESIAN_POINT('',(109.113634,-72.151786,1.585));
#14154 = VECTOR('',#14155,1.);
#14155 = DIRECTION('',(0.70710551603,0.707108046341,0.));
#14156 = ORIENTED_EDGE('',*,*,#14157,.T.);
#14157 = EDGE_CURVE('',#14150,#14158,#14160,.T.);
#14158 = VERTEX_POINT('',#14159);
#14159 = CARTESIAN_POINT('',(109.710714,-71.478363,1.585));
#14160 = LINE('',#14161,#14162);
#14161 = CARTESIAN_POINT('',(109.672542,-71.592876,1.585));
#14162 = VECTOR('',#14163,1.);
#14163 = DIRECTION('',(0.31623522204,0.948680812677,0.));
#14164 = ORIENTED_EDGE('',*,*,#14165,.T.);
#14165 = EDGE_CURVE('',#14158,#14166,#14168,.T.);
#14166 = VERTEX_POINT('',#14167);
#14167 = CARTESIAN_POINT('',(109.710714,-71.413,1.585));
#14168 = LINE('',#14169,#14170);
#14169 = CARTESIAN_POINT('',(109.710714,-71.478363,1.585));
#14170 = VECTOR('',#14171,1.);
#14171 = DIRECTION('',(0.,1.,0.));
#14172 = ORIENTED_EDGE('',*,*,#14173,.T.);
#14173 = EDGE_CURVE('',#14166,#14174,#14176,.T.);
#14174 = VERTEX_POINT('',#14175);
#14175 = CARTESIAN_POINT('',(109.577533,-71.279819,1.585));
#14176 = CIRCLE('',#14177,0.18686440374);
#14177 = AXIS2_PLACEMENT_3D('',#14178,#14179,#14180);
#14178 = CARTESIAN_POINT('',(109.529997,-71.460536,1.585));
#14179 = DIRECTION('',(0.,0.,1.));
#14180 = DIRECTION('',(0.967102328658,0.254387668537,-0.));
#14181 = ORIENTED_EDGE('',*,*,#14182,.T.);
#14182 = EDGE_CURVE('',#14174,#14183,#14185,.T.);
#14183 = VERTEX_POINT('',#14184);
#14184 = CARTESIAN_POINT('',(109.374848,-71.279819,1.585));
#14185 = LINE('',#14186,#14187);
#14186 = CARTESIAN_POINT('',(109.577533,-71.279819,1.585));
#14187 = VECTOR('',#14188,1.);
#14188 = DIRECTION('',(-1.,0.,0.));
#14189 = ORIENTED_EDGE('',*,*,#14190,.T.);
#14190 = EDGE_CURVE('',#14183,#14191,#14193,.T.);
#14191 = VERTEX_POINT('',#14192);
#14192 = CARTESIAN_POINT('',(109.306332,-71.314077,1.585));
#14193 = LINE('',#14194,#14195);
#14194 = CARTESIAN_POINT('',(109.374848,-71.279819,1.585));
#14195 = VECTOR('',#14196,1.);
#14196 = DIRECTION('',(-0.894427191,-0.4472135955,0.));
#14197 = ORIENTED_EDGE('',*,*,#14198,.T.);
#14198 = EDGE_CURVE('',#14191,#14199,#14201,.T.);
#14199 = VERTEX_POINT('',#14200);
#14200 = CARTESIAN_POINT('',(109.255954,-71.362417,1.585));
#14201 = LINE('',#14202,#14203);
#14202 = CARTESIAN_POINT('',(109.306332,-71.314077,1.585));
#14203 = VECTOR('',#14204,1.);
#14204 = DIRECTION('',(-0.721551016594,-0.692361271629,0.));
#14205 = ORIENTED_EDGE('',*,*,#14206,.T.);
#14206 = EDGE_CURVE('',#14199,#14207,#14209,.T.);
#14207 = VERTEX_POINT('',#14208);
#14208 = CARTESIAN_POINT('',(109.161253,-71.247024,1.585));
#14209 = CIRCLE('',#14210,7.499996838527E-02);
#14210 = AXIS2_PLACEMENT_3D('',#14211,#14212,#14213);
#14211 = CARTESIAN_POINT('',(109.214286,-71.30005697246,1.585));
#14212 = DIRECTION('',(0.,0.,-1.));
#14213 = DIRECTION('',(0.555573567524,-0.831467384248,0.));
#14214 = ORIENTED_EDGE('',*,*,#14215,.T.);
#14215 = EDGE_CURVE('',#14207,#14065,#14216,.T.);
#14216 = LINE('',#14217,#14218);
#14217 = CARTESIAN_POINT('',(109.161253,-71.247024,1.585));
#14218 = VECTOR('',#14219,1.);
#14219 = DIRECTION('',(0.736336089652,0.676615964248,0.));
#14220 = PLANE('',#14221);
#14221 = AXIS2_PLACEMENT_3D('',#14222,#14223,#14224);
#14222 = CARTESIAN_POINT('',(0.,0.,1.585));
#14223 = DIRECTION('',(0.,0.,1.));
#14224 = DIRECTION('',(1.,0.,-0.));
#14225 = SHELL_BASED_SURFACE_MODEL('',(#14226));
#14226 = OPEN_SHELL('',(#14227));
#14227 = ADVANCED_FACE('',(#14228),#14362,.T.);
#14228 = FACE_BOUND('',#14229,.F.);
#14229 = EDGE_LOOP('',(#14230,#14240,#14248,#14257,#14265,#14273,#14282,
    #14290,#14299,#14307,#14315,#14323,#14331,#14340,#14348,#14356));
#14230 = ORIENTED_EDGE('',*,*,#14231,.T.);
#14231 = EDGE_CURVE('',#14232,#14234,#14236,.T.);
#14232 = VERTEX_POINT('',#14233);
#14233 = CARTESIAN_POINT('',(121.426912,-71.151841,1.585));
#14234 = VERTEX_POINT('',#14235);
#14235 = CARTESIAN_POINT('',(121.465368,-71.13126,1.585));
#14236 = LINE('',#14237,#14238);
#14237 = CARTESIAN_POINT('',(121.426912,-71.151841,1.585));
#14238 = VECTOR('',#14239,1.);
#14239 = DIRECTION('',(0.881674852639,0.471857451169,0.));
#14240 = ORIENTED_EDGE('',*,*,#14241,.T.);
#14241 = EDGE_CURVE('',#14234,#14242,#14244,.T.);
#14242 = VERTEX_POINT('',#14243);
#14243 = CARTESIAN_POINT('',(121.487205,-71.13126,1.585));
#14244 = LINE('',#14245,#14246);
#14245 = CARTESIAN_POINT('',(121.465368,-71.13126,1.585));
#14246 = VECTOR('',#14247,1.);
#14247 = DIRECTION('',(1.,0.,0.));
#14248 = ORIENTED_EDGE('',*,*,#14249,.T.);
#14249 = EDGE_CURVE('',#14242,#14250,#14252,.T.);
#14250 = VERTEX_POINT('',#14251);
#14251 = CARTESIAN_POINT('',(121.555,-71.204819,1.585));
#14252 = CIRCLE('',#14253,7.21689809423E-02);
#14253 = AXIS2_PLACEMENT_3D('',#14254,#14255,#14256);
#14254 = CARTESIAN_POINT('',(121.48284706389,-71.20329728342,1.585));
#14255 = DIRECTION('',(0.,0.,-1.));
#14256 = DIRECTION('',(6.038516895283E-02,0.998175150648,0.));
#14257 = ORIENTED_EDGE('',*,*,#14258,.T.);
#14258 = EDGE_CURVE('',#14250,#14259,#14261,.T.);
#14259 = VERTEX_POINT('',#14260);
#14260 = CARTESIAN_POINT('',(121.555,-72.129819,1.585));
#14261 = LINE('',#14262,#14263);
#14262 = CARTESIAN_POINT('',(121.555,-71.204819,1.585));
#14263 = VECTOR('',#14264,1.);
#14264 = DIRECTION('',(0.,-1.,0.));
#14265 = ORIENTED_EDGE('',*,*,#14266,.T.);
#14266 = EDGE_CURVE('',#14259,#14267,#14269,.T.);
#14267 = VERTEX_POINT('',#14268);
#14268 = CARTESIAN_POINT('',(121.780346,-72.13126,1.585));
#14269 = LINE('',#14270,#14271);
#14270 = CARTESIAN_POINT('',(121.555,-72.129819,1.585));
#14271 = VECTOR('',#14272,1.);
#14272 = DIRECTION('',(0.999979555102,-6.394480216655E-03,0.));
#14273 = ORIENTED_EDGE('',*,*,#14274,.T.);
#14274 = EDGE_CURVE('',#14267,#14275,#14277,.T.);
#14275 = VERTEX_POINT('',#14276);
#14276 = CARTESIAN_POINT('',(121.765714,-72.279819,1.585));
#14277 = CIRCLE('',#14278,7.500006711465E-02);
#14278 = AXIS2_PLACEMENT_3D('',#14279,#14280,#14281);
#14279 = CARTESIAN_POINT('',(121.76571406711,-72.20481893288,1.585));
#14280 = DIRECTION('',(0.,0.,-1.));
#14281 = DIRECTION('',(0.195092263891,0.980784894138,0.));
#14282 = ORIENTED_EDGE('',*,*,#14283,.T.);
#14283 = EDGE_CURVE('',#14275,#14284,#14286,.T.);
#14284 = VERTEX_POINT('',#14285);
#14285 = CARTESIAN_POINT('',(121.179654,-72.278378,1.585));
#14286 = LINE('',#14287,#14288);
#14287 = CARTESIAN_POINT('',(121.765714,-72.279819,1.585));
#14288 = VECTOR('',#14289,1.);
#14289 = DIRECTION('',(-0.999996977183,2.45878518261E-03,0.));
#14290 = ORIENTED_EDGE('',*,*,#14291,.T.);
#14291 = EDGE_CURVE('',#14284,#14292,#14294,.T.);
#14292 = VERTEX_POINT('',#14293);
#14293 = CARTESIAN_POINT('',(121.194286,-72.129819,1.585));
#14294 = CIRCLE('',#14295,7.500006711465E-02);
#14295 = AXIS2_PLACEMENT_3D('',#14296,#14297,#14298);
#14296 = CARTESIAN_POINT('',(121.19428593288,-72.20481906711,1.585));
#14297 = DIRECTION('',(0.,0.,-1.));
#14298 = DIRECTION('',(-0.195092263891,-0.980784894138,-0.));
#14299 = ORIENTED_EDGE('',*,*,#14300,.T.);
#14300 = EDGE_CURVE('',#14292,#14301,#14303,.T.);
#14301 = VERTEX_POINT('',#14302);
#14302 = CARTESIAN_POINT('',(121.405,-72.129819,1.585));
#14303 = LINE('',#14304,#14305);
#14304 = CARTESIAN_POINT('',(121.194286,-72.129819,1.585));
#14305 = VECTOR('',#14306,1.);
#14306 = DIRECTION('',(1.,0.,0.));
#14307 = ORIENTED_EDGE('',*,*,#14308,.T.);
#14308 = EDGE_CURVE('',#14301,#14309,#14311,.T.);
#14309 = VERTEX_POINT('',#14310);
#14310 = CARTESIAN_POINT('',(121.405,-71.433504,1.585));
#14311 = LINE('',#14312,#14313);
#14312 = CARTESIAN_POINT('',(121.405,-72.129819,1.585));
#14313 = VECTOR('',#14314,1.);
#14314 = DIRECTION('',(0.,1.,0.));
#14315 = ORIENTED_EDGE('',*,*,#14316,.T.);
#14316 = EDGE_CURVE('',#14309,#14317,#14319,.T.);
#14317 = VERTEX_POINT('',#14318);
#14318 = CARTESIAN_POINT('',(121.329364,-71.506031,1.585));
#14319 = LINE('',#14320,#14321);
#14320 = CARTESIAN_POINT('',(121.405,-71.433504,1.585));
#14321 = VECTOR('',#14322,1.);
#14322 = DIRECTION('',(-0.721785571396,-0.692116745156,0.));
#14323 = ORIENTED_EDGE('',*,*,#14324,.T.);
#14324 = EDGE_CURVE('',#14317,#14325,#14327,.T.);
#14325 = VERTEX_POINT('',#14326);
#14326 = CARTESIAN_POINT('',(121.214095,-71.56287,1.585));
#14327 = LINE('',#14328,#14329);
#14328 = CARTESIAN_POINT('',(121.329364,-71.506031,1.585));
#14329 = VECTOR('',#14330,1.);
#14330 = DIRECTION('',(-0.896889346494,-0.442255017094,0.));
#14331 = ORIENTED_EDGE('',*,*,#14332,.T.);
#14332 = EDGE_CURVE('',#14325,#14333,#14335,.T.);
#14333 = VERTEX_POINT('',#14334);
#14334 = CARTESIAN_POINT('',(121.160745,-71.423451,1.585));
#14335 = CIRCLE('',#14336,7.500005272361E-02);
#14336 = AXIS2_PLACEMENT_3D('',#14337,#14338,#14339);
#14337 = CARTESIAN_POINT('',(121.19428555676,-71.49053332972,1.585));
#14338 = DIRECTION('',(0.,0.,-1.));
#14339 = DIRECTION('',(0.264125724196,-0.964488259036,0.));
#14340 = ORIENTED_EDGE('',*,*,#14341,.T.);
#14341 = EDGE_CURVE('',#14333,#14342,#14344,.T.);
#14342 = VERTEX_POINT('',#14343);
#14343 = CARTESIAN_POINT('',(121.245097,-71.381275,1.585));
#14344 = LINE('',#14345,#14346);
#14345 = CARTESIAN_POINT('',(121.160745,-71.423451,1.585));
#14346 = VECTOR('',#14347,1.);
#14347 = DIRECTION('',(0.894427191,0.4472135955,0.));
#14348 = ORIENTED_EDGE('',*,*,#14349,.T.);
#14349 = EDGE_CURVE('',#14342,#14350,#14352,.T.);
#14350 = VERTEX_POINT('',#14351);
#14351 = CARTESIAN_POINT('',(121.326476,-71.299896,1.585));
#14352 = LINE('',#14353,#14354);
#14353 = CARTESIAN_POINT('',(121.245097,-71.381275,1.585));
#14354 = VECTOR('',#14355,1.);
#14355 = DIRECTION('',(0.707106781187,0.707106781187,0.));
#14356 = ORIENTED_EDGE('',*,*,#14357,.T.);
#14357 = EDGE_CURVE('',#14350,#14232,#14358,.T.);
#14358 = LINE('',#14359,#14360);
#14359 = CARTESIAN_POINT('',(121.326476,-71.299896,1.585));
#14360 = VECTOR('',#14361,1.);
#14361 = DIRECTION('',(0.561387006404,0.82755339951,0.));
#14362 = PLANE('',#14363);
#14363 = AXIS2_PLACEMENT_3D('',#14364,#14365,#14366);
#14364 = CARTESIAN_POINT('',(0.,0.,1.585));
#14365 = DIRECTION('',(0.,0.,1.));
#14366 = DIRECTION('',(1.,0.,-0.));
#14367 = SHELL_BASED_SURFACE_MODEL('',(#14368));
#14368 = OPEN_SHELL('',(#14369));
#14369 = ADVANCED_FACE('',(#14370,#14486),#14569,.T.);
#14370 = FACE_BOUND('',#14371,.F.);
#14371 = EDGE_LOOP('',(#14372,#14383,#14391,#14399,#14407,#14415,#14423,
    #14431,#14439,#14447,#14455,#14463,#14471,#14480));
#14372 = ORIENTED_EDGE('',*,*,#14373,.T.);
#14373 = EDGE_CURVE('',#14374,#14376,#14378,.T.);
#14374 = VERTEX_POINT('',#14375);
#14375 = CARTESIAN_POINT('',(108.188346,-71.190187,1.585));
#14376 = VERTEX_POINT('',#14377);
#14377 = CARTESIAN_POINT('',(108.261905,-71.129819,1.585));
#14378 = CIRCLE('',#14379,7.500074938989E-02);
#14379 = AXIS2_PLACEMENT_3D('',#14380,#14381,#14382);
#14380 = CARTESIAN_POINT('',(108.26190546611,-71.20481974938,1.585));
#14381 = DIRECTION('',(0.,0.,-1.));
#14382 = DIRECTION('',(-0.980783081614,0.195101375753,0.));
#14383 = ORIENTED_EDGE('',*,*,#14384,.T.);
#14384 = EDGE_CURVE('',#14376,#14385,#14387,.T.);
#14385 = VERTEX_POINT('',#14386);
#14386 = CARTESIAN_POINT('',(108.507405,-71.130548,1.585));
#14387 = LINE('',#14388,#14389);
#14388 = CARTESIAN_POINT('',(108.261905,-71.129819,1.585));
#14389 = VECTOR('',#14390,1.);
#14390 = DIRECTION('',(0.999995591212,-2.969437010185E-03,0.));
#14391 = ORIENTED_EDGE('',*,*,#14392,.T.);
#14392 = EDGE_CURVE('',#14385,#14393,#14395,.T.);
#14393 = VERTEX_POINT('',#14394);
#14394 = CARTESIAN_POINT('',(108.684525,-71.190078,1.585));
#14395 = LINE('',#14396,#14397);
#14396 = CARTESIAN_POINT('',(108.507405,-71.130548,1.585));
#14397 = VECTOR('',#14398,1.);
#14398 = DIRECTION('',(0.947893661994,-0.318586888542,0.));
#14399 = ORIENTED_EDGE('',*,*,#14400,.T.);
#14400 = EDGE_CURVE('',#14393,#14401,#14403,.T.);
#14401 = VERTEX_POINT('',#14402);
#14402 = CARTESIAN_POINT('',(108.801214,-71.30784,1.585));
#14403 = LINE('',#14404,#14405);
#14404 = CARTESIAN_POINT('',(108.684525,-71.190078,1.585));
#14405 = VECTOR('',#14406,1.);
#14406 = DIRECTION('',(0.703863230025,-0.710335521721,0.));
#14407 = ORIENTED_EDGE('',*,*,#14408,.T.);
#14408 = EDGE_CURVE('',#14401,#14409,#14411,.T.);
#14409 = VERTEX_POINT('',#14410);
#14410 = CARTESIAN_POINT('',(108.858475,-71.424724,1.585));
#14411 = LINE('',#14412,#14413);
#14412 = CARTESIAN_POINT('',(108.801214,-71.30784,1.585));
#14413 = VECTOR('',#14414,1.);
#14414 = DIRECTION('',(0.439939908708,-0.8980272138,0.));
#14415 = ORIENTED_EDGE('',*,*,#14416,.T.);
#14416 = EDGE_CURVE('',#14409,#14417,#14419,.T.);
#14417 = VERTEX_POINT('',#14418);
#14418 = CARTESIAN_POINT('',(108.908333,-71.63339,1.585));
#14419 = LINE('',#14420,#14421);
#14420 = CARTESIAN_POINT('',(108.858475,-71.424724,1.585));
#14421 = VECTOR('',#14422,1.);
#14422 = DIRECTION('',(0.232395123349,-0.972621461126,0.));
#14423 = ORIENTED_EDGE('',*,*,#14424,.T.);
#14424 = EDGE_CURVE('',#14417,#14425,#14427,.T.);
#14425 = VERTEX_POINT('',#14426);
#14426 = CARTESIAN_POINT('',(108.906094,-71.794437,1.585));
#14427 = LINE('',#14428,#14429);
#14428 = CARTESIAN_POINT('',(108.908333,-71.63339,1.585));
#14429 = VECTOR('',#14430,1.);
#14430 = DIRECTION('',(-1.390143030568E-02,-0.999903370449,0.));
#14431 = ORIENTED_EDGE('',*,*,#14432,.T.);
#14432 = EDGE_CURVE('',#14425,#14433,#14435,.T.);
#14433 = VERTEX_POINT('',#14434);
#14434 = CARTESIAN_POINT('',(108.852796,-72.000264,1.585));
#14435 = LINE('',#14436,#14437);
#14436 = CARTESIAN_POINT('',(108.906094,-71.794437,1.585));
#14437 = VECTOR('',#14438,1.);
#14438 = DIRECTION('',(-0.250677645339,-0.968070616292,0.));
#14439 = ORIENTED_EDGE('',*,*,#14440,.T.);
#14440 = EDGE_CURVE('',#14433,#14441,#14443,.T.);
#14441 = VERTEX_POINT('',#14442);
#14442 = CARTESIAN_POINT('',(108.795846,-72.109244,1.585));
#14443 = LINE('',#14444,#14445);
#14444 = CARTESIAN_POINT('',(108.852796,-72.000264,1.585));
#14445 = VECTOR('',#14446,1.);
#14446 = DIRECTION('',(-0.463146784147,-0.886281589752,0.));
#14447 = ORIENTED_EDGE('',*,*,#14448,.T.);
#14448 = EDGE_CURVE('',#14441,#14449,#14451,.T.);
#14449 = VERTEX_POINT('',#14450);
#14450 = CARTESIAN_POINT('',(108.679999,-72.222357,1.585));
#14451 = LINE('',#14452,#14453);
#14452 = CARTESIAN_POINT('',(108.795846,-72.109244,1.585));
#14453 = VECTOR('',#14454,1.);
#14454 = DIRECTION('',(-0.715499299798,-0.698613449619,0.));
#14455 = ORIENTED_EDGE('',*,*,#14456,.T.);
#14456 = EDGE_CURVE('',#14449,#14457,#14459,.T.);
#14457 = VERTEX_POINT('',#14458);
#14458 = CARTESIAN_POINT('',(108.507405,-72.279089,1.585));
#14459 = LINE('',#14460,#14461);
#14460 = CARTESIAN_POINT('',(108.679999,-72.222357,1.585));
#14461 = VECTOR('',#14462,1.);
#14462 = DIRECTION('',(-0.949994945594,-0.312265277202,0.));
#14463 = ORIENTED_EDGE('',*,*,#14464,.T.);
#14464 = EDGE_CURVE('',#14457,#14465,#14467,.T.);
#14465 = VERTEX_POINT('',#14466);
#14466 = CARTESIAN_POINT('',(108.247273,-72.278378,1.585));
#14467 = LINE('',#14468,#14469);
#14468 = CARTESIAN_POINT('',(108.507405,-72.279089,1.585));
#14469 = VECTOR('',#14470,1.);
#14470 = DIRECTION('',(-0.999996264754,2.733217536618E-03,0.));
#14471 = ORIENTED_EDGE('',*,*,#14472,.T.);
#14472 = EDGE_CURVE('',#14465,#14473,#14475,.T.);
#14473 = VERTEX_POINT('',#14474);
#14474 = CARTESIAN_POINT('',(108.186905,-72.204819,1.585));
#14475 = CIRCLE('',#14476,7.500074938988E-02);
#14476 = AXIS2_PLACEMENT_3D('',#14477,#14478,#14479);
#14477 = CARTESIAN_POINT('',(108.26190574938,-72.20481853389,1.585));
#14478 = DIRECTION('',(0.,0.,-1.));
#14479 = DIRECTION('',(-0.195101375752,-0.980783081614,-0.));
#14480 = ORIENTED_EDGE('',*,*,#14481,.T.);
#14481 = EDGE_CURVE('',#14473,#14374,#14482,.T.);
#14482 = LINE('',#14483,#14484);
#14483 = CARTESIAN_POINT('',(108.186905,-72.204819,1.585));
#14484 = VECTOR('',#14485,1.);
#14485 = DIRECTION('',(1.420217918158E-03,0.99999899149,0.));
#14486 = FACE_BOUND('',#14487,.F.);
#14487 = EDGE_LOOP('',(#14488,#14498,#14506,#14514,#14522,#14530,#14538,
    #14547,#14555,#14563));
#14488 = ORIENTED_EDGE('',*,*,#14489,.T.);
#14489 = EDGE_CURVE('',#14490,#14492,#14494,.T.);
#14490 = VERTEX_POINT('',#14491);
#14491 = CARTESIAN_POINT('',(108.602343,-71.31799,1.585));
#14492 = VERTEX_POINT('',#14493);
#14493 = CARTESIAN_POINT('',(108.48783,-71.279819,1.585));
#14494 = LINE('',#14495,#14496);
#14495 = CARTESIAN_POINT('',(108.602343,-71.31799,1.585));
#14496 = VECTOR('',#14497,1.);
#14497 = DIRECTION('',(-0.948683298051,0.316227766017,0.));
#14498 = ORIENTED_EDGE('',*,*,#14499,.T.);
#14499 = EDGE_CURVE('',#14492,#14500,#14502,.T.);
#14500 = VERTEX_POINT('',#14501);
#14501 = CARTESIAN_POINT('',(108.336905,-71.279819,1.585));
#14502 = LINE('',#14503,#14504);
#14503 = CARTESIAN_POINT('',(108.48783,-71.279819,1.585));
#14504 = VECTOR('',#14505,1.);
#14505 = DIRECTION('',(-1.,0.,0.));
#14506 = ORIENTED_EDGE('',*,*,#14507,.T.);
#14507 = EDGE_CURVE('',#14500,#14508,#14510,.T.);
#14508 = VERTEX_POINT('',#14509);
#14509 = CARTESIAN_POINT('',(108.336905,-72.129819,1.585));
#14510 = LINE('',#14511,#14512);
#14511 = CARTESIAN_POINT('',(108.336905,-71.279819,1.585));
#14512 = VECTOR('',#14513,1.);
#14513 = DIRECTION('',(0.,-1.,0.));
#14514 = ORIENTED_EDGE('',*,*,#14515,.T.);
#14515 = EDGE_CURVE('',#14508,#14516,#14518,.T.);
#14516 = VERTEX_POINT('',#14517);
#14517 = CARTESIAN_POINT('',(108.48783,-72.129819,1.585));
#14518 = LINE('',#14519,#14520);
#14519 = CARTESIAN_POINT('',(108.336905,-72.129819,1.585));
#14520 = VECTOR('',#14521,1.);
#14521 = DIRECTION('',(1.,0.,0.));
#14522 = ORIENTED_EDGE('',*,*,#14523,.T.);
#14523 = EDGE_CURVE('',#14516,#14524,#14526,.T.);
#14524 = VERTEX_POINT('',#14525);
#14525 = CARTESIAN_POINT('',(108.602343,-72.091647,1.585));
#14526 = LINE('',#14527,#14528);
#14527 = CARTESIAN_POINT('',(108.48783,-72.129819,1.585));
#14528 = VECTOR('',#14529,1.);
#14529 = DIRECTION('',(0.948680812677,0.31623522204,0.));
#14530 = ORIENTED_EDGE('',*,*,#14531,.T.);
#14531 = EDGE_CURVE('',#14524,#14532,#14534,.T.);
#14532 = VERTEX_POINT('',#14533);
#14533 = CARTESIAN_POINT('',(108.676455,-72.017534,1.585));
#14534 = LINE('',#14535,#14536);
#14535 = CARTESIAN_POINT('',(108.602343,-72.091647,1.585));
#14536 = VECTOR('',#14537,1.);
#14537 = DIRECTION('',(0.707102010674,0.707111551667,0.));
#14538 = ORIENTED_EDGE('',*,*,#14539,.T.);
#14539 = EDGE_CURVE('',#14532,#14540,#14542,.T.);
#14540 = VERTEX_POINT('',#14541);
#14541 = CARTESIAN_POINT('',(108.758333,-71.642624,1.585));
#14542 = CIRCLE('',#14543,0.611719141131);
#14543 = AXIS2_PLACEMENT_3D('',#14544,#14545,#14546);
#14544 = CARTESIAN_POINT('',(108.14992096224,-71.70614643649,1.585));
#14545 = DIRECTION('',(0.,0.,1.));
#14546 = DIRECTION('',(0.860744747637,-0.509036815383,0.));
#14547 = ORIENTED_EDGE('',*,*,#14548,.T.);
#14548 = EDGE_CURVE('',#14540,#14549,#14551,.T.);
#14549 = VERTEX_POINT('',#14550);
#14550 = CARTESIAN_POINT('',(108.714949,-71.46909,1.585));
#14551 = LINE('',#14552,#14553);
#14552 = CARTESIAN_POINT('',(108.758333,-71.642624,1.585));
#14553 = VECTOR('',#14554,1.);
#14554 = DIRECTION('',(-0.242538255859,0.970141842436,0.));
#14555 = ORIENTED_EDGE('',*,*,#14556,.T.);
#14556 = EDGE_CURVE('',#14549,#14557,#14559,.T.);
#14557 = VERTEX_POINT('',#14558);
#14558 = CARTESIAN_POINT('',(108.676456,-71.392103,1.585));
#14559 = LINE('',#14560,#14561);
#14560 = CARTESIAN_POINT('',(108.714949,-71.46909,1.585));
#14561 = VECTOR('',#14562,1.);
#14562 = DIRECTION('',(-0.447208948322,0.894429514574,0.));
#14563 = ORIENTED_EDGE('',*,*,#14564,.T.);
#14564 = EDGE_CURVE('',#14557,#14490,#14565,.T.);
#14565 = LINE('',#14566,#14567);
#14566 = CARTESIAN_POINT('',(108.676456,-71.392103,1.585));
#14567 = VECTOR('',#14568,1.);
#14568 = DIRECTION('',(-0.707106781186,0.707106781187,0.));
#14569 = PLANE('',#14570);
#14570 = AXIS2_PLACEMENT_3D('',#14571,#14572,#14573);
#14571 = CARTESIAN_POINT('',(0.,0.,1.585));
#14572 = DIRECTION('',(0.,0.,1.));
#14573 = DIRECTION('',(1.,0.,-0.));
#14574 = SHELL_BASED_SURFACE_MODEL('',(#14575));
#14575 = OPEN_SHELL('',(#14576));
#14576 = ADVANCED_FACE('',(#14577,#14693),#14776,.T.);
#14577 = FACE_BOUND('',#14578,.F.);
#14578 = EDGE_LOOP('',(#14579,#14590,#14598,#14606,#14614,#14622,#14630,
    #14638,#14646,#14654,#14662,#14670,#14678,#14687));
#14579 = ORIENTED_EDGE('',*,*,#14580,.T.);
#14580 = EDGE_CURVE('',#14581,#14583,#14585,.T.);
#14581 = VERTEX_POINT('',#14582);
#14582 = CARTESIAN_POINT('',(120.168346,-71.190187,1.585));
#14583 = VERTEX_POINT('',#14584);
#14584 = CARTESIAN_POINT('',(120.241905,-71.129819,1.585));
#14585 = CIRCLE('',#14586,7.500074938988E-02);
#14586 = AXIS2_PLACEMENT_3D('',#14587,#14588,#14589);
#14587 = CARTESIAN_POINT('',(120.24190546611,-71.20481974938,1.585));
#14588 = DIRECTION('',(0.,0.,-1.));
#14589 = DIRECTION('',(-0.980783081614,0.195101375753,0.));
#14590 = ORIENTED_EDGE('',*,*,#14591,.T.);
#14591 = EDGE_CURVE('',#14583,#14592,#14594,.T.);
#14592 = VERTEX_POINT('',#14593);
#14593 = CARTESIAN_POINT('',(120.487405,-71.130548,1.585));
#14594 = LINE('',#14595,#14596);
#14595 = CARTESIAN_POINT('',(120.241905,-71.129819,1.585));
#14596 = VECTOR('',#14597,1.);
#14597 = DIRECTION('',(0.999995591212,-2.969437010186E-03,0.));
#14598 = ORIENTED_EDGE('',*,*,#14599,.T.);
#14599 = EDGE_CURVE('',#14592,#14600,#14602,.T.);
#14600 = VERTEX_POINT('',#14601);
#14601 = CARTESIAN_POINT('',(120.664525,-71.190078,1.585));
#14602 = LINE('',#14603,#14604);
#14603 = CARTESIAN_POINT('',(120.487405,-71.130548,1.585));
#14604 = VECTOR('',#14605,1.);
#14605 = DIRECTION('',(0.947893661994,-0.318586888542,0.));
#14606 = ORIENTED_EDGE('',*,*,#14607,.T.);
#14607 = EDGE_CURVE('',#14600,#14608,#14610,.T.);
#14608 = VERTEX_POINT('',#14609);
#14609 = CARTESIAN_POINT('',(120.781214,-71.30784,1.585));
#14610 = LINE('',#14611,#14612);
#14611 = CARTESIAN_POINT('',(120.664525,-71.190078,1.585));
#14612 = VECTOR('',#14613,1.);
#14613 = DIRECTION('',(0.703863230025,-0.710335521721,0.));
#14614 = ORIENTED_EDGE('',*,*,#14615,.T.);
#14615 = EDGE_CURVE('',#14608,#14616,#14618,.T.);
#14616 = VERTEX_POINT('',#14617);
#14617 = CARTESIAN_POINT('',(120.838475,-71.424724,1.585));
#14618 = LINE('',#14619,#14620);
#14619 = CARTESIAN_POINT('',(120.781214,-71.30784,1.585));
#14620 = VECTOR('',#14621,1.);
#14621 = DIRECTION('',(0.439939908708,-0.8980272138,0.));
#14622 = ORIENTED_EDGE('',*,*,#14623,.T.);
#14623 = EDGE_CURVE('',#14616,#14624,#14626,.T.);
#14624 = VERTEX_POINT('',#14625);
#14625 = CARTESIAN_POINT('',(120.888333,-71.63339,1.585));
#14626 = LINE('',#14627,#14628);
#14627 = CARTESIAN_POINT('',(120.838475,-71.424724,1.585));
#14628 = VECTOR('',#14629,1.);
#14629 = DIRECTION('',(0.232395123349,-0.972621461126,0.));
#14630 = ORIENTED_EDGE('',*,*,#14631,.T.);
#14631 = EDGE_CURVE('',#14624,#14632,#14634,.T.);
#14632 = VERTEX_POINT('',#14633);
#14633 = CARTESIAN_POINT('',(120.886094,-71.794437,1.585));
#14634 = LINE('',#14635,#14636);
#14635 = CARTESIAN_POINT('',(120.888333,-71.63339,1.585));
#14636 = VECTOR('',#14637,1.);
#14637 = DIRECTION('',(-1.390143030568E-02,-0.999903370449,0.));
#14638 = ORIENTED_EDGE('',*,*,#14639,.T.);
#14639 = EDGE_CURVE('',#14632,#14640,#14642,.T.);
#14640 = VERTEX_POINT('',#14641);
#14641 = CARTESIAN_POINT('',(120.832796,-72.000264,1.585));
#14642 = LINE('',#14643,#14644);
#14643 = CARTESIAN_POINT('',(120.886094,-71.794437,1.585));
#14644 = VECTOR('',#14645,1.);
#14645 = DIRECTION('',(-0.250677645339,-0.968070616292,0.));
#14646 = ORIENTED_EDGE('',*,*,#14647,.T.);
#14647 = EDGE_CURVE('',#14640,#14648,#14650,.T.);
#14648 = VERTEX_POINT('',#14649);
#14649 = CARTESIAN_POINT('',(120.775846,-72.109244,1.585));
#14650 = LINE('',#14651,#14652);
#14651 = CARTESIAN_POINT('',(120.832796,-72.000264,1.585));
#14652 = VECTOR('',#14653,1.);
#14653 = DIRECTION('',(-0.463146784147,-0.886281589752,0.));
#14654 = ORIENTED_EDGE('',*,*,#14655,.T.);
#14655 = EDGE_CURVE('',#14648,#14656,#14658,.T.);
#14656 = VERTEX_POINT('',#14657);
#14657 = CARTESIAN_POINT('',(120.659999,-72.222357,1.585));
#14658 = LINE('',#14659,#14660);
#14659 = CARTESIAN_POINT('',(120.775846,-72.109244,1.585));
#14660 = VECTOR('',#14661,1.);
#14661 = DIRECTION('',(-0.715499299798,-0.698613449619,0.));
#14662 = ORIENTED_EDGE('',*,*,#14663,.T.);
#14663 = EDGE_CURVE('',#14656,#14664,#14666,.T.);
#14664 = VERTEX_POINT('',#14665);
#14665 = CARTESIAN_POINT('',(120.487405,-72.279089,1.585));
#14666 = LINE('',#14667,#14668);
#14667 = CARTESIAN_POINT('',(120.659999,-72.222357,1.585));
#14668 = VECTOR('',#14669,1.);
#14669 = DIRECTION('',(-0.949994945594,-0.312265277202,0.));
#14670 = ORIENTED_EDGE('',*,*,#14671,.T.);
#14671 = EDGE_CURVE('',#14664,#14672,#14674,.T.);
#14672 = VERTEX_POINT('',#14673);
#14673 = CARTESIAN_POINT('',(120.227273,-72.278378,1.585));
#14674 = LINE('',#14675,#14676);
#14675 = CARTESIAN_POINT('',(120.487405,-72.279089,1.585));
#14676 = VECTOR('',#14677,1.);
#14677 = DIRECTION('',(-0.999996264754,2.733217536618E-03,0.));
#14678 = ORIENTED_EDGE('',*,*,#14679,.T.);
#14679 = EDGE_CURVE('',#14672,#14680,#14682,.T.);
#14680 = VERTEX_POINT('',#14681);
#14681 = CARTESIAN_POINT('',(120.166905,-72.204819,1.585));
#14682 = CIRCLE('',#14683,7.500074938988E-02);
#14683 = AXIS2_PLACEMENT_3D('',#14684,#14685,#14686);
#14684 = CARTESIAN_POINT('',(120.24190574938,-72.20481853389,1.585));
#14685 = DIRECTION('',(0.,0.,-1.));
#14686 = DIRECTION('',(-0.195101375752,-0.980783081614,-0.));
#14687 = ORIENTED_EDGE('',*,*,#14688,.T.);
#14688 = EDGE_CURVE('',#14680,#14581,#14689,.T.);
#14689 = LINE('',#14690,#14691);
#14690 = CARTESIAN_POINT('',(120.166905,-72.204819,1.585));
#14691 = VECTOR('',#14692,1.);
#14692 = DIRECTION('',(1.420217918158E-03,0.99999899149,0.));
#14693 = FACE_BOUND('',#14694,.F.);
#14694 = EDGE_LOOP('',(#14695,#14705,#14713,#14721,#14729,#14737,#14745,
    #14754,#14762,#14770));
#14695 = ORIENTED_EDGE('',*,*,#14696,.T.);
#14696 = EDGE_CURVE('',#14697,#14699,#14701,.T.);
#14697 = VERTEX_POINT('',#14698);
#14698 = CARTESIAN_POINT('',(120.582343,-71.31799,1.585));
#14699 = VERTEX_POINT('',#14700);
#14700 = CARTESIAN_POINT('',(120.46783,-71.279819,1.585));
#14701 = LINE('',#14702,#14703);
#14702 = CARTESIAN_POINT('',(120.582343,-71.31799,1.585));
#14703 = VECTOR('',#14704,1.);
#14704 = DIRECTION('',(-0.948683298051,0.316227766017,0.));
#14705 = ORIENTED_EDGE('',*,*,#14706,.T.);
#14706 = EDGE_CURVE('',#14699,#14707,#14709,.T.);
#14707 = VERTEX_POINT('',#14708);
#14708 = CARTESIAN_POINT('',(120.316905,-71.279819,1.585));
#14709 = LINE('',#14710,#14711);
#14710 = CARTESIAN_POINT('',(120.46783,-71.279819,1.585));
#14711 = VECTOR('',#14712,1.);
#14712 = DIRECTION('',(-1.,0.,0.));
#14713 = ORIENTED_EDGE('',*,*,#14714,.T.);
#14714 = EDGE_CURVE('',#14707,#14715,#14717,.T.);
#14715 = VERTEX_POINT('',#14716);
#14716 = CARTESIAN_POINT('',(120.316905,-72.129819,1.585));
#14717 = LINE('',#14718,#14719);
#14718 = CARTESIAN_POINT('',(120.316905,-71.279819,1.585));
#14719 = VECTOR('',#14720,1.);
#14720 = DIRECTION('',(0.,-1.,0.));
#14721 = ORIENTED_EDGE('',*,*,#14722,.T.);
#14722 = EDGE_CURVE('',#14715,#14723,#14725,.T.);
#14723 = VERTEX_POINT('',#14724);
#14724 = CARTESIAN_POINT('',(120.46783,-72.129819,1.585));
#14725 = LINE('',#14726,#14727);
#14726 = CARTESIAN_POINT('',(120.316905,-72.129819,1.585));
#14727 = VECTOR('',#14728,1.);
#14728 = DIRECTION('',(1.,0.,0.));
#14729 = ORIENTED_EDGE('',*,*,#14730,.T.);
#14730 = EDGE_CURVE('',#14723,#14731,#14733,.T.);
#14731 = VERTEX_POINT('',#14732);
#14732 = CARTESIAN_POINT('',(120.582343,-72.091647,1.585));
#14733 = LINE('',#14734,#14735);
#14734 = CARTESIAN_POINT('',(120.46783,-72.129819,1.585));
#14735 = VECTOR('',#14736,1.);
#14736 = DIRECTION('',(0.948680812677,0.31623522204,0.));
#14737 = ORIENTED_EDGE('',*,*,#14738,.T.);
#14738 = EDGE_CURVE('',#14731,#14739,#14741,.T.);
#14739 = VERTEX_POINT('',#14740);
#14740 = CARTESIAN_POINT('',(120.656455,-72.017534,1.585));
#14741 = LINE('',#14742,#14743);
#14742 = CARTESIAN_POINT('',(120.582343,-72.091647,1.585));
#14743 = VECTOR('',#14744,1.);
#14744 = DIRECTION('',(0.707102010674,0.707111551667,0.));
#14745 = ORIENTED_EDGE('',*,*,#14746,.T.);
#14746 = EDGE_CURVE('',#14739,#14747,#14749,.T.);
#14747 = VERTEX_POINT('',#14748);
#14748 = CARTESIAN_POINT('',(120.738333,-71.642624,1.585));
#14749 = CIRCLE('',#14750,0.611719141131);
#14750 = AXIS2_PLACEMENT_3D('',#14751,#14752,#14753);
#14751 = CARTESIAN_POINT('',(120.12992096224,-71.70614643649,1.585));
#14752 = DIRECTION('',(0.,0.,1.));
#14753 = DIRECTION('',(0.860744747637,-0.509036815383,0.));
#14754 = ORIENTED_EDGE('',*,*,#14755,.T.);
#14755 = EDGE_CURVE('',#14747,#14756,#14758,.T.);
#14756 = VERTEX_POINT('',#14757);
#14757 = CARTESIAN_POINT('',(120.694949,-71.46909,1.585));
#14758 = LINE('',#14759,#14760);
#14759 = CARTESIAN_POINT('',(120.738333,-71.642624,1.585));
#14760 = VECTOR('',#14761,1.);
#14761 = DIRECTION('',(-0.242538255859,0.970141842436,0.));
#14762 = ORIENTED_EDGE('',*,*,#14763,.T.);
#14763 = EDGE_CURVE('',#14756,#14764,#14766,.T.);
#14764 = VERTEX_POINT('',#14765);
#14765 = CARTESIAN_POINT('',(120.656456,-71.392103,1.585));
#14766 = LINE('',#14767,#14768);
#14767 = CARTESIAN_POINT('',(120.694949,-71.46909,1.585));
#14768 = VECTOR('',#14769,1.);
#14769 = DIRECTION('',(-0.447208948322,0.894429514574,0.));
#14770 = ORIENTED_EDGE('',*,*,#14771,.T.);
#14771 = EDGE_CURVE('',#14764,#14697,#14772,.T.);
#14772 = LINE('',#14773,#14774);
#14773 = CARTESIAN_POINT('',(120.656456,-71.392103,1.585));
#14774 = VECTOR('',#14775,1.);
#14775 = DIRECTION('',(-0.707106781187,0.707106781187,0.));
#14776 = PLANE('',#14777);
#14777 = AXIS2_PLACEMENT_3D('',#14778,#14779,#14780);
#14778 = CARTESIAN_POINT('',(0.,0.,1.585));
#14779 = DIRECTION('',(0.,0.,1.));
#14780 = DIRECTION('',(1.,0.,-0.));
#14781 = SHELL_BASED_SURFACE_MODEL('',(#14782));
#14782 = OPEN_SHELL('',(#14783));
#14783 = ADVANCED_FACE('',(#14784),#14854,.T.);
#14784 = FACE_BOUND('',#14785,.F.);
#14785 = EDGE_LOOP('',(#14786,#14797,#14805,#14814,#14822,#14831,#14839,
    #14848));
#14786 = ORIENTED_EDGE('',*,*,#14787,.T.);
#14787 = EDGE_CURVE('',#14788,#14790,#14792,.T.);
#14788 = VERTEX_POINT('',#14789);
#14789 = CARTESIAN_POINT('',(106.12004,-70.659525,1.585));
#14790 = VERTEX_POINT('',#14791);
#14791 = CARTESIAN_POINT('',(106.019322,-70.713201,1.585));
#14792 = CIRCLE('',#14793,6.000107124846E-02);
#14793 = AXIS2_PLACEMENT_3D('',#14794,#14795,#14796);
#14794 = CARTESIAN_POINT('',(106.06096024797,-70.66999932345,1.585));
#14795 = DIRECTION('',(0.,0.,-1.));
#14796 = DIRECTION('',(0.984644953734,0.174568940785,0.));
#14797 = ORIENTED_EDGE('',*,*,#14798,.T.);
#14798 = EDGE_CURVE('',#14790,#14799,#14801,.T.);
#14799 = VERTEX_POINT('',#14800);
#14800 = CARTESIAN_POINT('',(105.939639,-70.636409,1.585));
#14801 = LINE('',#14802,#14803);
#14802 = CARTESIAN_POINT('',(106.019322,-70.713201,1.585));
#14803 = VECTOR('',#14804,1.);
#14804 = DIRECTION('',(-0.720048255468,0.693923994251,0.));
#14805 = ORIENTED_EDGE('',*,*,#14806,.T.);
#14806 = EDGE_CURVE('',#14799,#14807,#14809,.T.);
#14807 = VERTEX_POINT('',#14808);
#14808 = CARTESIAN_POINT('',(104.100361,-70.636409,1.585));
#14809 = CIRCLE('',#14810,1.444237343281);
#14810 = AXIS2_PLACEMENT_3D('',#14811,#14812,#14813);
#14811 = CARTESIAN_POINT('',(105.02,-71.75000031345,1.585));
#14812 = DIRECTION('',(0.,0.,1.));
#14813 = DIRECTION('',(0.636764451687,0.771058384993,-0.));
#14814 = ORIENTED_EDGE('',*,*,#14815,.T.);
#14815 = EDGE_CURVE('',#14807,#14816,#14818,.T.);
#14816 = VERTEX_POINT('',#14817);
#14817 = CARTESIAN_POINT('',(104.020677,-70.7132,1.585));
#14818 = LINE('',#14819,#14820);
#14819 = CARTESIAN_POINT('',(104.100361,-70.636409,1.585));
#14820 = VECTOR('',#14821,1.);
#14821 = DIRECTION('',(-0.720057121836,-0.693914793972,0.));
#14822 = ORIENTED_EDGE('',*,*,#14823,.T.);
#14823 = EDGE_CURVE('',#14816,#14824,#14826,.T.);
#14824 = VERTEX_POINT('',#14825);
#14825 = CARTESIAN_POINT('',(103.937401,-70.626801,1.585));
#14826 = CIRCLE('',#14827,5.999933203281E-02);
#14827 = AXIS2_PLACEMENT_3D('',#14828,#14829,#14830);
#14828 = CARTESIAN_POINT('',(103.97903873713,-70.67000075336,1.585));
#14829 = DIRECTION('',(-0.,0.,-1.));
#14830 = DIRECTION('',(0.693978773719,-0.719995459449,-0.));
#14831 = ORIENTED_EDGE('',*,*,#14832,.T.);
#14832 = EDGE_CURVE('',#14824,#14833,#14835,.T.);
#14833 = VERTEX_POINT('',#14834);
#14834 = CARTESIAN_POINT('',(104.104038,-70.487221,1.585));
#14835 = LINE('',#14836,#14837);
#14836 = CARTESIAN_POINT('',(103.937401,-70.626801,1.585));
#14837 = VECTOR('',#14838,1.);
#14838 = DIRECTION('',(0.766599249119,0.642125837551,0.));
#14839 = ORIENTED_EDGE('',*,*,#14840,.T.);
#14840 = EDGE_CURVE('',#14833,#14841,#14843,.T.);
#14841 = VERTEX_POINT('',#14842);
#14842 = CARTESIAN_POINT('',(106.102599,-70.6268,1.585));
#14843 = CIRCLE('',#14844,1.560001073094);
#14844 = AXIS2_PLACEMENT_3D('',#14845,#14846,#14847);
#14845 = CARTESIAN_POINT('',(105.02000025448,-71.75000225438,1.585));
#14846 = DIRECTION('',(0.,0.,-1.));
#14847 = DIRECTION('',(-0.587154887441,0.809474606244,0.));
#14848 = ORIENTED_EDGE('',*,*,#14849,.T.);
#14849 = EDGE_CURVE('',#14841,#14788,#14850,.T.);
#14850 = LINE('',#14851,#14852);
#14851 = CARTESIAN_POINT('',(106.102599,-70.6268,1.585));
#14852 = VECTOR('',#14853,1.);
#14853 = DIRECTION('',(0.470329277038,-0.882491003445,0.));
#14854 = PLANE('',#14855);
#14855 = AXIS2_PLACEMENT_3D('',#14856,#14857,#14858);
#14856 = CARTESIAN_POINT('',(0.,0.,1.585));
#14857 = DIRECTION('',(0.,0.,1.));
#14858 = DIRECTION('',(1.,0.,-0.));
#14859 = SHELL_BASED_SURFACE_MODEL('',(#14860));
#14860 = OPEN_SHELL('',(#14861));
#14861 = ADVANCED_FACE('',(#14862),#14932,.T.);
#14862 = FACE_BOUND('',#14863,.F.);
#14863 = EDGE_LOOP('',(#14864,#14875,#14883,#14892,#14900,#14909,#14917,
    #14926));
#14864 = ORIENTED_EDGE('',*,*,#14865,.T.);
#14865 = EDGE_CURVE('',#14866,#14868,#14870,.T.);
#14866 = VERTEX_POINT('',#14867);
#14867 = CARTESIAN_POINT('',(126.08004,-70.659525,1.585));
#14868 = VERTEX_POINT('',#14869);
#14869 = CARTESIAN_POINT('',(125.979322,-70.713201,1.585));
#14870 = CIRCLE('',#14871,6.000107124845E-02);
#14871 = AXIS2_PLACEMENT_3D('',#14872,#14873,#14874);
#14872 = CARTESIAN_POINT('',(126.02096024797,-70.66999932345,1.585));
#14873 = DIRECTION('',(0.,0.,-1.));
#14874 = DIRECTION('',(0.984644953734,0.174568940785,0.));
#14875 = ORIENTED_EDGE('',*,*,#14876,.T.);
#14876 = EDGE_CURVE('',#14868,#14877,#14879,.T.);
#14877 = VERTEX_POINT('',#14878);
#14878 = CARTESIAN_POINT('',(125.899639,-70.636409,1.585));
#14879 = LINE('',#14880,#14881);
#14880 = CARTESIAN_POINT('',(125.979322,-70.713201,1.585));
#14881 = VECTOR('',#14882,1.);
#14882 = DIRECTION('',(-0.720048255468,0.693923994251,0.));
#14883 = ORIENTED_EDGE('',*,*,#14884,.T.);
#14884 = EDGE_CURVE('',#14877,#14885,#14887,.T.);
#14885 = VERTEX_POINT('',#14886);
#14886 = CARTESIAN_POINT('',(124.060361,-70.636409,1.585));
#14887 = CIRCLE('',#14888,1.444237343281);
#14888 = AXIS2_PLACEMENT_3D('',#14889,#14890,#14891);
#14889 = CARTESIAN_POINT('',(124.98,-71.75000031345,1.585));
#14890 = DIRECTION('',(0.,0.,1.));
#14891 = DIRECTION('',(0.636764451687,0.771058384993,-0.));
#14892 = ORIENTED_EDGE('',*,*,#14893,.T.);
#14893 = EDGE_CURVE('',#14885,#14894,#14896,.T.);
#14894 = VERTEX_POINT('',#14895);
#14895 = CARTESIAN_POINT('',(123.980677,-70.7132,1.585));
#14896 = LINE('',#14897,#14898);
#14897 = CARTESIAN_POINT('',(124.060361,-70.636409,1.585));
#14898 = VECTOR('',#14899,1.);
#14899 = DIRECTION('',(-0.720057121836,-0.693914793972,0.));
#14900 = ORIENTED_EDGE('',*,*,#14901,.T.);
#14901 = EDGE_CURVE('',#14894,#14902,#14904,.T.);
#14902 = VERTEX_POINT('',#14903);
#14903 = CARTESIAN_POINT('',(123.897401,-70.626801,1.585));
#14904 = CIRCLE('',#14905,5.999933203281E-02);
#14905 = AXIS2_PLACEMENT_3D('',#14906,#14907,#14908);
#14906 = CARTESIAN_POINT('',(123.93903873713,-70.67000075336,1.585));
#14907 = DIRECTION('',(-0.,0.,-1.));
#14908 = DIRECTION('',(0.693978773719,-0.719995459449,-0.));
#14909 = ORIENTED_EDGE('',*,*,#14910,.T.);
#14910 = EDGE_CURVE('',#14902,#14911,#14913,.T.);
#14911 = VERTEX_POINT('',#14912);
#14912 = CARTESIAN_POINT('',(124.064038,-70.487221,1.585));
#14913 = LINE('',#14914,#14915);
#14914 = CARTESIAN_POINT('',(123.897401,-70.626801,1.585));
#14915 = VECTOR('',#14916,1.);
#14916 = DIRECTION('',(0.766599249119,0.642125837551,0.));
#14917 = ORIENTED_EDGE('',*,*,#14918,.T.);
#14918 = EDGE_CURVE('',#14911,#14919,#14921,.T.);
#14919 = VERTEX_POINT('',#14920);
#14920 = CARTESIAN_POINT('',(126.062599,-70.6268,1.585));
#14921 = CIRCLE('',#14922,1.560001073094);
#14922 = AXIS2_PLACEMENT_3D('',#14923,#14924,#14925);
#14923 = CARTESIAN_POINT('',(124.98000025448,-71.75000225438,1.585));
#14924 = DIRECTION('',(0.,0.,-1.));
#14925 = DIRECTION('',(-0.587154887441,0.809474606244,0.));
#14926 = ORIENTED_EDGE('',*,*,#14927,.T.);
#14927 = EDGE_CURVE('',#14919,#14866,#14928,.T.);
#14928 = LINE('',#14929,#14930);
#14929 = CARTESIAN_POINT('',(126.062599,-70.6268,1.585));
#14930 = VECTOR('',#14931,1.);
#14931 = DIRECTION('',(0.470329277038,-0.882491003445,0.));
#14932 = PLANE('',#14933);
#14933 = AXIS2_PLACEMENT_3D('',#14934,#14935,#14936);
#14934 = CARTESIAN_POINT('',(0.,0.,1.585));
#14935 = DIRECTION('',(0.,0.,1.));
#14936 = DIRECTION('',(1.,0.,-0.));
#14937 = SHELL_BASED_SURFACE_MODEL('',(#14938));
#14938 = OPEN_SHELL('',(#14939));
#14939 = ADVANCED_FACE('',(#14940),#15034,.T.);
#14940 = FACE_BOUND('',#14941,.F.);
#14941 = EDGE_LOOP('',(#14942,#14953,#14961,#14970,#14978,#14986,#14995,
    #15003,#15011,#15019,#15028));
#14942 = ORIENTED_EDGE('',*,*,#14943,.T.);
#14943 = EDGE_CURVE('',#14944,#14946,#14948,.T.);
#14944 = VERTEX_POINT('',#14945);
#14945 = CARTESIAN_POINT('',(106.751347,-70.673278,1.585));
#14946 = VERTEX_POINT('',#14947);
#14947 = CARTESIAN_POINT('',(106.641041,-70.702564,1.585));
#14948 = CIRCLE('',#14949,6.000077598525E-02);
#14949 = AXIS2_PLACEMENT_3D('',#14950,#14951,#14952);
#14950 = CARTESIAN_POINT('',(106.69143586459,-70.66999943733,1.585));
#14951 = DIRECTION('',(-0.,0.,-1.));
#14952 = DIRECTION('',(0.998506009676,-5.464200436132E-02,-0.));
#14953 = ORIENTED_EDGE('',*,*,#14954,.T.);
#14954 = EDGE_CURVE('',#14946,#14955,#14957,.T.);
#14955 = VERTEX_POINT('',#14956);
#14956 = CARTESIAN_POINT('',(106.569981,-70.592466,1.585));
#14957 = LINE('',#14958,#14959);
#14958 = CARTESIAN_POINT('',(106.641041,-70.702564,1.585));
#14959 = VECTOR('',#14960,1.);
#14960 = DIRECTION('',(-0.542283300174,0.840195704793,0.));
#14961 = ORIENTED_EDGE('',*,*,#14962,.T.);
#14962 = EDGE_CURVE('',#14955,#14963,#14965,.T.);
#14963 = VERTEX_POINT('',#14964);
#14964 = CARTESIAN_POINT('',(103.58834,-70.448972,1.585));
#14965 = CIRCLE('',#14966,1.934508374167);
#14966 = AXIS2_PLACEMENT_3D('',#14967,#14968,#14969);
#14967 = CARTESIAN_POINT('',(105.02000035794,-71.74999900556,1.585));
#14968 = DIRECTION('',(0.,0.,1.));
#14969 = DIRECTION('',(0.801227155568,0.59836029713,-0.));
#14970 = ORIENTED_EDGE('',*,*,#14971,.T.);
#14971 = EDGE_CURVE('',#14963,#14972,#14974,.T.);
#14972 = VERTEX_POINT('',#14973);
#14973 = CARTESIAN_POINT('',(103.52,-70.53535,1.585));
#14974 = LINE('',#14975,#14976);
#14975 = CARTESIAN_POINT('',(103.58834,-70.448972,1.585));
#14976 = VECTOR('',#14977,1.);
#14977 = DIRECTION('',(-0.620465250955,-0.784233939815,0.));
#14978 = ORIENTED_EDGE('',*,*,#14979,.T.);
#14979 = EDGE_CURVE('',#14972,#14980,#14982,.T.);
#14980 = VERTEX_POINT('',#14981);
#14981 = CARTESIAN_POINT('',(103.52,-70.67,1.585));
#14982 = LINE('',#14983,#14984);
#14983 = CARTESIAN_POINT('',(103.52,-70.53535,1.585));
#14984 = VECTOR('',#14985,1.);
#14985 = DIRECTION('',(0.,-1.,0.));
#14986 = ORIENTED_EDGE('',*,*,#14987,.T.);
#14987 = EDGE_CURVE('',#14980,#14988,#14990,.T.);
#14988 = VERTEX_POINT('',#14989);
#14989 = CARTESIAN_POINT('',(103.4,-70.67,1.585));
#14990 = CIRCLE('',#14991,6.000000000042E-02);
#14991 = AXIS2_PLACEMENT_3D('',#14992,#14993,#14994);
#14992 = CARTESIAN_POINT('',(103.46,-70.67000022558,1.585));
#14993 = DIRECTION('',(0.,0.,-1.));
#14994 = DIRECTION('',(0.999999999993,3.759794253685E-06,0.));
#14995 = ORIENTED_EDGE('',*,*,#14996,.T.);
#14996 = EDGE_CURVE('',#14988,#14997,#14999,.T.);
#14997 = VERTEX_POINT('',#14998);
#14998 = CARTESIAN_POINT('',(103.400799,-70.509981,1.585));
#14999 = LINE('',#15000,#15001);
#15000 = CARTESIAN_POINT('',(103.4,-70.67,1.585));
#15001 = VECTOR('',#15002,1.);
#15002 = DIRECTION('',(4.993094820026E-03,0.999987534424,0.));
#15003 = ORIENTED_EDGE('',*,*,#15004,.T.);
#15004 = EDGE_CURVE('',#14997,#15005,#15007,.T.);
#15005 = VERTEX_POINT('',#15006);
#15006 = CARTESIAN_POINT('',(103.404567,-70.491039,1.585));
#15007 = LINE('',#15008,#15009);
#15008 = CARTESIAN_POINT('',(103.400799,-70.509981,1.585));
#15009 = VECTOR('',#15010,1.);
#15010 = DIRECTION('',(0.195100379996,0.980783279693,0.));
#15011 = ORIENTED_EDGE('',*,*,#15012,.T.);
#15012 = EDGE_CURVE('',#15005,#15013,#15015,.T.);
#15013 = VERTEX_POINT('',#15014);
#15014 = CARTESIAN_POINT('',(103.58644,-70.284599,1.585));
#15015 = LINE('',#15016,#15017);
#15016 = CARTESIAN_POINT('',(103.404567,-70.491039,1.585));
#15017 = VECTOR('',#15018,1.);
#15018 = DIRECTION('',(0.661049350828,0.750342425676,0.));
#15019 = ORIENTED_EDGE('',*,*,#15020,.T.);
#15020 = EDGE_CURVE('',#15013,#15021,#15023,.T.);
#15021 = VERTEX_POINT('',#15022);
#15022 = CARTESIAN_POINT('',(106.741832,-70.637437,1.585));
#15023 = CIRCLE('',#15024,2.049999714701);
#15024 = AXIS2_PLACEMENT_3D('',#15025,#15026,#15027);
#15025 = CARTESIAN_POINT('',(105.02000114323,-71.75000040537,1.585));
#15026 = DIRECTION('',(0.,0.,-1.));
#15027 = DIRECTION('',(-0.699298215974,0.714830053324,0.));
#15028 = ORIENTED_EDGE('',*,*,#15029,.T.);
#15029 = EDGE_CURVE('',#15021,#14944,#15030,.T.);
#15030 = LINE('',#15031,#15032);
#15031 = CARTESIAN_POINT('',(106.741832,-70.637437,1.585));
#15032 = VECTOR('',#15033,1.);
#15033 = DIRECTION('',(0.256589970446,-0.966520350053,0.));
#15034 = PLANE('',#15035);
#15035 = AXIS2_PLACEMENT_3D('',#15036,#15037,#15038);
#15036 = CARTESIAN_POINT('',(0.,0.,1.585));
#15037 = DIRECTION('',(0.,0.,1.));
#15038 = DIRECTION('',(1.,0.,-0.));
#15039 = SHELL_BASED_SURFACE_MODEL('',(#15040));
#15040 = OPEN_SHELL('',(#15041));
#15041 = ADVANCED_FACE('',(#15042),#15136,.T.);
#15042 = FACE_BOUND('',#15043,.F.);
#15043 = EDGE_LOOP('',(#15044,#15054,#15062,#15071,#15079,#15087,#15096,
    #15104,#15113,#15121,#15130));
#15044 = ORIENTED_EDGE('',*,*,#15045,.T.);
#15045 = EDGE_CURVE('',#15046,#15048,#15050,.T.);
#15046 = VERTEX_POINT('',#15047);
#15047 = CARTESIAN_POINT('',(126.595433,-70.491039,1.585));
#15048 = VERTEX_POINT('',#15049);
#15049 = CARTESIAN_POINT('',(126.6,-70.514,1.585));
#15050 = LINE('',#15051,#15052);
#15051 = CARTESIAN_POINT('',(126.595433,-70.491039,1.585));
#15052 = VECTOR('',#15053,1.);
#15053 = DIRECTION('',(0.195081000118,-0.980787134598,0.));
#15054 = ORIENTED_EDGE('',*,*,#15055,.T.);
#15055 = EDGE_CURVE('',#15048,#15056,#15058,.T.);
#15056 = VERTEX_POINT('',#15057);
#15057 = CARTESIAN_POINT('',(126.6,-70.67,1.585));
#15058 = LINE('',#15059,#15060);
#15059 = CARTESIAN_POINT('',(126.6,-70.514,1.585));
#15060 = VECTOR('',#15061,1.);
#15061 = DIRECTION('',(0.,-1.,0.));
#15062 = ORIENTED_EDGE('',*,*,#15063,.T.);
#15063 = EDGE_CURVE('',#15056,#15064,#15066,.T.);
#15064 = VERTEX_POINT('',#15065);
#15065 = CARTESIAN_POINT('',(126.48,-70.67,1.585));
#15066 = CIRCLE('',#15067,6.000000000042E-02);
#15067 = AXIS2_PLACEMENT_3D('',#15068,#15069,#15070);
#15068 = CARTESIAN_POINT('',(126.54,-70.67000022558,1.585));
#15069 = DIRECTION('',(0.,0.,-1.));
#15070 = DIRECTION('',(0.999999999993,3.759794016836E-06,0.));
#15071 = ORIENTED_EDGE('',*,*,#15072,.T.);
#15072 = EDGE_CURVE('',#15064,#15073,#15075,.T.);
#15073 = VERTEX_POINT('',#15074);
#15074 = CARTESIAN_POINT('',(126.48,-70.535348,1.585));
#15075 = LINE('',#15076,#15077);
#15076 = CARTESIAN_POINT('',(126.48,-70.67,1.585));
#15077 = VECTOR('',#15078,1.);
#15078 = DIRECTION('',(0.,1.,0.));
#15079 = ORIENTED_EDGE('',*,*,#15080,.T.);
#15080 = EDGE_CURVE('',#15073,#15081,#15083,.T.);
#15081 = VERTEX_POINT('',#15082);
#15082 = CARTESIAN_POINT('',(126.411661,-70.448971,1.585));
#15083 = LINE('',#15084,#15085);
#15084 = CARTESIAN_POINT('',(126.48,-70.535348,1.585));
#15085 = VECTOR('',#15086,1.);
#15086 = DIRECTION('',(-0.620464084884,0.784234862378,0.));
#15087 = ORIENTED_EDGE('',*,*,#15088,.T.);
#15088 = EDGE_CURVE('',#15081,#15089,#15091,.T.);
#15089 = VERTEX_POINT('',#15090);
#15090 = CARTESIAN_POINT('',(123.430018,-70.592466,1.585));
#15091 = CIRCLE('',#15092,1.934509714868);
#15092 = AXIS2_PLACEMENT_3D('',#15093,#15094,#15095);
#15093 = CARTESIAN_POINT('',(124.98000005546,-71.74999935358,1.585));
#15094 = DIRECTION('',(0.,0.,1.));
#15095 = DIRECTION('',(0.740063972556,0.672536479698,-0.));
#15096 = ORIENTED_EDGE('',*,*,#15097,.T.);
#15097 = EDGE_CURVE('',#15089,#15098,#15100,.T.);
#15098 = VERTEX_POINT('',#15099);
#15099 = CARTESIAN_POINT('',(123.358958,-70.702563,1.585));
#15100 = LINE('',#15101,#15102);
#15101 = CARTESIAN_POINT('',(123.430018,-70.592466,1.585));
#15102 = VECTOR('',#15103,1.);
#15103 = DIRECTION('',(-0.542286777216,-0.840193460613,0.));
#15104 = ORIENTED_EDGE('',*,*,#15105,.T.);
#15105 = EDGE_CURVE('',#15098,#15106,#15108,.T.);
#15106 = VERTEX_POINT('',#15107);
#15107 = CARTESIAN_POINT('',(123.258168,-70.637437,1.585));
#15108 = CIRCLE('',#15109,6.000004161675E-02);
#15109 = AXIS2_PLACEMENT_3D('',#15110,#15111,#15112);
#15110 = CARTESIAN_POINT('',(123.30856305752,-70.66999991097,1.585));
#15111 = DIRECTION('',(-0.,0.,-1.));
#15112 = DIRECTION('',(0.839915125324,-0.542717774033,-0.));
#15113 = ORIENTED_EDGE('',*,*,#15114,.T.);
#15114 = EDGE_CURVE('',#15106,#15115,#15117,.T.);
#15115 = VERTEX_POINT('',#15116);
#15116 = CARTESIAN_POINT('',(123.412342,-70.429035,1.585));
#15117 = LINE('',#15118,#15119);
#15118 = CARTESIAN_POINT('',(123.258168,-70.637437,1.585));
#15119 = VECTOR('',#15120,1.);
#15120 = DIRECTION('',(0.594734621564,0.803922091943,0.));
#15121 = ORIENTED_EDGE('',*,*,#15122,.T.);
#15122 = EDGE_CURVE('',#15115,#15123,#15125,.T.);
#15123 = VERTEX_POINT('',#15124);
#15124 = CARTESIAN_POINT('',(126.587035,-70.477232,1.585));
#15125 = CIRCLE('',#15126,2.049999609858);
#15126 = AXIS2_PLACEMENT_3D('',#15127,#15128,#15129);
#15127 = CARTESIAN_POINT('',(124.97999996795,-71.74999938102,1.585));
#15128 = DIRECTION('',(0.,0.,-1.));
#15129 = DIRECTION('',(-0.764711349414,0.644372991424,0.));
#15130 = ORIENTED_EDGE('',*,*,#15131,.T.);
#15131 = EDGE_CURVE('',#15123,#15046,#15132,.T.);
#15132 = LINE('',#15133,#15134);
#15133 = CARTESIAN_POINT('',(126.587035,-70.477232,1.585));
#15134 = VECTOR('',#15135,1.);
#15135 = DIRECTION('',(0.519664235692,-0.85437057659,0.));
#15136 = PLANE('',#15137);
#15137 = AXIS2_PLACEMENT_3D('',#15138,#15139,#15140);
#15138 = CARTESIAN_POINT('',(0.,0.,1.585));
#15139 = DIRECTION('',(0.,0.,1.));
#15140 = DIRECTION('',(1.,0.,-0.));
#15141 = SHELL_BASED_SURFACE_MODEL('',(#15142));
#15142 = OPEN_SHELL('',(#15143));
#15143 = ADVANCED_FACE('',(#15144),#15303,.T.);
#15144 = FACE_BOUND('',#15145,.F.);
#15145 = EDGE_LOOP('',(#15146,#15157,#15165,#15173,#15181,#15189,#15197,
    #15205,#15214,#15222,#15231,#15239,#15247,#15255,#15264,#15272,
    #15280,#15288,#15297));
#15146 = ORIENTED_EDGE('',*,*,#15147,.T.);
#15147 = EDGE_CURVE('',#15148,#15150,#15152,.T.);
#15148 = VERTEX_POINT('',#15149);
#15149 = CARTESIAN_POINT('',(110.228364,-69.185356,1.585));
#15150 = VERTEX_POINT('',#15151);
#15151 = CARTESIAN_POINT('',(110.737759,-69.194686,1.585));
#15152 = CIRCLE('',#15153,0.450326844012);
#15153 = AXIS2_PLACEMENT_3D('',#15154,#15155,#15156);
#15154 = CARTESIAN_POINT('',(110.4762610301,-69.56130989199,1.585));
#15155 = DIRECTION('',(0.,0.,-1.));
#15156 = DIRECTION('',(-0.550482462684,0.834846727416,0.));
#15157 = ORIENTED_EDGE('',*,*,#15158,.T.);
#15158 = EDGE_CURVE('',#15150,#15159,#15161,.T.);
#15159 = VERTEX_POINT('',#15160);
#15160 = CARTESIAN_POINT('',(110.801212,-69.260216,1.585));
#15161 = LINE('',#15162,#15163);
#15162 = CARTESIAN_POINT('',(110.737759,-69.194686,1.585));
#15163 = VECTOR('',#15164,1.);
#15164 = DIRECTION('',(0.695630129574,-0.718400113327,0.));
#15165 = ORIENTED_EDGE('',*,*,#15166,.T.);
#15166 = EDGE_CURVE('',#15159,#15167,#15169,.T.);
#15167 = VERTEX_POINT('',#15168);
#15168 = CARTESIAN_POINT('',(110.859273,-69.380663,1.585));
#15169 = LINE('',#15170,#15171);
#15170 = CARTESIAN_POINT('',(110.801212,-69.260216,1.585));
#15171 = VECTOR('',#15172,1.);
#15172 = DIRECTION('',(0.434228424707,-0.900802794832,0.));
#15173 = ORIENTED_EDGE('',*,*,#15174,.T.);
#15174 = EDGE_CURVE('',#15167,#15175,#15177,.T.);
#15175 = VERTEX_POINT('',#15176);
#15176 = CARTESIAN_POINT('',(110.858514,-69.506995,1.585));
#15177 = LINE('',#15178,#15179);
#15178 = CARTESIAN_POINT('',(110.859273,-69.380663,1.585));
#15179 = VECTOR('',#15180,1.);
#15180 = DIRECTION('',(-6.007870547546E-03,-0.999981952583,0.));
#15181 = ORIENTED_EDGE('',*,*,#15182,.T.);
#15182 = EDGE_CURVE('',#15175,#15183,#15185,.T.);
#15183 = VERTEX_POINT('',#15184);
#15184 = CARTESIAN_POINT('',(110.800456,-69.675058,1.585));
#15185 = LINE('',#15186,#15187);
#15186 = CARTESIAN_POINT('',(110.858514,-69.506995,1.585));
#15187 = VECTOR('',#15188,1.);
#15188 = DIRECTION('',(-0.326519613327,-0.945190426376,0.));
#15189 = ORIENTED_EDGE('',*,*,#15190,.T.);
#15190 = EDGE_CURVE('',#15183,#15191,#15193,.T.);
#15191 = VERTEX_POINT('',#15192);
#15192 = CARTESIAN_POINT('',(110.347733,-70.129819,1.585));
#15193 = LINE('',#15194,#15195);
#15194 = CARTESIAN_POINT('',(110.800456,-69.675058,1.585));
#15195 = VECTOR('',#15196,1.);
#15196 = DIRECTION('',(-0.705517003129,-0.708692992978,0.));
#15197 = ORIENTED_EDGE('',*,*,#15198,.T.);
#15198 = EDGE_CURVE('',#15191,#15199,#15201,.T.);
#15199 = VERTEX_POINT('',#15200);
#15200 = CARTESIAN_POINT('',(110.800346,-70.13126,1.585));
#15201 = LINE('',#15202,#15203);
#15202 = CARTESIAN_POINT('',(110.347733,-70.129819,1.585));
#15203 = VECTOR('',#15204,1.);
#15204 = DIRECTION('',(0.999994931953,-3.183719197072E-03,0.));
#15205 = ORIENTED_EDGE('',*,*,#15206,.T.);
#15206 = EDGE_CURVE('',#15199,#15207,#15209,.T.);
#15207 = VERTEX_POINT('',#15208);
#15208 = CARTESIAN_POINT('',(110.785714,-70.279819,1.585));
#15209 = CIRCLE('',#15210,7.500006711464E-02);
#15210 = AXIS2_PLACEMENT_3D('',#15211,#15212,#15213);
#15211 = CARTESIAN_POINT('',(110.78571406711,-70.20481893288,1.585));
#15212 = DIRECTION('',(0.,0.,-1.));
#15213 = DIRECTION('',(0.195092263891,0.980784894138,0.));
#15214 = ORIENTED_EDGE('',*,*,#15215,.T.);
#15215 = EDGE_CURVE('',#15207,#15216,#15218,.T.);
#15216 = VERTEX_POINT('',#15217);
#15217 = CARTESIAN_POINT('',(110.152035,-70.278378,1.585));
#15218 = LINE('',#15219,#15220);
#15219 = CARTESIAN_POINT('',(110.785714,-70.279819,1.585));
#15220 = VECTOR('',#15221,1.);
#15221 = DIRECTION('',(-0.999997414422,2.274016140951E-03,0.));
#15222 = ORIENTED_EDGE('',*,*,#15223,.T.);
#15223 = EDGE_CURVE('',#15216,#15224,#15226,.T.);
#15224 = VERTEX_POINT('',#15225);
#15225 = CARTESIAN_POINT('',(110.113634,-70.151786,1.585));
#15226 = CIRCLE('',#15227,7.500021013111E-02);
#15227 = AXIS2_PLACEMENT_3D('',#15228,#15229,#15230);
#15228 = CARTESIAN_POINT('',(110.1666673167,-70.20481899764,1.585));
#15229 = DIRECTION('',(0.,0.,-1.));
#15230 = DIRECTION('',(-0.195097009436,-0.980783950169,-0.));
#15231 = ORIENTED_EDGE('',*,*,#15232,.T.);
#15232 = EDGE_CURVE('',#15224,#15233,#15235,.T.);
#15233 = VERTEX_POINT('',#15234);
#15234 = CARTESIAN_POINT('',(110.672542,-69.592876,1.585));
#15235 = LINE('',#15236,#15237);
#15236 = CARTESIAN_POINT('',(110.113634,-70.151786,1.585));
#15237 = VECTOR('',#15238,1.);
#15238 = DIRECTION('',(0.70710551603,0.707108046341,0.));
#15239 = ORIENTED_EDGE('',*,*,#15240,.T.);
#15240 = EDGE_CURVE('',#15233,#15241,#15243,.T.);
#15241 = VERTEX_POINT('',#15242);
#15242 = CARTESIAN_POINT('',(110.710714,-69.478363,1.585));
#15243 = LINE('',#15244,#15245);
#15244 = CARTESIAN_POINT('',(110.672542,-69.592876,1.585));
#15245 = VECTOR('',#15246,1.);
#15246 = DIRECTION('',(0.31623522204,0.948680812677,0.));
#15247 = ORIENTED_EDGE('',*,*,#15248,.T.);
#15248 = EDGE_CURVE('',#15241,#15249,#15251,.T.);
#15249 = VERTEX_POINT('',#15250);
#15250 = CARTESIAN_POINT('',(110.710714,-69.413,1.585));
#15251 = LINE('',#15252,#15253);
#15252 = CARTESIAN_POINT('',(110.710714,-69.478363,1.585));
#15253 = VECTOR('',#15254,1.);
#15254 = DIRECTION('',(0.,1.,0.));
#15255 = ORIENTED_EDGE('',*,*,#15256,.T.);
#15256 = EDGE_CURVE('',#15249,#15257,#15259,.T.);
#15257 = VERTEX_POINT('',#15258);
#15258 = CARTESIAN_POINT('',(110.577533,-69.279819,1.585));
#15259 = CIRCLE('',#15260,0.18686440374);
#15260 = AXIS2_PLACEMENT_3D('',#15261,#15262,#15263);
#15261 = CARTESIAN_POINT('',(110.529997,-69.460536,1.585));
#15262 = DIRECTION('',(0.,0.,1.));
#15263 = DIRECTION('',(0.967102328658,0.254387668537,-0.));
#15264 = ORIENTED_EDGE('',*,*,#15265,.T.);
#15265 = EDGE_CURVE('',#15257,#15266,#15268,.T.);
#15266 = VERTEX_POINT('',#15267);
#15267 = CARTESIAN_POINT('',(110.374848,-69.279819,1.585));
#15268 = LINE('',#15269,#15270);
#15269 = CARTESIAN_POINT('',(110.577533,-69.279819,1.585));
#15270 = VECTOR('',#15271,1.);
#15271 = DIRECTION('',(-1.,0.,0.));
#15272 = ORIENTED_EDGE('',*,*,#15273,.T.);
#15273 = EDGE_CURVE('',#15266,#15274,#15276,.T.);
#15274 = VERTEX_POINT('',#15275);
#15275 = CARTESIAN_POINT('',(110.306332,-69.314077,1.585));
#15276 = LINE('',#15277,#15278);
#15277 = CARTESIAN_POINT('',(110.374848,-69.279819,1.585));
#15278 = VECTOR('',#15279,1.);
#15279 = DIRECTION('',(-0.894427191,-0.4472135955,0.));
#15280 = ORIENTED_EDGE('',*,*,#15281,.T.);
#15281 = EDGE_CURVE('',#15274,#15282,#15284,.T.);
#15282 = VERTEX_POINT('',#15283);
#15283 = CARTESIAN_POINT('',(110.255954,-69.362417,1.585));
#15284 = LINE('',#15285,#15286);
#15285 = CARTESIAN_POINT('',(110.306332,-69.314077,1.585));
#15286 = VECTOR('',#15287,1.);
#15287 = DIRECTION('',(-0.721551016594,-0.692361271629,0.));
#15288 = ORIENTED_EDGE('',*,*,#15289,.T.);
#15289 = EDGE_CURVE('',#15282,#15290,#15292,.T.);
#15290 = VERTEX_POINT('',#15291);
#15291 = CARTESIAN_POINT('',(110.161253,-69.247024,1.585));
#15292 = CIRCLE('',#15293,7.499996838527E-02);
#15293 = AXIS2_PLACEMENT_3D('',#15294,#15295,#15296);
#15294 = CARTESIAN_POINT('',(110.214286,-69.30005697246,1.585));
#15295 = DIRECTION('',(0.,0.,-1.));
#15296 = DIRECTION('',(0.555573567524,-0.831467384248,0.));
#15297 = ORIENTED_EDGE('',*,*,#15298,.T.);
#15298 = EDGE_CURVE('',#15290,#15148,#15299,.T.);
#15299 = LINE('',#15300,#15301);
#15300 = CARTESIAN_POINT('',(110.161253,-69.247024,1.585));
#15301 = VECTOR('',#15302,1.);
#15302 = DIRECTION('',(0.736336089652,0.676615964248,0.));
#15303 = PLANE('',#15304);
#15304 = AXIS2_PLACEMENT_3D('',#15305,#15306,#15307);
#15305 = CARTESIAN_POINT('',(0.,0.,1.585));
#15306 = DIRECTION('',(0.,0.,1.));
#15307 = DIRECTION('',(1.,0.,-0.));
#15308 = SHELL_BASED_SURFACE_MODEL('',(#15309));
#15309 = OPEN_SHELL('',(#15310));
#15310 = ADVANCED_FACE('',(#15311),#15445,.T.);
#15311 = FACE_BOUND('',#15312,.F.);
#15312 = EDGE_LOOP('',(#15313,#15323,#15331,#15340,#15348,#15356,#15365,
    #15373,#15382,#15390,#15398,#15406,#15414,#15423,#15431,#15439));
#15313 = ORIENTED_EDGE('',*,*,#15314,.T.);
#15314 = EDGE_CURVE('',#15315,#15317,#15319,.T.);
#15315 = VERTEX_POINT('',#15316);
#15316 = CARTESIAN_POINT('',(120.446912,-69.151841,1.585));
#15317 = VERTEX_POINT('',#15318);
#15318 = CARTESIAN_POINT('',(120.485368,-69.13126,1.585));
#15319 = LINE('',#15320,#15321);
#15320 = CARTESIAN_POINT('',(120.446912,-69.151841,1.585));
#15321 = VECTOR('',#15322,1.);
#15322 = DIRECTION('',(0.881674852639,0.471857451169,0.));
#15323 = ORIENTED_EDGE('',*,*,#15324,.T.);
#15324 = EDGE_CURVE('',#15317,#15325,#15327,.T.);
#15325 = VERTEX_POINT('',#15326);
#15326 = CARTESIAN_POINT('',(120.507205,-69.13126,1.585));
#15327 = LINE('',#15328,#15329);
#15328 = CARTESIAN_POINT('',(120.485368,-69.13126,1.585));
#15329 = VECTOR('',#15330,1.);
#15330 = DIRECTION('',(1.,0.,0.));
#15331 = ORIENTED_EDGE('',*,*,#15332,.T.);
#15332 = EDGE_CURVE('',#15325,#15333,#15335,.T.);
#15333 = VERTEX_POINT('',#15334);
#15334 = CARTESIAN_POINT('',(120.575,-69.204819,1.585));
#15335 = CIRCLE('',#15336,7.216898094229E-02);
#15336 = AXIS2_PLACEMENT_3D('',#15337,#15338,#15339);
#15337 = CARTESIAN_POINT('',(120.50284706389,-69.20329728342,1.585));
#15338 = DIRECTION('',(0.,0.,-1.));
#15339 = DIRECTION('',(6.038516895263E-02,0.998175150648,0.));
#15340 = ORIENTED_EDGE('',*,*,#15341,.T.);
#15341 = EDGE_CURVE('',#15333,#15342,#15344,.T.);
#15342 = VERTEX_POINT('',#15343);
#15343 = CARTESIAN_POINT('',(120.575,-70.129819,1.585));
#15344 = LINE('',#15345,#15346);
#15345 = CARTESIAN_POINT('',(120.575,-69.204819,1.585));
#15346 = VECTOR('',#15347,1.);
#15347 = DIRECTION('',(0.,-1.,0.));
#15348 = ORIENTED_EDGE('',*,*,#15349,.T.);
#15349 = EDGE_CURVE('',#15342,#15350,#15352,.T.);
#15350 = VERTEX_POINT('',#15351);
#15351 = CARTESIAN_POINT('',(120.800346,-70.13126,1.585));
#15352 = LINE('',#15353,#15354);
#15353 = CARTESIAN_POINT('',(120.575,-70.129819,1.585));
#15354 = VECTOR('',#15355,1.);
#15355 = DIRECTION('',(0.999979555102,-6.394480216655E-03,0.));
#15356 = ORIENTED_EDGE('',*,*,#15357,.T.);
#15357 = EDGE_CURVE('',#15350,#15358,#15360,.T.);
#15358 = VERTEX_POINT('',#15359);
#15359 = CARTESIAN_POINT('',(120.785714,-70.279819,1.585));
#15360 = CIRCLE('',#15361,7.500006711464E-02);
#15361 = AXIS2_PLACEMENT_3D('',#15362,#15363,#15364);
#15362 = CARTESIAN_POINT('',(120.78571406711,-70.20481893288,1.585));
#15363 = DIRECTION('',(0.,0.,-1.));
#15364 = DIRECTION('',(0.195092263891,0.980784894138,0.));
#15365 = ORIENTED_EDGE('',*,*,#15366,.T.);
#15366 = EDGE_CURVE('',#15358,#15367,#15369,.T.);
#15367 = VERTEX_POINT('',#15368);
#15368 = CARTESIAN_POINT('',(120.199654,-70.278378,1.585));
#15369 = LINE('',#15370,#15371);
#15370 = CARTESIAN_POINT('',(120.785714,-70.279819,1.585));
#15371 = VECTOR('',#15372,1.);
#15372 = DIRECTION('',(-0.999996977183,2.45878518261E-03,0.));
#15373 = ORIENTED_EDGE('',*,*,#15374,.T.);
#15374 = EDGE_CURVE('',#15367,#15375,#15377,.T.);
#15375 = VERTEX_POINT('',#15376);
#15376 = CARTESIAN_POINT('',(120.214286,-70.129819,1.585));
#15377 = CIRCLE('',#15378,7.500006711464E-02);
#15378 = AXIS2_PLACEMENT_3D('',#15379,#15380,#15381);
#15379 = CARTESIAN_POINT('',(120.21428593288,-70.20481906711,1.585));
#15380 = DIRECTION('',(0.,0.,-1.));
#15381 = DIRECTION('',(-0.195092263891,-0.980784894138,-0.));
#15382 = ORIENTED_EDGE('',*,*,#15383,.T.);
#15383 = EDGE_CURVE('',#15375,#15384,#15386,.T.);
#15384 = VERTEX_POINT('',#15385);
#15385 = CARTESIAN_POINT('',(120.425,-70.129819,1.585));
#15386 = LINE('',#15387,#15388);
#15387 = CARTESIAN_POINT('',(120.214286,-70.129819,1.585));
#15388 = VECTOR('',#15389,1.);
#15389 = DIRECTION('',(1.,0.,0.));
#15390 = ORIENTED_EDGE('',*,*,#15391,.T.);
#15391 = EDGE_CURVE('',#15384,#15392,#15394,.T.);
#15392 = VERTEX_POINT('',#15393);
#15393 = CARTESIAN_POINT('',(120.425,-69.433504,1.585));
#15394 = LINE('',#15395,#15396);
#15395 = CARTESIAN_POINT('',(120.425,-70.129819,1.585));
#15396 = VECTOR('',#15397,1.);
#15397 = DIRECTION('',(0.,1.,0.));
#15398 = ORIENTED_EDGE('',*,*,#15399,.T.);
#15399 = EDGE_CURVE('',#15392,#15400,#15402,.T.);
#15400 = VERTEX_POINT('',#15401);
#15401 = CARTESIAN_POINT('',(120.349364,-69.506031,1.585));
#15402 = LINE('',#15403,#15404);
#15403 = CARTESIAN_POINT('',(120.425,-69.433504,1.585));
#15404 = VECTOR('',#15405,1.);
#15405 = DIRECTION('',(-0.721785571396,-0.692116745156,0.));
#15406 = ORIENTED_EDGE('',*,*,#15407,.T.);
#15407 = EDGE_CURVE('',#15400,#15408,#15410,.T.);
#15408 = VERTEX_POINT('',#15409);
#15409 = CARTESIAN_POINT('',(120.234095,-69.56287,1.585));
#15410 = LINE('',#15411,#15412);
#15411 = CARTESIAN_POINT('',(120.349364,-69.506031,1.585));
#15412 = VECTOR('',#15413,1.);
#15413 = DIRECTION('',(-0.896889346494,-0.442255017094,0.));
#15414 = ORIENTED_EDGE('',*,*,#15415,.T.);
#15415 = EDGE_CURVE('',#15408,#15416,#15418,.T.);
#15416 = VERTEX_POINT('',#15417);
#15417 = CARTESIAN_POINT('',(120.180745,-69.423451,1.585));
#15418 = CIRCLE('',#15419,7.500005272361E-02);
#15419 = AXIS2_PLACEMENT_3D('',#15420,#15421,#15422);
#15420 = CARTESIAN_POINT('',(120.21428555676,-69.49053332972,1.585));
#15421 = DIRECTION('',(0.,0.,-1.));
#15422 = DIRECTION('',(0.264125724196,-0.964488259036,0.));
#15423 = ORIENTED_EDGE('',*,*,#15424,.T.);
#15424 = EDGE_CURVE('',#15416,#15425,#15427,.T.);
#15425 = VERTEX_POINT('',#15426);
#15426 = CARTESIAN_POINT('',(120.265097,-69.381275,1.585));
#15427 = LINE('',#15428,#15429);
#15428 = CARTESIAN_POINT('',(120.180745,-69.423451,1.585));
#15429 = VECTOR('',#15430,1.);
#15430 = DIRECTION('',(0.894427191,0.4472135955,0.));
#15431 = ORIENTED_EDGE('',*,*,#15432,.T.);
#15432 = EDGE_CURVE('',#15425,#15433,#15435,.T.);
#15433 = VERTEX_POINT('',#15434);
#15434 = CARTESIAN_POINT('',(120.346476,-69.299896,1.585));
#15435 = LINE('',#15436,#15437);
#15436 = CARTESIAN_POINT('',(120.265097,-69.381275,1.585));
#15437 = VECTOR('',#15438,1.);
#15438 = DIRECTION('',(0.707106781187,0.707106781187,0.));
#15439 = ORIENTED_EDGE('',*,*,#15440,.T.);
#15440 = EDGE_CURVE('',#15433,#15315,#15441,.T.);
#15441 = LINE('',#15442,#15443);
#15442 = CARTESIAN_POINT('',(120.346476,-69.299896,1.585));
#15443 = VECTOR('',#15444,1.);
#15444 = DIRECTION('',(0.561387006404,0.82755339951,0.));
#15445 = PLANE('',#15446);
#15446 = AXIS2_PLACEMENT_3D('',#15447,#15448,#15449);
#15447 = CARTESIAN_POINT('',(0.,0.,1.585));
#15448 = DIRECTION('',(0.,0.,1.));
#15449 = DIRECTION('',(1.,0.,-0.));
#15450 = SHELL_BASED_SURFACE_MODEL('',(#15451));
#15451 = OPEN_SHELL('',(#15452));
#15452 = ADVANCED_FACE('',(#15453,#15564),#15616,.T.);
#15453 = FACE_BOUND('',#15454,.F.);
#15454 = EDGE_LOOP('',(#15455,#15466,#15474,#15483,#15491,#15500,#15508,
    #15516,#15525,#15533,#15541,#15549,#15558));
#15455 = ORIENTED_EDGE('',*,*,#15456,.T.);
#15456 = EDGE_CURVE('',#15457,#15459,#15461,.T.);
#15457 = VERTEX_POINT('',#15458);
#15458 = CARTESIAN_POINT('',(109.188346,-69.190187,1.585));
#15459 = VERTEX_POINT('',#15460);
#15460 = CARTESIAN_POINT('',(109.261905,-69.129819,1.585));
#15461 = CIRCLE('',#15462,7.500074938989E-02);
#15462 = AXIS2_PLACEMENT_3D('',#15463,#15464,#15465);
#15463 = CARTESIAN_POINT('',(109.26190546611,-69.20481974938,1.585));
#15464 = DIRECTION('',(0.,0.,-1.));
#15465 = DIRECTION('',(-0.980783081614,0.195101375753,0.));
#15466 = ORIENTED_EDGE('',*,*,#15467,.T.);
#15467 = EDGE_CURVE('',#15459,#15468,#15470,.T.);
#15468 = VERTEX_POINT('',#15469);
#15469 = CARTESIAN_POINT('',(109.657489,-69.13126,1.585));
#15470 = LINE('',#15471,#15472);
#15471 = CARTESIAN_POINT('',(109.261905,-69.129819,1.585));
#15472 = VECTOR('',#15473,1.);
#15473 = DIRECTION('',(0.999993365378,-3.64269141196E-03,0.));
#15474 = ORIENTED_EDGE('',*,*,#15475,.T.);
#15475 = EDGE_CURVE('',#15468,#15476,#15478,.T.);
#15476 = VERTEX_POINT('',#15477);
#15477 = CARTESIAN_POINT('',(109.906892,-69.380663,1.585));
#15478 = CIRCLE('',#15479,0.347870264855);
#15479 = AXIS2_PLACEMENT_3D('',#15480,#15481,#15482);
#15480 = CARTESIAN_POINT('',(109.57016126502,-69.46799073497,1.585));
#15481 = DIRECTION('',(0.,0.,-1.));
#15482 = DIRECTION('',(0.251035353678,0.967977918758,0.));
#15483 = ORIENTED_EDGE('',*,*,#15484,.T.);
#15484 = EDGE_CURVE('',#15476,#15485,#15487,.T.);
#15485 = VERTEX_POINT('',#15486);
#15486 = CARTESIAN_POINT('',(109.90567,-69.557962,1.585));
#15487 = LINE('',#15488,#15489);
#15488 = CARTESIAN_POINT('',(109.906892,-69.380663,1.585));
#15489 = VECTOR('',#15490,1.);
#15490 = DIRECTION('',(-6.892148157132E-03,-0.999976248865,0.));
#15491 = ORIENTED_EDGE('',*,*,#15492,.T.);
#15492 = EDGE_CURVE('',#15485,#15493,#15495,.T.);
#15493 = VERTEX_POINT('',#15494);
#15494 = CARTESIAN_POINT('',(109.657489,-69.802187,1.585));
#15495 = CIRCLE('',#15496,0.348632345849);
#15496 = AXIS2_PLACEMENT_3D('',#15497,#15498,#15499);
#15497 = CARTESIAN_POINT('',(109.56972019403,-69.4647834593,1.585));
#15498 = DIRECTION('',(0.,0.,-1.));
#15499 = DIRECTION('',(0.963622021775,-0.267268776985,0.));
#15500 = ORIENTED_EDGE('',*,*,#15501,.T.);
#15501 = EDGE_CURVE('',#15493,#15502,#15504,.T.);
#15502 = VERTEX_POINT('',#15503);
#15503 = CARTESIAN_POINT('',(109.643972,-69.803518,1.585));
#15504 = LINE('',#15505,#15506);
#15505 = CARTESIAN_POINT('',(109.657489,-69.802187,1.585));
#15506 = VECTOR('',#15507,1.);
#15507 = DIRECTION('',(-0.995186940545,-9.799465989934E-02,0.));
#15508 = ORIENTED_EDGE('',*,*,#15509,.T.);
#15509 = EDGE_CURVE('',#15502,#15510,#15512,.T.);
#15510 = VERTEX_POINT('',#15511);
#15511 = CARTESIAN_POINT('',(109.901986,-70.174623,1.585));
#15512 = LINE('',#15513,#15514);
#15513 = CARTESIAN_POINT('',(109.643972,-69.803518,1.585));
#15514 = VECTOR('',#15515,1.);
#15515 = DIRECTION('',(0.570846789809,-0.821056601316,0.));
#15516 = ORIENTED_EDGE('',*,*,#15517,.T.);
#15517 = EDGE_CURVE('',#15510,#15518,#15520,.T.);
#15518 = VERTEX_POINT('',#15519);
#15519 = CARTESIAN_POINT('',(109.771891,-70.247829,1.585));
#15520 = CIRCLE('',#15521,7.500005951702E-02);
#15521 = AXIS2_PLACEMENT_3D('',#15522,#15523,#15524);
#15522 = CARTESIAN_POINT('',(109.83333306294,-70.20481874739,1.585));
#15523 = DIRECTION('',(0.,0.,-1.));
#15524 = DIRECTION('',(0.915371767707,0.402609645791,0.));
#15525 = ORIENTED_EDGE('',*,*,#15526,.T.);
#15526 = EDGE_CURVE('',#15518,#15527,#15529,.T.);
#15527 = VERTEX_POINT('',#15528);
#15528 = CARTESIAN_POINT('',(109.460951,-69.803628,1.585));
#15529 = LINE('',#15530,#15531);
#15530 = CARTESIAN_POINT('',(109.771891,-70.247829,1.585));
#15531 = VECTOR('',#15532,1.);
#15532 = DIRECTION('',(-0.573461477921,0.819232527028,0.));
#15533 = ORIENTED_EDGE('',*,*,#15534,.T.);
#15534 = EDGE_CURVE('',#15527,#15535,#15537,.T.);
#15535 = VERTEX_POINT('',#15536);
#15536 = CARTESIAN_POINT('',(109.336905,-69.803628,1.585));
#15537 = LINE('',#15538,#15539);
#15538 = CARTESIAN_POINT('',(109.460951,-69.803628,1.585));
#15539 = VECTOR('',#15540,1.);
#15540 = DIRECTION('',(-1.,0.,0.));
#15541 = ORIENTED_EDGE('',*,*,#15542,.T.);
#15542 = EDGE_CURVE('',#15535,#15543,#15545,.T.);
#15543 = VERTEX_POINT('',#15544);
#15544 = CARTESIAN_POINT('',(109.335464,-70.219451,1.585));
#15545 = LINE('',#15546,#15547);
#15546 = CARTESIAN_POINT('',(109.336905,-69.803628,1.585));
#15547 = VECTOR('',#15548,1.);
#15548 = DIRECTION('',(-3.465395967783E-03,-0.999993995497,0.));
#15549 = ORIENTED_EDGE('',*,*,#15550,.T.);
#15550 = EDGE_CURVE('',#15543,#15551,#15553,.T.);
#15551 = VERTEX_POINT('',#15552);
#15552 = CARTESIAN_POINT('',(109.186905,-70.204819,1.585));
#15553 = CIRCLE('',#15554,7.500006711464E-02);
#15554 = AXIS2_PLACEMENT_3D('',#15555,#15556,#15557);
#15555 = CARTESIAN_POINT('',(109.26190506711,-70.20481906711,1.585));
#15556 = DIRECTION('',(-0.,0.,-1.));
#15557 = DIRECTION('',(0.980784894138,-0.195092263891,-0.));
#15558 = ORIENTED_EDGE('',*,*,#15559,.T.);
#15559 = EDGE_CURVE('',#15551,#15457,#15560,.T.);
#15560 = LINE('',#15561,#15562);
#15561 = CARTESIAN_POINT('',(109.186905,-70.204819,1.585));
#15562 = VECTOR('',#15563,1.);
#15563 = DIRECTION('',(1.420217918158E-03,0.99999899149,0.));
#15564 = FACE_BOUND('',#15565,.F.);
#15565 = EDGE_LOOP('',(#15566,#15577,#15585,#15593,#15601,#15610));
#15566 = ORIENTED_EDGE('',*,*,#15567,.T.);
#15567 = EDGE_CURVE('',#15568,#15570,#15572,.T.);
#15568 = VERTEX_POINT('',#15569);
#15569 = CARTESIAN_POINT('',(109.758333,-69.413,1.585));
#15570 = VERTEX_POINT('',#15571);
#15571 = CARTESIAN_POINT('',(109.625152,-69.279819,1.585));
#15572 = CIRCLE('',#15573,0.18686440374);
#15573 = AXIS2_PLACEMENT_3D('',#15574,#15575,#15576);
#15574 = CARTESIAN_POINT('',(109.577616,-69.460536,1.585));
#15575 = DIRECTION('',(0.,0.,1.));
#15576 = DIRECTION('',(0.967102328658,0.254387668537,-0.));
#15577 = ORIENTED_EDGE('',*,*,#15578,.T.);
#15578 = EDGE_CURVE('',#15570,#15579,#15581,.T.);
#15579 = VERTEX_POINT('',#15580);
#15580 = CARTESIAN_POINT('',(109.336905,-69.279819,1.585));
#15581 = LINE('',#15582,#15583);
#15582 = CARTESIAN_POINT('',(109.625152,-69.279819,1.585));
#15583 = VECTOR('',#15584,1.);
#15584 = DIRECTION('',(-1.,0.,0.));
#15585 = ORIENTED_EDGE('',*,*,#15586,.T.);
#15586 = EDGE_CURVE('',#15579,#15587,#15589,.T.);
#15587 = VERTEX_POINT('',#15588);
#15588 = CARTESIAN_POINT('',(109.336905,-69.653628,1.585));
#15589 = LINE('',#15590,#15591);
#15590 = CARTESIAN_POINT('',(109.336905,-69.279819,1.585));
#15591 = VECTOR('',#15592,1.);
#15592 = DIRECTION('',(0.,-1.,0.));
#15593 = ORIENTED_EDGE('',*,*,#15594,.T.);
#15594 = EDGE_CURVE('',#15587,#15595,#15597,.T.);
#15595 = VERTEX_POINT('',#15596);
#15596 = CARTESIAN_POINT('',(109.625152,-69.653628,1.585));
#15597 = LINE('',#15598,#15599);
#15598 = CARTESIAN_POINT('',(109.336905,-69.653628,1.585));
#15599 = VECTOR('',#15600,1.);
#15600 = DIRECTION('',(1.,0.,0.));
#15601 = ORIENTED_EDGE('',*,*,#15602,.T.);
#15602 = EDGE_CURVE('',#15595,#15603,#15605,.T.);
#15603 = VERTEX_POINT('',#15604);
#15604 = CARTESIAN_POINT('',(109.758333,-69.520447,1.585));
#15605 = CIRCLE('',#15606,0.18686440374);
#15606 = AXIS2_PLACEMENT_3D('',#15607,#15608,#15609);
#15607 = CARTESIAN_POINT('',(109.577616,-69.472911,1.585));
#15608 = DIRECTION('',(0.,0.,1.));
#15609 = DIRECTION('',(0.254387668537,-0.967102328658,0.));
#15610 = ORIENTED_EDGE('',*,*,#15611,.T.);
#15611 = EDGE_CURVE('',#15603,#15568,#15612,.T.);
#15612 = LINE('',#15613,#15614);
#15613 = CARTESIAN_POINT('',(109.758333,-69.520447,1.585));
#15614 = VECTOR('',#15615,1.);
#15615 = DIRECTION('',(0.,1.,0.));
#15616 = PLANE('',#15617);
#15617 = AXIS2_PLACEMENT_3D('',#15618,#15619,#15620);
#15618 = CARTESIAN_POINT('',(0.,0.,1.585));
#15619 = DIRECTION('',(0.,0.,1.));
#15620 = DIRECTION('',(1.,0.,-0.));
#15621 = SHELL_BASED_SURFACE_MODEL('',(#15622));
#15622 = OPEN_SHELL('',(#15623));
#15623 = ADVANCED_FACE('',(#15624,#15735),#15787,.T.);
#15624 = FACE_BOUND('',#15625,.F.);
#15625 = EDGE_LOOP('',(#15626,#15637,#15645,#15654,#15662,#15671,#15679,
    #15687,#15696,#15704,#15712,#15720,#15729));
#15626 = ORIENTED_EDGE('',*,*,#15627,.T.);
#15627 = EDGE_CURVE('',#15628,#15630,#15632,.T.);
#15628 = VERTEX_POINT('',#15629);
#15629 = CARTESIAN_POINT('',(119.188346,-69.190187,1.585));
#15630 = VERTEX_POINT('',#15631);
#15631 = CARTESIAN_POINT('',(119.261905,-69.129819,1.585));
#15632 = CIRCLE('',#15633,7.500074938989E-02);
#15633 = AXIS2_PLACEMENT_3D('',#15634,#15635,#15636);
#15634 = CARTESIAN_POINT('',(119.26190546611,-69.20481974938,1.585));
#15635 = DIRECTION('',(0.,0.,-1.));
#15636 = DIRECTION('',(-0.980783081614,0.195101375753,0.));
#15637 = ORIENTED_EDGE('',*,*,#15638,.T.);
#15638 = EDGE_CURVE('',#15630,#15639,#15641,.T.);
#15639 = VERTEX_POINT('',#15640);
#15640 = CARTESIAN_POINT('',(119.657489,-69.13126,1.585));
#15641 = LINE('',#15642,#15643);
#15642 = CARTESIAN_POINT('',(119.261905,-69.129819,1.585));
#15643 = VECTOR('',#15644,1.);
#15644 = DIRECTION('',(0.999993365378,-3.64269141196E-03,0.));
#15645 = ORIENTED_EDGE('',*,*,#15646,.T.);
#15646 = EDGE_CURVE('',#15639,#15647,#15649,.T.);
#15647 = VERTEX_POINT('',#15648);
#15648 = CARTESIAN_POINT('',(119.906892,-69.380663,1.585));
#15649 = CIRCLE('',#15650,0.347870264855);
#15650 = AXIS2_PLACEMENT_3D('',#15651,#15652,#15653);
#15651 = CARTESIAN_POINT('',(119.57016126502,-69.46799073497,1.585));
#15652 = DIRECTION('',(0.,0.,-1.));
#15653 = DIRECTION('',(0.251035353678,0.967977918758,0.));
#15654 = ORIENTED_EDGE('',*,*,#15655,.T.);
#15655 = EDGE_CURVE('',#15647,#15656,#15658,.T.);
#15656 = VERTEX_POINT('',#15657);
#15657 = CARTESIAN_POINT('',(119.90567,-69.557962,1.585));
#15658 = LINE('',#15659,#15660);
#15659 = CARTESIAN_POINT('',(119.906892,-69.380663,1.585));
#15660 = VECTOR('',#15661,1.);
#15661 = DIRECTION('',(-6.892148157132E-03,-0.999976248865,0.));
#15662 = ORIENTED_EDGE('',*,*,#15663,.T.);
#15663 = EDGE_CURVE('',#15656,#15664,#15666,.T.);
#15664 = VERTEX_POINT('',#15665);
#15665 = CARTESIAN_POINT('',(119.657489,-69.802187,1.585));
#15666 = CIRCLE('',#15667,0.348632345849);
#15667 = AXIS2_PLACEMENT_3D('',#15668,#15669,#15670);
#15668 = CARTESIAN_POINT('',(119.56972019403,-69.4647834593,1.585));
#15669 = DIRECTION('',(0.,0.,-1.));
#15670 = DIRECTION('',(0.963622021775,-0.267268776985,0.));
#15671 = ORIENTED_EDGE('',*,*,#15672,.T.);
#15672 = EDGE_CURVE('',#15664,#15673,#15675,.T.);
#15673 = VERTEX_POINT('',#15674);
#15674 = CARTESIAN_POINT('',(119.643972,-69.803518,1.585));
#15675 = LINE('',#15676,#15677);
#15676 = CARTESIAN_POINT('',(119.657489,-69.802187,1.585));
#15677 = VECTOR('',#15678,1.);
#15678 = DIRECTION('',(-0.995186940545,-9.799465989934E-02,0.));
#15679 = ORIENTED_EDGE('',*,*,#15680,.T.);
#15680 = EDGE_CURVE('',#15673,#15681,#15683,.T.);
#15681 = VERTEX_POINT('',#15682);
#15682 = CARTESIAN_POINT('',(119.901986,-70.174623,1.585));
#15683 = LINE('',#15684,#15685);
#15684 = CARTESIAN_POINT('',(119.643972,-69.803518,1.585));
#15685 = VECTOR('',#15686,1.);
#15686 = DIRECTION('',(0.570846789809,-0.821056601316,0.));
#15687 = ORIENTED_EDGE('',*,*,#15688,.T.);
#15688 = EDGE_CURVE('',#15681,#15689,#15691,.T.);
#15689 = VERTEX_POINT('',#15690);
#15690 = CARTESIAN_POINT('',(119.771891,-70.247829,1.585));
#15691 = CIRCLE('',#15692,7.500005951702E-02);
#15692 = AXIS2_PLACEMENT_3D('',#15693,#15694,#15695);
#15693 = CARTESIAN_POINT('',(119.83333306294,-70.20481874739,1.585));
#15694 = DIRECTION('',(0.,0.,-1.));
#15695 = DIRECTION('',(0.915371767707,0.402609645791,0.));
#15696 = ORIENTED_EDGE('',*,*,#15697,.T.);
#15697 = EDGE_CURVE('',#15689,#15698,#15700,.T.);
#15698 = VERTEX_POINT('',#15699);
#15699 = CARTESIAN_POINT('',(119.460951,-69.803628,1.585));
#15700 = LINE('',#15701,#15702);
#15701 = CARTESIAN_POINT('',(119.771891,-70.247829,1.585));
#15702 = VECTOR('',#15703,1.);
#15703 = DIRECTION('',(-0.573461477921,0.819232527028,0.));
#15704 = ORIENTED_EDGE('',*,*,#15705,.T.);
#15705 = EDGE_CURVE('',#15698,#15706,#15708,.T.);
#15706 = VERTEX_POINT('',#15707);
#15707 = CARTESIAN_POINT('',(119.336905,-69.803628,1.585));
#15708 = LINE('',#15709,#15710);
#15709 = CARTESIAN_POINT('',(119.460951,-69.803628,1.585));
#15710 = VECTOR('',#15711,1.);
#15711 = DIRECTION('',(-1.,0.,0.));
#15712 = ORIENTED_EDGE('',*,*,#15713,.T.);
#15713 = EDGE_CURVE('',#15706,#15714,#15716,.T.);
#15714 = VERTEX_POINT('',#15715);
#15715 = CARTESIAN_POINT('',(119.335464,-70.219451,1.585));
#15716 = LINE('',#15717,#15718);
#15717 = CARTESIAN_POINT('',(119.336905,-69.803628,1.585));
#15718 = VECTOR('',#15719,1.);
#15719 = DIRECTION('',(-3.465395967783E-03,-0.999993995497,0.));
#15720 = ORIENTED_EDGE('',*,*,#15721,.T.);
#15721 = EDGE_CURVE('',#15714,#15722,#15724,.T.);
#15722 = VERTEX_POINT('',#15723);
#15723 = CARTESIAN_POINT('',(119.186905,-70.204819,1.585));
#15724 = CIRCLE('',#15725,7.500006711464E-02);
#15725 = AXIS2_PLACEMENT_3D('',#15726,#15727,#15728);
#15726 = CARTESIAN_POINT('',(119.26190506711,-70.20481906711,1.585));
#15727 = DIRECTION('',(-0.,0.,-1.));
#15728 = DIRECTION('',(0.980784894138,-0.195092263891,-0.));
#15729 = ORIENTED_EDGE('',*,*,#15730,.T.);
#15730 = EDGE_CURVE('',#15722,#15628,#15731,.T.);
#15731 = LINE('',#15732,#15733);
#15732 = CARTESIAN_POINT('',(119.186905,-70.204819,1.585));
#15733 = VECTOR('',#15734,1.);
#15734 = DIRECTION('',(1.420217918158E-03,0.99999899149,0.));
#15735 = FACE_BOUND('',#15736,.F.);
#15736 = EDGE_LOOP('',(#15737,#15748,#15756,#15764,#15772,#15781));
#15737 = ORIENTED_EDGE('',*,*,#15738,.T.);
#15738 = EDGE_CURVE('',#15739,#15741,#15743,.T.);
#15739 = VERTEX_POINT('',#15740);
#15740 = CARTESIAN_POINT('',(119.758333,-69.413,1.585));
#15741 = VERTEX_POINT('',#15742);
#15742 = CARTESIAN_POINT('',(119.625152,-69.279819,1.585));
#15743 = CIRCLE('',#15744,0.18686440374);
#15744 = AXIS2_PLACEMENT_3D('',#15745,#15746,#15747);
#15745 = CARTESIAN_POINT('',(119.577616,-69.460536,1.585));
#15746 = DIRECTION('',(0.,0.,1.));
#15747 = DIRECTION('',(0.967102328658,0.254387668537,-0.));
#15748 = ORIENTED_EDGE('',*,*,#15749,.T.);
#15749 = EDGE_CURVE('',#15741,#15750,#15752,.T.);
#15750 = VERTEX_POINT('',#15751);
#15751 = CARTESIAN_POINT('',(119.336905,-69.279819,1.585));
#15752 = LINE('',#15753,#15754);
#15753 = CARTESIAN_POINT('',(119.625152,-69.279819,1.585));
#15754 = VECTOR('',#15755,1.);
#15755 = DIRECTION('',(-1.,0.,0.));
#15756 = ORIENTED_EDGE('',*,*,#15757,.T.);
#15757 = EDGE_CURVE('',#15750,#15758,#15760,.T.);
#15758 = VERTEX_POINT('',#15759);
#15759 = CARTESIAN_POINT('',(119.336905,-69.653628,1.585));
#15760 = LINE('',#15761,#15762);
#15761 = CARTESIAN_POINT('',(119.336905,-69.279819,1.585));
#15762 = VECTOR('',#15763,1.);
#15763 = DIRECTION('',(0.,-1.,0.));
#15764 = ORIENTED_EDGE('',*,*,#15765,.T.);
#15765 = EDGE_CURVE('',#15758,#15766,#15768,.T.);
#15766 = VERTEX_POINT('',#15767);
#15767 = CARTESIAN_POINT('',(119.625152,-69.653628,1.585));
#15768 = LINE('',#15769,#15770);
#15769 = CARTESIAN_POINT('',(119.336905,-69.653628,1.585));
#15770 = VECTOR('',#15771,1.);
#15771 = DIRECTION('',(1.,0.,0.));
#15772 = ORIENTED_EDGE('',*,*,#15773,.T.);
#15773 = EDGE_CURVE('',#15766,#15774,#15776,.T.);
#15774 = VERTEX_POINT('',#15775);
#15775 = CARTESIAN_POINT('',(119.758333,-69.520447,1.585));
#15776 = CIRCLE('',#15777,0.18686440374);
#15777 = AXIS2_PLACEMENT_3D('',#15778,#15779,#15780);
#15778 = CARTESIAN_POINT('',(119.577616,-69.472911,1.585));
#15779 = DIRECTION('',(0.,0.,1.));
#15780 = DIRECTION('',(0.254387668537,-0.967102328658,0.));
#15781 = ORIENTED_EDGE('',*,*,#15782,.T.);
#15782 = EDGE_CURVE('',#15774,#15739,#15783,.T.);
#15783 = LINE('',#15784,#15785);
#15784 = CARTESIAN_POINT('',(119.758333,-69.520447,1.585));
#15785 = VECTOR('',#15786,1.);
#15786 = DIRECTION('',(0.,1.,0.));
#15787 = PLANE('',#15788);
#15788 = AXIS2_PLACEMENT_3D('',#15789,#15790,#15791);
#15789 = CARTESIAN_POINT('',(0.,0.,1.585));
#15790 = DIRECTION('',(0.,0.,1.));
#15791 = DIRECTION('',(1.,0.,-0.));
#15792 = SHELL_BASED_SURFACE_MODEL('',(#15793));
#15793 = OPEN_SHELL('',(#15794));
#15794 = ADVANCED_FACE('',(#15795),#15831,.T.);
#15795 = FACE_BOUND('',#15796,.F.);
#15796 = EDGE_LOOP('',(#15797,#15808,#15816,#15825));
#15797 = ORIENTED_EDGE('',*,*,#15798,.T.);
#15798 = EDGE_CURVE('',#15799,#15801,#15803,.T.);
#15799 = VERTEX_POINT('',#15800);
#15800 = CARTESIAN_POINT('',(108.472936,-68.67,1.585));
#15801 = VERTEX_POINT('',#15802);
#15802 = CARTESIAN_POINT('',(108.472936,-68.55,1.585));
#15803 = CIRCLE('',#15804,6.000000000043E-02);
#15804 = AXIS2_PLACEMENT_3D('',#15805,#15806,#15807);
#15805 = CARTESIAN_POINT('',(108.47293577441,-68.61,1.585));
#15806 = DIRECTION('',(0.,0.,-1.));
#15807 = DIRECTION('',(3.759794016835E-06,-0.999999999993,0.));
#15808 = ORIENTED_EDGE('',*,*,#15809,.T.);
#15809 = EDGE_CURVE('',#15801,#15810,#15812,.T.);
#15810 = VERTEX_POINT('',#15811);
#15811 = CARTESIAN_POINT('',(111.527064,-68.55,1.585));
#15812 = LINE('',#15813,#15814);
#15813 = CARTESIAN_POINT('',(108.472936,-68.55,1.585));
#15814 = VECTOR('',#15815,1.);
#15815 = DIRECTION('',(1.,0.,0.));
#15816 = ORIENTED_EDGE('',*,*,#15817,.T.);
#15817 = EDGE_CURVE('',#15810,#15818,#15820,.T.);
#15818 = VERTEX_POINT('',#15819);
#15819 = CARTESIAN_POINT('',(111.527064,-68.67,1.585));
#15820 = CIRCLE('',#15821,6.000000000043E-02);
#15821 = AXIS2_PLACEMENT_3D('',#15822,#15823,#15824);
#15822 = CARTESIAN_POINT('',(111.52706422558,-68.61,1.585));
#15823 = DIRECTION('',(0.,0.,-1.));
#15824 = DIRECTION('',(-3.759794016835E-06,0.999999999993,-0.));
#15825 = ORIENTED_EDGE('',*,*,#15826,.T.);
#15826 = EDGE_CURVE('',#15818,#15799,#15827,.T.);
#15827 = LINE('',#15828,#15829);
#15828 = CARTESIAN_POINT('',(111.527064,-68.67,1.585));
#15829 = VECTOR('',#15830,1.);
#15830 = DIRECTION('',(-1.,0.,0.));
#15831 = PLANE('',#15832);
#15832 = AXIS2_PLACEMENT_3D('',#15833,#15834,#15835);
#15833 = CARTESIAN_POINT('',(0.,0.,1.585));
#15834 = DIRECTION('',(0.,0.,1.));
#15835 = DIRECTION('',(1.,0.,-0.));
#15836 = SHELL_BASED_SURFACE_MODEL('',(#15837));
#15837 = OPEN_SHELL('',(#15838));
#15838 = ADVANCED_FACE('',(#15839),#15875,.T.);
#15839 = FACE_BOUND('',#15840,.F.);
#15840 = EDGE_LOOP('',(#15841,#15852,#15860,#15869));
#15841 = ORIENTED_EDGE('',*,*,#15842,.T.);
#15842 = EDGE_CURVE('',#15843,#15845,#15847,.T.);
#15843 = VERTEX_POINT('',#15844);
#15844 = CARTESIAN_POINT('',(118.472936,-68.67,1.585));
#15845 = VERTEX_POINT('',#15846);
#15846 = CARTESIAN_POINT('',(118.472936,-68.55,1.585));
#15847 = CIRCLE('',#15848,6.000000000043E-02);
#15848 = AXIS2_PLACEMENT_3D('',#15849,#15850,#15851);
#15849 = CARTESIAN_POINT('',(118.47293577441,-68.61,1.585));
#15850 = DIRECTION('',(0.,0.,-1.));
#15851 = DIRECTION('',(3.759794016835E-06,-0.999999999993,0.));
#15852 = ORIENTED_EDGE('',*,*,#15853,.T.);
#15853 = EDGE_CURVE('',#15845,#15854,#15856,.T.);
#15854 = VERTEX_POINT('',#15855);
#15855 = CARTESIAN_POINT('',(121.527064,-68.55,1.585));
#15856 = LINE('',#15857,#15858);
#15857 = CARTESIAN_POINT('',(118.472936,-68.55,1.585));
#15858 = VECTOR('',#15859,1.);
#15859 = DIRECTION('',(1.,0.,0.));
#15860 = ORIENTED_EDGE('',*,*,#15861,.T.);
#15861 = EDGE_CURVE('',#15854,#15862,#15864,.T.);
#15862 = VERTEX_POINT('',#15863);
#15863 = CARTESIAN_POINT('',(121.527064,-68.67,1.585));
#15864 = CIRCLE('',#15865,6.000000000043E-02);
#15865 = AXIS2_PLACEMENT_3D('',#15866,#15867,#15868);
#15866 = CARTESIAN_POINT('',(121.52706422558,-68.61,1.585));
#15867 = DIRECTION('',(0.,0.,-1.));
#15868 = DIRECTION('',(-3.759794016835E-06,0.999999999993,-0.));
#15869 = ORIENTED_EDGE('',*,*,#15870,.T.);
#15870 = EDGE_CURVE('',#15862,#15843,#15871,.T.);
#15871 = LINE('',#15872,#15873);
#15872 = CARTESIAN_POINT('',(121.527064,-68.67,1.585));
#15873 = VECTOR('',#15874,1.);
#15874 = DIRECTION('',(-1.,0.,0.));
#15875 = PLANE('',#15876);
#15876 = AXIS2_PLACEMENT_3D('',#15877,#15878,#15879);
#15877 = CARTESIAN_POINT('',(0.,0.,1.585));
#15878 = DIRECTION('',(0.,0.,1.));
#15879 = DIRECTION('',(1.,0.,-0.));
#15880 = SHELL_BASED_SURFACE_MODEL('',(#15881));
#15881 = OPEN_SHELL('',(#15882));
#15882 = ADVANCED_FACE('',(#15883),#15919,.T.);
#15883 = FACE_BOUND('',#15884,.F.);
#15884 = EDGE_LOOP('',(#15885,#15896,#15904,#15913));
#15885 = ORIENTED_EDGE('',*,*,#15886,.T.);
#15886 = EDGE_CURVE('',#15887,#15889,#15891,.T.);
#15887 = VERTEX_POINT('',#15888);
#15888 = CARTESIAN_POINT('',(108.472936,-65.95,1.585));
#15889 = VERTEX_POINT('',#15890);
#15890 = CARTESIAN_POINT('',(108.472936,-65.83,1.585));
#15891 = CIRCLE('',#15892,6.000000000043E-02);
#15892 = AXIS2_PLACEMENT_3D('',#15893,#15894,#15895);
#15893 = CARTESIAN_POINT('',(108.47293577441,-65.89,1.585));
#15894 = DIRECTION('',(0.,0.,-1.));
#15895 = DIRECTION('',(3.759794016835E-06,-0.999999999993,0.));
#15896 = ORIENTED_EDGE('',*,*,#15897,.T.);
#15897 = EDGE_CURVE('',#15889,#15898,#15900,.T.);
#15898 = VERTEX_POINT('',#15899);
#15899 = CARTESIAN_POINT('',(111.527064,-65.83,1.585));
#15900 = LINE('',#15901,#15902);
#15901 = CARTESIAN_POINT('',(108.472936,-65.83,1.585));
#15902 = VECTOR('',#15903,1.);
#15903 = DIRECTION('',(1.,0.,0.));
#15904 = ORIENTED_EDGE('',*,*,#15905,.T.);
#15905 = EDGE_CURVE('',#15898,#15906,#15908,.T.);
#15906 = VERTEX_POINT('',#15907);
#15907 = CARTESIAN_POINT('',(111.527064,-65.95,1.585));
#15908 = CIRCLE('',#15909,6.000000000043E-02);
#15909 = AXIS2_PLACEMENT_3D('',#15910,#15911,#15912);
#15910 = CARTESIAN_POINT('',(111.52706422558,-65.89,1.585));
#15911 = DIRECTION('',(0.,0.,-1.));
#15912 = DIRECTION('',(-3.759794016835E-06,0.999999999993,-0.));
#15913 = ORIENTED_EDGE('',*,*,#15914,.T.);
#15914 = EDGE_CURVE('',#15906,#15887,#15915,.T.);
#15915 = LINE('',#15916,#15917);
#15916 = CARTESIAN_POINT('',(111.527064,-65.95,1.585));
#15917 = VECTOR('',#15918,1.);
#15918 = DIRECTION('',(-1.,0.,0.));
#15919 = PLANE('',#15920);
#15920 = AXIS2_PLACEMENT_3D('',#15921,#15922,#15923);
#15921 = CARTESIAN_POINT('',(0.,0.,1.585));
#15922 = DIRECTION('',(0.,0.,1.));
#15923 = DIRECTION('',(1.,0.,-0.));
#15924 = SHELL_BASED_SURFACE_MODEL('',(#15925));
#15925 = OPEN_SHELL('',(#15926));
#15926 = ADVANCED_FACE('',(#15927),#15963,.T.);
#15927 = FACE_BOUND('',#15928,.F.);
#15928 = EDGE_LOOP('',(#15929,#15940,#15948,#15957));
#15929 = ORIENTED_EDGE('',*,*,#15930,.T.);
#15930 = EDGE_CURVE('',#15931,#15933,#15935,.T.);
#15931 = VERTEX_POINT('',#15932);
#15932 = CARTESIAN_POINT('',(118.472936,-65.95,1.585));
#15933 = VERTEX_POINT('',#15934);
#15934 = CARTESIAN_POINT('',(118.472936,-65.83,1.585));
#15935 = CIRCLE('',#15936,6.000000000043E-02);
#15936 = AXIS2_PLACEMENT_3D('',#15937,#15938,#15939);
#15937 = CARTESIAN_POINT('',(118.47293577441,-65.89,1.585));
#15938 = DIRECTION('',(0.,0.,-1.));
#15939 = DIRECTION('',(3.759794016835E-06,-0.999999999993,0.));
#15940 = ORIENTED_EDGE('',*,*,#15941,.T.);
#15941 = EDGE_CURVE('',#15933,#15942,#15944,.T.);
#15942 = VERTEX_POINT('',#15943);
#15943 = CARTESIAN_POINT('',(121.527064,-65.83,1.585));
#15944 = LINE('',#15945,#15946);
#15945 = CARTESIAN_POINT('',(118.472936,-65.83,1.585));
#15946 = VECTOR('',#15947,1.);
#15947 = DIRECTION('',(1.,0.,0.));
#15948 = ORIENTED_EDGE('',*,*,#15949,.T.);
#15949 = EDGE_CURVE('',#15942,#15950,#15952,.T.);
#15950 = VERTEX_POINT('',#15951);
#15951 = CARTESIAN_POINT('',(121.527064,-65.95,1.585));
#15952 = CIRCLE('',#15953,6.000000000043E-02);
#15953 = AXIS2_PLACEMENT_3D('',#15954,#15955,#15956);
#15954 = CARTESIAN_POINT('',(121.52706422558,-65.89,1.585));
#15955 = DIRECTION('',(0.,0.,-1.));
#15956 = DIRECTION('',(-3.759794016835E-06,0.999999999993,-0.));
#15957 = ORIENTED_EDGE('',*,*,#15958,.T.);
#15958 = EDGE_CURVE('',#15950,#15931,#15959,.T.);
#15959 = LINE('',#15960,#15961);
#15960 = CARTESIAN_POINT('',(121.527064,-65.95,1.585));
#15961 = VECTOR('',#15962,1.);
#15962 = DIRECTION('',(-1.,0.,0.));
#15963 = PLANE('',#15964);
#15964 = AXIS2_PLACEMENT_3D('',#15965,#15966,#15967);
#15965 = CARTESIAN_POINT('',(0.,0.,1.585));
#15966 = DIRECTION('',(0.,0.,1.));
#15967 = DIRECTION('',(1.,0.,-0.));
#15968 = SHELL_BASED_SURFACE_MODEL('',(#15969));
#15969 = OPEN_SHELL('',(#15970));
#15970 = ADVANCED_FACE('',(#15971),#16114,.T.);
#15971 = FACE_BOUND('',#15972,.F.);
#15972 = EDGE_LOOP('',(#15973,#15983,#15991,#15999,#16008,#16016,#16024,
    #16033,#16041,#16049,#16058,#16066,#16074,#16083,#16091,#16100,
    #16108));
#15973 = ORIENTED_EDGE('',*,*,#15974,.T.);
#15974 = EDGE_CURVE('',#15975,#15977,#15979,.T.);
#15975 = VERTEX_POINT('',#15976);
#15976 = CARTESIAN_POINT('',(98.796672,-62.410452,1.585));
#15977 = VERTEX_POINT('',#15978);
#15978 = CARTESIAN_POINT('',(98.818253,-62.390689,1.585));
#15979 = LINE('',#15980,#15981);
#15980 = CARTESIAN_POINT('',(98.796672,-62.410452,1.585));
#15981 = VECTOR('',#15982,1.);
#15982 = DIRECTION('',(0.737487398394,0.675360894049,0.));
#15983 = ORIENTED_EDGE('',*,*,#15984,.T.);
#15984 = EDGE_CURVE('',#15977,#15985,#15987,.T.);
#15985 = VERTEX_POINT('',#15986);
#15986 = CARTESIAN_POINT('',(98.845754,-62.380688,1.585));
#15987 = LINE('',#15988,#15989);
#15988 = CARTESIAN_POINT('',(98.818253,-62.390689,1.585));
#15989 = VECTOR('',#15990,1.);
#15990 = DIRECTION('',(0.939786439068,0.341762269631,0.));
#15991 = ORIENTED_EDGE('',*,*,#15992,.T.);
#15992 = EDGE_CURVE('',#15985,#15993,#15995,.T.);
#15993 = VERTEX_POINT('',#15994);
#15994 = CARTESIAN_POINT('',(98.858768,-62.38126,1.585));
#15995 = LINE('',#15996,#15997);
#15996 = CARTESIAN_POINT('',(98.845754,-62.380688,1.585));
#15997 = VECTOR('',#15998,1.);
#15998 = DIRECTION('',(0.999035478808,-4.391027308105E-02,0.));
#15999 = ORIENTED_EDGE('',*,*,#16000,.T.);
#16000 = EDGE_CURVE('',#15993,#16001,#16003,.T.);
#16001 = VERTEX_POINT('',#16002);
#16002 = CARTESIAN_POINT('',(98.925719,-62.42816,1.585));
#16003 = CIRCLE('',#16004,7.357142838938E-02);
#16004 = AXIS2_PLACEMENT_3D('',#16005,#16006,#16007);
#16005 = CARTESIAN_POINT('',(98.857145358617,-62.45481353227,1.585));
#16006 = DIRECTION('',(0.,0.,-1.));
#16007 = DIRECTION('',(2.205531982053E-02,0.999756751849,0.));
#16008 = ORIENTED_EDGE('',*,*,#16009,.T.);
#16009 = EDGE_CURVE('',#16001,#16010,#16012,.T.);
#16010 = VERTEX_POINT('',#16011);
#16011 = CARTESIAN_POINT('',(98.932142,-62.454819,1.585));
#16012 = LINE('',#16013,#16014);
#16013 = CARTESIAN_POINT('',(98.925719,-62.42816,1.585));
#16014 = VECTOR('',#16015,1.);
#16015 = DIRECTION('',(0.234229374205,-0.972181361815,0.));
#16016 = ORIENTED_EDGE('',*,*,#16017,.T.);
#16017 = EDGE_CURVE('',#16010,#16018,#16020,.T.);
#16018 = VERTEX_POINT('',#16019);
#16019 = CARTESIAN_POINT('',(98.930701,-63.469451,1.585));
#16020 = LINE('',#16021,#16022);
#16021 = CARTESIAN_POINT('',(98.932142,-62.454819,1.585));
#16022 = VECTOR('',#16023,1.);
#16023 = DIRECTION('',(-1.420217918158E-03,-0.99999899149,0.));
#16024 = ORIENTED_EDGE('',*,*,#16025,.T.);
#16025 = EDGE_CURVE('',#16018,#16026,#16028,.T.);
#16026 = VERTEX_POINT('',#16027);
#16027 = CARTESIAN_POINT('',(98.782142,-63.454819,1.585));
#16028 = CIRCLE('',#16029,7.500006711465E-02);
#16029 = AXIS2_PLACEMENT_3D('',#16030,#16031,#16032);
#16030 = CARTESIAN_POINT('',(98.857142067115,-63.45481906711,1.585));
#16031 = DIRECTION('',(-0.,0.,-1.));
#16032 = DIRECTION('',(0.980784894138,-0.195092263891,-0.));
#16033 = ORIENTED_EDGE('',*,*,#16034,.T.);
#16034 = EDGE_CURVE('',#16026,#16035,#16037,.T.);
#16035 = VERTEX_POINT('',#16036);
#16036 = CARTESIAN_POINT('',(98.782142,-62.792886,1.585));
#16037 = LINE('',#16038,#16039);
#16038 = CARTESIAN_POINT('',(98.782142,-63.454819,1.585));
#16039 = VECTOR('',#16040,1.);
#16040 = DIRECTION('',(0.,1.,0.));
#16041 = ORIENTED_EDGE('',*,*,#16042,.T.);
#16042 = EDGE_CURVE('',#16035,#16043,#16045,.T.);
#16043 = VERTEX_POINT('',#16044);
#16044 = CARTESIAN_POINT('',(98.584279,-63.21347,1.585));
#16045 = LINE('',#16046,#16047);
#16046 = CARTESIAN_POINT('',(98.782142,-62.792886,1.585));
#16047 = VECTOR('',#16048,1.);
#16048 = DIRECTION('',(-0.42569331878,-0.904867503199,0.));
#16049 = ORIENTED_EDGE('',*,*,#16050,.T.);
#16050 = EDGE_CURVE('',#16043,#16051,#16053,.T.);
#16051 = VERTEX_POINT('',#16052);
#16052 = CARTESIAN_POINT('',(98.455845,-63.200821,1.585));
#16053 = CIRCLE('',#16054,7.500055561208E-02);
#16054 = AXIS2_PLACEMENT_3D('',#16055,#16056,#16057);
#16055 = CARTESIAN_POINT('',(98.523808657454,-63.16910310902,1.585));
#16056 = DIRECTION('',(-0.,0.,-1.));
#16057 = DIRECTION('',(0.806265261009,-0.591554163953,-0.));
#16058 = ORIENTED_EDGE('',*,*,#16059,.T.);
#16059 = EDGE_CURVE('',#16051,#16060,#16062,.T.);
#16060 = VERTEX_POINT('',#16061);
#16061 = CARTESIAN_POINT('',(98.265476,-62.792886,1.585));
#16062 = LINE('',#16063,#16064);
#16063 = CARTESIAN_POINT('',(98.455845,-63.200821,1.585));
#16064 = VECTOR('',#16065,1.);
#16065 = DIRECTION('',(-0.42288424924,0.906183707503,0.));
#16066 = ORIENTED_EDGE('',*,*,#16067,.T.);
#16067 = EDGE_CURVE('',#16060,#16068,#16070,.T.);
#16068 = VERTEX_POINT('',#16069);
#16069 = CARTESIAN_POINT('',(98.264035,-63.469451,1.585));
#16070 = LINE('',#16071,#16072);
#16071 = CARTESIAN_POINT('',(98.265476,-62.792886,1.585));
#16072 = VECTOR('',#16073,1.);
#16073 = DIRECTION('',(-2.129871825402E-03,-0.99999773182,0.));
#16074 = ORIENTED_EDGE('',*,*,#16075,.T.);
#16075 = EDGE_CURVE('',#16068,#16076,#16078,.T.);
#16076 = VERTEX_POINT('',#16077);
#16077 = CARTESIAN_POINT('',(98.115476,-63.454819,1.585));
#16078 = CIRCLE('',#16079,7.500006711464E-02);
#16079 = AXIS2_PLACEMENT_3D('',#16080,#16081,#16082);
#16080 = CARTESIAN_POINT('',(98.190476067115,-63.45481906711,1.585));
#16081 = DIRECTION('',(-0.,0.,-1.));
#16082 = DIRECTION('',(0.980784894138,-0.195092263891,-0.));
#16083 = ORIENTED_EDGE('',*,*,#16084,.T.);
#16084 = EDGE_CURVE('',#16076,#16085,#16087,.T.);
#16085 = VERTEX_POINT('',#16086);
#16086 = CARTESIAN_POINT('',(98.116917,-62.440187,1.585));
#16087 = LINE('',#16088,#16089);
#16088 = CARTESIAN_POINT('',(98.115476,-63.454819,1.585));
#16089 = VECTOR('',#16090,1.);
#16090 = DIRECTION('',(1.420217918158E-03,0.99999899149,0.));
#16091 = ORIENTED_EDGE('',*,*,#16092,.T.);
#16092 = EDGE_CURVE('',#16085,#16093,#16095,.T.);
#16093 = VERTEX_POINT('',#16094);
#16094 = CARTESIAN_POINT('',(98.25844,-62.423103,1.585));
#16095 = CIRCLE('',#16096,7.500008955867E-02);
#16096 = AXIS2_PLACEMENT_3D('',#16097,#16098,#16099);
#16097 = CARTESIAN_POINT('',(98.190475951972,-62.45481895197,1.585));
#16098 = DIRECTION('',(0.,0.,-1.));
#16099 = DIRECTION('',(-0.980784855129,0.195092460003,0.));
#16100 = ORIENTED_EDGE('',*,*,#16101,.T.);
#16101 = EDGE_CURVE('',#16093,#16102,#16104,.T.);
#16102 = VERTEX_POINT('',#16103);
#16103 = CARTESIAN_POINT('',(98.523808,-62.99175,1.585));
#16104 = LINE('',#16105,#16106);
#16105 = CARTESIAN_POINT('',(98.25844,-62.423103,1.585));
#16106 = VECTOR('',#16107,1.);
#16107 = DIRECTION('',(0.422884680174,-0.906183506402,0.));
#16108 = ORIENTED_EDGE('',*,*,#16109,.T.);
#16109 = EDGE_CURVE('',#16102,#15975,#16110,.T.);
#16110 = LINE('',#16111,#16112);
#16111 = CARTESIAN_POINT('',(98.523808,-62.99175,1.585));
#16112 = VECTOR('',#16113,1.);
#16113 = DIRECTION('',(0.424919689643,0.905231051916,0.));
#16114 = PLANE('',#16115);
#16115 = AXIS2_PLACEMENT_3D('',#16116,#16117,#16118);
#16116 = CARTESIAN_POINT('',(0.,0.,1.585));
#16117 = DIRECTION('',(0.,0.,1.));
#16118 = DIRECTION('',(1.,0.,-0.));
#16119 = SHELL_BASED_SURFACE_MODEL('',(#16120));
#16120 = OPEN_SHELL('',(#16121));
#16121 = ADVANCED_FACE('',(#16122),#16308,.T.);
#16122 = FACE_BOUND('',#16123,.F.);
#16123 = EDGE_LOOP('',(#16124,#16135,#16143,#16152,#16160,#16168,#16177,
    #16185,#16194,#16202,#16210,#16218,#16227,#16235,#16244,#16252,
    #16261,#16269,#16277,#16285,#16294,#16302));
#16124 = ORIENTED_EDGE('',*,*,#16125,.T.);
#16125 = EDGE_CURVE('',#16126,#16128,#16130,.T.);
#16126 = VERTEX_POINT('',#16127);
#16127 = CARTESIAN_POINT('',(99.223463,-62.528378,1.585));
#16128 = VERTEX_POINT('',#16129);
#16129 = CARTESIAN_POINT('',(99.238095,-62.379819,1.585));
#16130 = CIRCLE('',#16131,7.500006711464E-02);
#16131 = AXIS2_PLACEMENT_3D('',#16132,#16133,#16134);
#16132 = CARTESIAN_POINT('',(99.238094932885,-62.45481906711,1.585));
#16133 = DIRECTION('',(0.,0.,-1.));
#16134 = DIRECTION('',(-0.195092263891,-0.980784894138,-0.));
#16135 = ORIENTED_EDGE('',*,*,#16136,.T.);
#16136 = EDGE_CURVE('',#16128,#16137,#16139,.T.);
#16137 = VERTEX_POINT('',#16138);
#16138 = CARTESIAN_POINT('',(99.86488,-62.380581,1.585));
#16139 = LINE('',#16140,#16141);
#16140 = CARTESIAN_POINT('',(99.238095,-62.379819,1.585));
#16141 = VECTOR('',#16142,1.);
#16142 = DIRECTION('',(0.999999261004,-1.215726982756E-03,0.));
#16143 = ORIENTED_EDGE('',*,*,#16144,.T.);
#16144 = EDGE_CURVE('',#16137,#16145,#16147,.T.);
#16145 = VERTEX_POINT('',#16146);
#16146 = CARTESIAN_POINT('',(99.930701,-62.469451,1.585));
#16147 = CIRCLE('',#16148,7.447391611625E-02);
#16148 = AXIS2_PLACEMENT_3D('',#16149,#16150,#16151);
#16149 = CARTESIAN_POINT('',(99.857700926644,-62.4547080874,1.585));
#16150 = DIRECTION('',(0.,0.,-1.));
#16151 = DIRECTION('',(9.639715124795E-02,0.995342950561,0.));
#16152 = ORIENTED_EDGE('',*,*,#16153,.T.);
#16153 = EDGE_CURVE('',#16145,#16154,#16156,.T.);
#16154 = VERTEX_POINT('',#16155);
#16155 = CARTESIAN_POINT('',(99.913585,-62.504207,1.585));
#16156 = LINE('',#16157,#16158);
#16157 = CARTESIAN_POINT('',(99.930701,-62.469451,1.585));
#16158 = VECTOR('',#16159,1.);
#16159 = DIRECTION('',(-0.441795255027,-0.897115908139,0.));
#16160 = ORIENTED_EDGE('',*,*,#16161,.T.);
#16161 = EDGE_CURVE('',#16154,#16162,#16164,.T.);
#16162 = VERTEX_POINT('',#16163);
#16163 = CARTESIAN_POINT('',(99.686689,-62.763516,1.585));
#16164 = LINE('',#16165,#16166);
#16165 = CARTESIAN_POINT('',(99.913585,-62.504207,1.585));
#16166 = VECTOR('',#16167,1.);
#16167 = DIRECTION('',(-0.658505635208,-0.752575795784,0.));
#16168 = ORIENTED_EDGE('',*,*,#16169,.T.);
#16169 = EDGE_CURVE('',#16162,#16170,#16172,.T.);
#16170 = VERTEX_POINT('',#16171);
#16171 = CARTESIAN_POINT('',(99.930701,-63.011615,1.585));
#16172 = CIRCLE('',#16173,0.348520834816);
#16173 = AXIS2_PLACEMENT_3D('',#16174,#16175,#16176);
#16174 = CARTESIAN_POINT('',(99.5933956174,-63.09931819931,1.585));
#16175 = DIRECTION('',(0.,0.,-1.));
#16176 = DIRECTION('',(0.267683803321,0.963506814423,0.));
#16177 = ORIENTED_EDGE('',*,*,#16178,.T.);
#16178 = EDGE_CURVE('',#16170,#16179,#16181,.T.);
#16179 = VERTEX_POINT('',#16180);
#16180 = CARTESIAN_POINT('',(99.929479,-63.284152,1.585));
#16181 = LINE('',#16182,#16183);
#16182 = CARTESIAN_POINT('',(99.930701,-63.011615,1.585));
#16183 = VECTOR('',#16184,1.);
#16184 = DIRECTION('',(-4.483749789516E-03,-0.999989947943,0.));
#16185 = ORIENTED_EDGE('',*,*,#16186,.T.);
#16186 = EDGE_CURVE('',#16179,#16187,#16189,.T.);
#16187 = VERTEX_POINT('',#16188);
#16188 = CARTESIAN_POINT('',(99.681298,-63.528378,1.585));
#16189 = CIRCLE('',#16190,0.348635327447);
#16190 = AXIS2_PLACEMENT_3D('',#16191,#16192,#16193);
#16191 = CARTESIAN_POINT('',(99.593526481291,-63.19097208415,1.585));
#16192 = DIRECTION('',(0.,0.,-1.));
#16193 = DIRECTION('',(0.963621561732,-0.267270435638,0.));
#16194 = ORIENTED_EDGE('',*,*,#16195,.T.);
#16195 = EDGE_CURVE('',#16187,#16196,#16198,.T.);
#16196 = VERTEX_POINT('',#16197);
#16197 = CARTESIAN_POINT('',(99.361142,-63.527156,1.585));
#16198 = LINE('',#16199,#16200);
#16199 = CARTESIAN_POINT('',(99.681298,-63.528378,1.585));
#16200 = VECTOR('',#16201,1.);
#16201 = DIRECTION('',(-0.999992715758,3.816861463332E-03,0.));
#16202 = ORIENTED_EDGE('',*,*,#16203,.T.);
#16203 = EDGE_CURVE('',#16196,#16204,#16206,.T.);
#16204 = VERTEX_POINT('',#16205);
#16205 = CARTESIAN_POINT('',(99.238429,-63.46495,1.585));
#16206 = LINE('',#16207,#16208);
#16207 = CARTESIAN_POINT('',(99.361142,-63.527156,1.585));
#16208 = VECTOR('',#16209,1.);
#16209 = DIRECTION('',(-0.891943702445,0.452146471476,0.));
#16210 = ORIENTED_EDGE('',*,*,#16211,.T.);
#16211 = EDGE_CURVE('',#16204,#16212,#16214,.T.);
#16212 = VERTEX_POINT('',#16213);
#16213 = CARTESIAN_POINT('',(99.175734,-63.401247,1.585));
#16214 = LINE('',#16215,#16216);
#16215 = CARTESIAN_POINT('',(99.238429,-63.46495,1.585));
#16216 = VECTOR('',#16217,1.);
#16217 = DIRECTION('',(-0.701445434384,0.712723159847,0.));
#16218 = ORIENTED_EDGE('',*,*,#16219,.T.);
#16219 = EDGE_CURVE('',#16212,#16220,#16222,.T.);
#16220 = VERTEX_POINT('',#16221);
#16221 = CARTESIAN_POINT('',(99.291129,-63.306548,1.585));
#16222 = CIRCLE('',#16223,7.500012668039E-02);
#16223 = AXIS2_PLACEMENT_3D('',#16224,#16225,#16226);
#16224 = CARTESIAN_POINT('',(99.238095051994,-63.35958024831,1.585));
#16225 = DIRECTION('',(0.,0.,-1.));
#16226 = DIRECTION('',(-0.831479288827,-0.555555750804,-0.));
#16227 = ORIENTED_EDGE('',*,*,#16228,.T.);
#16228 = EDGE_CURVE('',#16220,#16229,#16231,.T.);
#16229 = VERTEX_POINT('',#16230);
#16230 = CARTESIAN_POINT('',(99.330141,-63.345561,1.585));
#16231 = LINE('',#16232,#16233);
#16232 = CARTESIAN_POINT('',(99.291129,-63.306548,1.585));
#16233 = VECTOR('',#16234,1.);
#16234 = DIRECTION('',(0.707097718562,-0.707115843695,0.));
#16235 = ORIENTED_EDGE('',*,*,#16236,.T.);
#16236 = EDGE_CURVE('',#16229,#16237,#16239,.T.);
#16237 = VERTEX_POINT('',#16238);
#16238 = CARTESIAN_POINT('',(99.717476,-63.345561,1.585));
#16239 = CIRCLE('',#16240,0.358502380266);
#16240 = AXIS2_PLACEMENT_3D('',#16241,#16242,#16243);
#16241 = CARTESIAN_POINT('',(99.5238085,-63.043871,1.585));
#16242 = DIRECTION('',(0.,0.,1.));
#16243 = DIRECTION('',(-0.540212591772,-0.841528582813,0.));
#16244 = ORIENTED_EDGE('',*,*,#16245,.T.);
#16245 = EDGE_CURVE('',#16237,#16246,#16248,.T.);
#16246 = VERTEX_POINT('',#16247);
#16247 = CARTESIAN_POINT('',(99.747883,-63.315153,1.585));
#16248 = LINE('',#16249,#16250);
#16249 = CARTESIAN_POINT('',(99.717476,-63.345561,1.585));
#16250 = VECTOR('',#16251,1.);
#16251 = DIRECTION('',(0.707095153914,0.707118408268,0.));
#16252 = ORIENTED_EDGE('',*,*,#16253,.T.);
#16253 = EDGE_CURVE('',#16246,#16254,#16256,.T.);
#16254 = VERTEX_POINT('',#16255);
#16255 = CARTESIAN_POINT('',(99.747884,-62.975436,1.585));
#16256 = CIRCLE('',#16257,0.305616146029);
#16257 = AXIS2_PLACEMENT_3D('',#16258,#16259,#16260);
#16258 = CARTESIAN_POINT('',(99.493817920492,-63.14529375212,1.585));
#16259 = DIRECTION('',(0.,-0.,1.));
#16260 = DIRECTION('',(0.831320867071,-0.555792781505,-0.));
#16261 = ORIENTED_EDGE('',*,*,#16262,.T.);
#16262 = EDGE_CURVE('',#16254,#16263,#16265,.T.);
#16263 = VERTEX_POINT('',#16264);
#16264 = CARTESIAN_POINT('',(99.717477,-62.945029,1.585));
#16265 = LINE('',#16266,#16267);
#16266 = CARTESIAN_POINT('',(99.747884,-62.975436,1.585));
#16267 = VECTOR('',#16268,1.);
#16268 = DIRECTION('',(-0.707106781186,0.707106781187,0.));
#16269 = ORIENTED_EDGE('',*,*,#16270,.T.);
#16270 = EDGE_CURVE('',#16263,#16271,#16273,.T.);
#16271 = VERTEX_POINT('',#16272);
#16272 = CARTESIAN_POINT('',(99.648961,-62.910771,1.585));
#16273 = LINE('',#16274,#16275);
#16274 = CARTESIAN_POINT('',(99.717477,-62.945029,1.585));
#16275 = VECTOR('',#16276,1.);
#16276 = DIRECTION('',(-0.894427191,0.4472135955,0.));
#16277 = ORIENTED_EDGE('',*,*,#16278,.T.);
#16278 = EDGE_CURVE('',#16271,#16279,#16281,.T.);
#16279 = VERTEX_POINT('',#16280);
#16280 = CARTESIAN_POINT('',(99.509177,-62.90933,1.585));
#16281 = LINE('',#16282,#16283);
#16282 = CARTESIAN_POINT('',(99.648961,-62.910771,1.585));
#16283 = VECTOR('',#16284,1.);
#16284 = DIRECTION('',(-0.999946868947,1.030821437469E-02,0.));
#16285 = ORIENTED_EDGE('',*,*,#16286,.T.);
#16286 = EDGE_CURVE('',#16279,#16287,#16289,.T.);
#16287 = VERTEX_POINT('',#16288);
#16288 = CARTESIAN_POINT('',(99.467366,-62.786383,1.585));
#16289 = CIRCLE('',#16290,7.500015628754E-02);
#16290 = AXIS2_PLACEMENT_3D('',#16291,#16292,#16293);
#16291 = CARTESIAN_POINT('',(99.523809284325,-62.8357710461,1.585));
#16292 = DIRECTION('',(0.,0.,-1.));
#16293 = DIRECTION('',(-0.195096717785,-0.980784008184,-0.));
#16294 = ORIENTED_EDGE('',*,*,#16295,.T.);
#16295 = EDGE_CURVE('',#16287,#16296,#16298,.T.);
#16296 = VERTEX_POINT('',#16297);
#16297 = CARTESIAN_POINT('',(99.69186,-62.529819,1.585));
#16298 = LINE('',#16299,#16300);
#16299 = CARTESIAN_POINT('',(99.467366,-62.786383,1.585));
#16300 = VECTOR('',#16301,1.);
#16301 = DIRECTION('',(0.658505438534,0.752575967874,0.));
#16302 = ORIENTED_EDGE('',*,*,#16303,.T.);
#16303 = EDGE_CURVE('',#16296,#16126,#16304,.T.);
#16304 = LINE('',#16305,#16306);
#16305 = CARTESIAN_POINT('',(99.69186,-62.529819,1.585));
#16306 = VECTOR('',#16307,1.);
#16307 = DIRECTION('',(-0.999995267761,3.076435546877E-03,0.));
#16308 = PLANE('',#16309);
#16309 = AXIS2_PLACEMENT_3D('',#16310,#16311,#16312);
#16310 = CARTESIAN_POINT('',(0.,0.,1.585));
#16311 = DIRECTION('',(0.,0.,1.));
#16312 = DIRECTION('',(1.,0.,-0.));
#16313 = SHELL_BASED_SURFACE_MODEL('',(#16314));
#16314 = OPEN_SHELL('',(#16315));
#16315 = ADVANCED_FACE('',(#16316),#16459,.T.);
#16316 = FACE_BOUND('',#16317,.F.);
#16317 = EDGE_LOOP('',(#16318,#16328,#16336,#16344,#16353,#16361,#16369,
    #16378,#16386,#16394,#16403,#16411,#16419,#16428,#16436,#16445,
    #16453));
#16318 = ORIENTED_EDGE('',*,*,#16319,.T.);
#16319 = EDGE_CURVE('',#16320,#16322,#16324,.T.);
#16320 = VERTEX_POINT('',#16321);
#16321 = CARTESIAN_POINT('',(130.796672,-62.410452,1.585));
#16322 = VERTEX_POINT('',#16323);
#16323 = CARTESIAN_POINT('',(130.818253,-62.390689,1.585));
#16324 = LINE('',#16325,#16326);
#16325 = CARTESIAN_POINT('',(130.796672,-62.410452,1.585));
#16326 = VECTOR('',#16327,1.);
#16327 = DIRECTION('',(0.737487398394,0.675360894049,0.));
#16328 = ORIENTED_EDGE('',*,*,#16329,.T.);
#16329 = EDGE_CURVE('',#16322,#16330,#16332,.T.);
#16330 = VERTEX_POINT('',#16331);
#16331 = CARTESIAN_POINT('',(130.845754,-62.380688,1.585));
#16332 = LINE('',#16333,#16334);
#16333 = CARTESIAN_POINT('',(130.818253,-62.390689,1.585));
#16334 = VECTOR('',#16335,1.);
#16335 = DIRECTION('',(0.939786439068,0.341762269631,0.));
#16336 = ORIENTED_EDGE('',*,*,#16337,.T.);
#16337 = EDGE_CURVE('',#16330,#16338,#16340,.T.);
#16338 = VERTEX_POINT('',#16339);
#16339 = CARTESIAN_POINT('',(130.858768,-62.38126,1.585));
#16340 = LINE('',#16341,#16342);
#16341 = CARTESIAN_POINT('',(130.845754,-62.380688,1.585));
#16342 = VECTOR('',#16343,1.);
#16343 = DIRECTION('',(0.999035478808,-4.391027308105E-02,0.));
#16344 = ORIENTED_EDGE('',*,*,#16345,.T.);
#16345 = EDGE_CURVE('',#16338,#16346,#16348,.T.);
#16346 = VERTEX_POINT('',#16347);
#16347 = CARTESIAN_POINT('',(130.925719,-62.42816,1.585));
#16348 = CIRCLE('',#16349,7.357142838932E-02);
#16349 = AXIS2_PLACEMENT_3D('',#16350,#16351,#16352);
#16350 = CARTESIAN_POINT('',(130.85714535861,-62.45481353227,1.585));
#16351 = DIRECTION('',(0.,0.,-1.));
#16352 = DIRECTION('',(2.205531982035E-02,0.999756751849,0.));
#16353 = ORIENTED_EDGE('',*,*,#16354,.T.);
#16354 = EDGE_CURVE('',#16346,#16355,#16357,.T.);
#16355 = VERTEX_POINT('',#16356);
#16356 = CARTESIAN_POINT('',(130.932142,-62.454819,1.585));
#16357 = LINE('',#16358,#16359);
#16358 = CARTESIAN_POINT('',(130.925719,-62.42816,1.585));
#16359 = VECTOR('',#16360,1.);
#16360 = DIRECTION('',(0.234229374206,-0.972181361814,0.));
#16361 = ORIENTED_EDGE('',*,*,#16362,.T.);
#16362 = EDGE_CURVE('',#16355,#16363,#16365,.T.);
#16363 = VERTEX_POINT('',#16364);
#16364 = CARTESIAN_POINT('',(130.930701,-63.469451,1.585));
#16365 = LINE('',#16366,#16367);
#16366 = CARTESIAN_POINT('',(130.932142,-62.454819,1.585));
#16367 = VECTOR('',#16368,1.);
#16368 = DIRECTION('',(-1.420217918158E-03,-0.99999899149,0.));
#16369 = ORIENTED_EDGE('',*,*,#16370,.T.);
#16370 = EDGE_CURVE('',#16363,#16371,#16373,.T.);
#16371 = VERTEX_POINT('',#16372);
#16372 = CARTESIAN_POINT('',(130.782142,-63.454819,1.585));
#16373 = CIRCLE('',#16374,7.500006711464E-02);
#16374 = AXIS2_PLACEMENT_3D('',#16375,#16376,#16377);
#16375 = CARTESIAN_POINT('',(130.85714206711,-63.45481906711,1.585));
#16376 = DIRECTION('',(-0.,0.,-1.));
#16377 = DIRECTION('',(0.980784894138,-0.195092263891,-0.));
#16378 = ORIENTED_EDGE('',*,*,#16379,.T.);
#16379 = EDGE_CURVE('',#16371,#16380,#16382,.T.);
#16380 = VERTEX_POINT('',#16381);
#16381 = CARTESIAN_POINT('',(130.782142,-62.792886,1.585));
#16382 = LINE('',#16383,#16384);
#16383 = CARTESIAN_POINT('',(130.782142,-63.454819,1.585));
#16384 = VECTOR('',#16385,1.);
#16385 = DIRECTION('',(0.,1.,0.));
#16386 = ORIENTED_EDGE('',*,*,#16387,.T.);
#16387 = EDGE_CURVE('',#16380,#16388,#16390,.T.);
#16388 = VERTEX_POINT('',#16389);
#16389 = CARTESIAN_POINT('',(130.584279,-63.21347,1.585));
#16390 = LINE('',#16391,#16392);
#16391 = CARTESIAN_POINT('',(130.782142,-62.792886,1.585));
#16392 = VECTOR('',#16393,1.);
#16393 = DIRECTION('',(-0.425693318779,-0.9048675032,0.));
#16394 = ORIENTED_EDGE('',*,*,#16395,.T.);
#16395 = EDGE_CURVE('',#16388,#16396,#16398,.T.);
#16396 = VERTEX_POINT('',#16397);
#16397 = CARTESIAN_POINT('',(130.455845,-63.200821,1.585));
#16398 = CIRCLE('',#16399,7.500055561209E-02);
#16399 = AXIS2_PLACEMENT_3D('',#16400,#16401,#16402);
#16400 = CARTESIAN_POINT('',(130.52380865745,-63.16910310902,1.585));
#16401 = DIRECTION('',(-0.,0.,-1.));
#16402 = DIRECTION('',(0.806265261009,-0.591554163953,-0.));
#16403 = ORIENTED_EDGE('',*,*,#16404,.T.);
#16404 = EDGE_CURVE('',#16396,#16405,#16407,.T.);
#16405 = VERTEX_POINT('',#16406);
#16406 = CARTESIAN_POINT('',(130.265476,-62.792886,1.585));
#16407 = LINE('',#16408,#16409);
#16408 = CARTESIAN_POINT('',(130.455845,-63.200821,1.585));
#16409 = VECTOR('',#16410,1.);
#16410 = DIRECTION('',(-0.42288424924,0.906183707503,0.));
#16411 = ORIENTED_EDGE('',*,*,#16412,.T.);
#16412 = EDGE_CURVE('',#16405,#16413,#16415,.T.);
#16413 = VERTEX_POINT('',#16414);
#16414 = CARTESIAN_POINT('',(130.264035,-63.469451,1.585));
#16415 = LINE('',#16416,#16417);
#16416 = CARTESIAN_POINT('',(130.265476,-62.792886,1.585));
#16417 = VECTOR('',#16418,1.);
#16418 = DIRECTION('',(-2.129871825402E-03,-0.99999773182,0.));
#16419 = ORIENTED_EDGE('',*,*,#16420,.T.);
#16420 = EDGE_CURVE('',#16413,#16421,#16423,.T.);
#16421 = VERTEX_POINT('',#16422);
#16422 = CARTESIAN_POINT('',(130.115476,-63.454819,1.585));
#16423 = CIRCLE('',#16424,7.500006711464E-02);
#16424 = AXIS2_PLACEMENT_3D('',#16425,#16426,#16427);
#16425 = CARTESIAN_POINT('',(130.19047606711,-63.45481906711,1.585));
#16426 = DIRECTION('',(-0.,0.,-1.));
#16427 = DIRECTION('',(0.980784894138,-0.195092263891,-0.));
#16428 = ORIENTED_EDGE('',*,*,#16429,.T.);
#16429 = EDGE_CURVE('',#16421,#16430,#16432,.T.);
#16430 = VERTEX_POINT('',#16431);
#16431 = CARTESIAN_POINT('',(130.116917,-62.440187,1.585));
#16432 = LINE('',#16433,#16434);
#16433 = CARTESIAN_POINT('',(130.115476,-63.454819,1.585));
#16434 = VECTOR('',#16435,1.);
#16435 = DIRECTION('',(1.420217918158E-03,0.99999899149,0.));
#16436 = ORIENTED_EDGE('',*,*,#16437,.T.);
#16437 = EDGE_CURVE('',#16430,#16438,#16440,.T.);
#16438 = VERTEX_POINT('',#16439);
#16439 = CARTESIAN_POINT('',(130.25844,-62.423103,1.585));
#16440 = CIRCLE('',#16441,7.500008955868E-02);
#16441 = AXIS2_PLACEMENT_3D('',#16442,#16443,#16444);
#16442 = CARTESIAN_POINT('',(130.19047595197,-62.45481895197,1.585));
#16443 = DIRECTION('',(0.,0.,-1.));
#16444 = DIRECTION('',(-0.980784855129,0.195092460003,0.));
#16445 = ORIENTED_EDGE('',*,*,#16446,.T.);
#16446 = EDGE_CURVE('',#16438,#16447,#16449,.T.);
#16447 = VERTEX_POINT('',#16448);
#16448 = CARTESIAN_POINT('',(130.523808,-62.99175,1.585));
#16449 = LINE('',#16450,#16451);
#16450 = CARTESIAN_POINT('',(130.25844,-62.423103,1.585));
#16451 = VECTOR('',#16452,1.);
#16452 = DIRECTION('',(0.422884680174,-0.906183506402,0.));
#16453 = ORIENTED_EDGE('',*,*,#16454,.T.);
#16454 = EDGE_CURVE('',#16447,#16320,#16455,.T.);
#16455 = LINE('',#16456,#16457);
#16456 = CARTESIAN_POINT('',(130.523808,-62.99175,1.585));
#16457 = VECTOR('',#16458,1.);
#16458 = DIRECTION('',(0.424919689643,0.905231051916,0.));
#16459 = PLANE('',#16460);
#16460 = AXIS2_PLACEMENT_3D('',#16461,#16462,#16463);
#16461 = CARTESIAN_POINT('',(0.,0.,1.585));
#16462 = DIRECTION('',(0.,0.,1.));
#16463 = DIRECTION('',(1.,0.,-0.));
#16464 = SHELL_BASED_SURFACE_MODEL('',(#16465));
#16465 = OPEN_SHELL('',(#16466));
#16466 = ADVANCED_FACE('',(#16467),#16653,.T.);
#16467 = FACE_BOUND('',#16468,.F.);
#16468 = EDGE_LOOP('',(#16469,#16480,#16488,#16497,#16505,#16513,#16522,
    #16530,#16539,#16547,#16555,#16563,#16572,#16580,#16589,#16597,
    #16606,#16614,#16622,#16630,#16639,#16647));
#16469 = ORIENTED_EDGE('',*,*,#16470,.T.);
#16470 = EDGE_CURVE('',#16471,#16473,#16475,.T.);
#16471 = VERTEX_POINT('',#16472);
#16472 = CARTESIAN_POINT('',(131.223463,-62.528378,1.585));
#16473 = VERTEX_POINT('',#16474);
#16474 = CARTESIAN_POINT('',(131.238095,-62.379819,1.585));
#16475 = CIRCLE('',#16476,7.500006711464E-02);
#16476 = AXIS2_PLACEMENT_3D('',#16477,#16478,#16479);
#16477 = CARTESIAN_POINT('',(131.23809493288,-62.45481906711,1.585));
#16478 = DIRECTION('',(0.,0.,-1.));
#16479 = DIRECTION('',(-0.195092263891,-0.980784894138,-0.));
#16480 = ORIENTED_EDGE('',*,*,#16481,.T.);
#16481 = EDGE_CURVE('',#16473,#16482,#16484,.T.);
#16482 = VERTEX_POINT('',#16483);
#16483 = CARTESIAN_POINT('',(131.86488,-62.380581,1.585));
#16484 = LINE('',#16485,#16486);
#16485 = CARTESIAN_POINT('',(131.238095,-62.379819,1.585));
#16486 = VECTOR('',#16487,1.);
#16487 = DIRECTION('',(0.999999261004,-1.215726982756E-03,0.));
#16488 = ORIENTED_EDGE('',*,*,#16489,.T.);
#16489 = EDGE_CURVE('',#16482,#16490,#16492,.T.);
#16490 = VERTEX_POINT('',#16491);
#16491 = CARTESIAN_POINT('',(131.930701,-62.469451,1.585));
#16492 = CIRCLE('',#16493,7.447391611626E-02);
#16493 = AXIS2_PLACEMENT_3D('',#16494,#16495,#16496);
#16494 = CARTESIAN_POINT('',(131.85770092664,-62.4547080874,1.585));
#16495 = DIRECTION('',(0.,0.,-1.));
#16496 = DIRECTION('',(9.639715124815E-02,0.995342950561,0.));
#16497 = ORIENTED_EDGE('',*,*,#16498,.T.);
#16498 = EDGE_CURVE('',#16490,#16499,#16501,.T.);
#16499 = VERTEX_POINT('',#16500);
#16500 = CARTESIAN_POINT('',(131.913585,-62.504207,1.585));
#16501 = LINE('',#16502,#16503);
#16502 = CARTESIAN_POINT('',(131.930701,-62.469451,1.585));
#16503 = VECTOR('',#16504,1.);
#16504 = DIRECTION('',(-0.441795255026,-0.897115908139,0.));
#16505 = ORIENTED_EDGE('',*,*,#16506,.T.);
#16506 = EDGE_CURVE('',#16499,#16507,#16509,.T.);
#16507 = VERTEX_POINT('',#16508);
#16508 = CARTESIAN_POINT('',(131.686689,-62.763516,1.585));
#16509 = LINE('',#16510,#16511);
#16510 = CARTESIAN_POINT('',(131.913585,-62.504207,1.585));
#16511 = VECTOR('',#16512,1.);
#16512 = DIRECTION('',(-0.658505635208,-0.752575795784,0.));
#16513 = ORIENTED_EDGE('',*,*,#16514,.T.);
#16514 = EDGE_CURVE('',#16507,#16515,#16517,.T.);
#16515 = VERTEX_POINT('',#16516);
#16516 = CARTESIAN_POINT('',(131.930701,-63.011615,1.585));
#16517 = CIRCLE('',#16518,0.348520834816);
#16518 = AXIS2_PLACEMENT_3D('',#16519,#16520,#16521);
#16519 = CARTESIAN_POINT('',(131.5933956174,-63.09931819931,1.585));
#16520 = DIRECTION('',(0.,0.,-1.));
#16521 = DIRECTION('',(0.267683803321,0.963506814423,0.));
#16522 = ORIENTED_EDGE('',*,*,#16523,.T.);
#16523 = EDGE_CURVE('',#16515,#16524,#16526,.T.);
#16524 = VERTEX_POINT('',#16525);
#16525 = CARTESIAN_POINT('',(131.929479,-63.284152,1.585));
#16526 = LINE('',#16527,#16528);
#16527 = CARTESIAN_POINT('',(131.930701,-63.011615,1.585));
#16528 = VECTOR('',#16529,1.);
#16529 = DIRECTION('',(-4.483749789568E-03,-0.999989947943,0.));
#16530 = ORIENTED_EDGE('',*,*,#16531,.T.);
#16531 = EDGE_CURVE('',#16524,#16532,#16534,.T.);
#16532 = VERTEX_POINT('',#16533);
#16533 = CARTESIAN_POINT('',(131.681298,-63.528378,1.585));
#16534 = CIRCLE('',#16535,0.348635327447);
#16535 = AXIS2_PLACEMENT_3D('',#16536,#16537,#16538);
#16536 = CARTESIAN_POINT('',(131.59352648129,-63.19097208415,1.585));
#16537 = DIRECTION('',(0.,0.,-1.));
#16538 = DIRECTION('',(0.963621561732,-0.267270435637,0.));
#16539 = ORIENTED_EDGE('',*,*,#16540,.T.);
#16540 = EDGE_CURVE('',#16532,#16541,#16543,.T.);
#16541 = VERTEX_POINT('',#16542);
#16542 = CARTESIAN_POINT('',(131.361142,-63.527156,1.585));
#16543 = LINE('',#16544,#16545);
#16544 = CARTESIAN_POINT('',(131.681298,-63.528378,1.585));
#16545 = VECTOR('',#16546,1.);
#16546 = DIRECTION('',(-0.999992715758,3.816861463332E-03,0.));
#16547 = ORIENTED_EDGE('',*,*,#16548,.T.);
#16548 = EDGE_CURVE('',#16541,#16549,#16551,.T.);
#16549 = VERTEX_POINT('',#16550);
#16550 = CARTESIAN_POINT('',(131.238429,-63.46495,1.585));
#16551 = LINE('',#16552,#16553);
#16552 = CARTESIAN_POINT('',(131.361142,-63.527156,1.585));
#16553 = VECTOR('',#16554,1.);
#16554 = DIRECTION('',(-0.891943702445,0.452146471476,0.));
#16555 = ORIENTED_EDGE('',*,*,#16556,.T.);
#16556 = EDGE_CURVE('',#16549,#16557,#16559,.T.);
#16557 = VERTEX_POINT('',#16558);
#16558 = CARTESIAN_POINT('',(131.175734,-63.401247,1.585));
#16559 = LINE('',#16560,#16561);
#16560 = CARTESIAN_POINT('',(131.238429,-63.46495,1.585));
#16561 = VECTOR('',#16562,1.);
#16562 = DIRECTION('',(-0.701445434384,0.712723159847,0.));
#16563 = ORIENTED_EDGE('',*,*,#16564,.T.);
#16564 = EDGE_CURVE('',#16557,#16565,#16567,.T.);
#16565 = VERTEX_POINT('',#16566);
#16566 = CARTESIAN_POINT('',(131.291129,-63.306548,1.585));
#16567 = CIRCLE('',#16568,7.50001266804E-02);
#16568 = AXIS2_PLACEMENT_3D('',#16569,#16570,#16571);
#16569 = CARTESIAN_POINT('',(131.23809505199,-63.35958024831,1.585));
#16570 = DIRECTION('',(0.,0.,-1.));
#16571 = DIRECTION('',(-0.831479288827,-0.555555750804,-0.));
#16572 = ORIENTED_EDGE('',*,*,#16573,.T.);
#16573 = EDGE_CURVE('',#16565,#16574,#16576,.T.);
#16574 = VERTEX_POINT('',#16575);
#16575 = CARTESIAN_POINT('',(131.330141,-63.345561,1.585));
#16576 = LINE('',#16577,#16578);
#16577 = CARTESIAN_POINT('',(131.291129,-63.306548,1.585));
#16578 = VECTOR('',#16579,1.);
#16579 = DIRECTION('',(0.707097718561,-0.707115843695,0.));
#16580 = ORIENTED_EDGE('',*,*,#16581,.T.);
#16581 = EDGE_CURVE('',#16574,#16582,#16584,.T.);
#16582 = VERTEX_POINT('',#16583);
#16583 = CARTESIAN_POINT('',(131.717476,-63.345561,1.585));
#16584 = CIRCLE('',#16585,0.358502380266);
#16585 = AXIS2_PLACEMENT_3D('',#16586,#16587,#16588);
#16586 = CARTESIAN_POINT('',(131.5238085,-63.043871,1.585));
#16587 = DIRECTION('',(0.,0.,1.));
#16588 = DIRECTION('',(-0.540212591773,-0.841528582812,0.));
#16589 = ORIENTED_EDGE('',*,*,#16590,.T.);
#16590 = EDGE_CURVE('',#16582,#16591,#16593,.T.);
#16591 = VERTEX_POINT('',#16592);
#16592 = CARTESIAN_POINT('',(131.747883,-63.315153,1.585));
#16593 = LINE('',#16594,#16595);
#16594 = CARTESIAN_POINT('',(131.717476,-63.345561,1.585));
#16595 = VECTOR('',#16596,1.);
#16596 = DIRECTION('',(0.707095153914,0.707118408268,0.));
#16597 = ORIENTED_EDGE('',*,*,#16598,.T.);
#16598 = EDGE_CURVE('',#16591,#16599,#16601,.T.);
#16599 = VERTEX_POINT('',#16600);
#16600 = CARTESIAN_POINT('',(131.747884,-62.975436,1.585));
#16601 = CIRCLE('',#16602,0.305616146029);
#16602 = AXIS2_PLACEMENT_3D('',#16603,#16604,#16605);
#16603 = CARTESIAN_POINT('',(131.49381792049,-63.14529375212,1.585));
#16604 = DIRECTION('',(0.,-0.,1.));
#16605 = DIRECTION('',(0.831320867071,-0.555792781505,-0.));
#16606 = ORIENTED_EDGE('',*,*,#16607,.T.);
#16607 = EDGE_CURVE('',#16599,#16608,#16610,.T.);
#16608 = VERTEX_POINT('',#16609);
#16609 = CARTESIAN_POINT('',(131.717477,-62.945029,1.585));
#16610 = LINE('',#16611,#16612);
#16611 = CARTESIAN_POINT('',(131.747884,-62.975436,1.585));
#16612 = VECTOR('',#16613,1.);
#16613 = DIRECTION('',(-0.707106781186,0.707106781187,0.));
#16614 = ORIENTED_EDGE('',*,*,#16615,.T.);
#16615 = EDGE_CURVE('',#16608,#16616,#16618,.T.);
#16616 = VERTEX_POINT('',#16617);
#16617 = CARTESIAN_POINT('',(131.648961,-62.910771,1.585));
#16618 = LINE('',#16619,#16620);
#16619 = CARTESIAN_POINT('',(131.717477,-62.945029,1.585));
#16620 = VECTOR('',#16621,1.);
#16621 = DIRECTION('',(-0.894427191,0.4472135955,0.));
#16622 = ORIENTED_EDGE('',*,*,#16623,.T.);
#16623 = EDGE_CURVE('',#16616,#16624,#16626,.T.);
#16624 = VERTEX_POINT('',#16625);
#16625 = CARTESIAN_POINT('',(131.509177,-62.90933,1.585));
#16626 = LINE('',#16627,#16628);
#16627 = CARTESIAN_POINT('',(131.648961,-62.910771,1.585));
#16628 = VECTOR('',#16629,1.);
#16629 = DIRECTION('',(-0.999946868947,1.030821437469E-02,0.));
#16630 = ORIENTED_EDGE('',*,*,#16631,.T.);
#16631 = EDGE_CURVE('',#16624,#16632,#16634,.T.);
#16632 = VERTEX_POINT('',#16633);
#16633 = CARTESIAN_POINT('',(131.467366,-62.786383,1.585));
#16634 = CIRCLE('',#16635,7.500015628753E-02);
#16635 = AXIS2_PLACEMENT_3D('',#16636,#16637,#16638);
#16636 = CARTESIAN_POINT('',(131.52380928432,-62.8357710461,1.585));
#16637 = DIRECTION('',(0.,0.,-1.));
#16638 = DIRECTION('',(-0.195096717784,-0.980784008184,-0.));
#16639 = ORIENTED_EDGE('',*,*,#16640,.T.);
#16640 = EDGE_CURVE('',#16632,#16641,#16643,.T.);
#16641 = VERTEX_POINT('',#16642);
#16642 = CARTESIAN_POINT('',(131.69186,-62.529819,1.585));
#16643 = LINE('',#16644,#16645);
#16644 = CARTESIAN_POINT('',(131.467366,-62.786383,1.585));
#16645 = VECTOR('',#16646,1.);
#16646 = DIRECTION('',(0.658505438534,0.752575967874,0.));
#16647 = ORIENTED_EDGE('',*,*,#16648,.T.);
#16648 = EDGE_CURVE('',#16641,#16471,#16649,.T.);
#16649 = LINE('',#16650,#16651);
#16650 = CARTESIAN_POINT('',(131.69186,-62.529819,1.585));
#16651 = VECTOR('',#16652,1.);
#16652 = DIRECTION('',(-0.999995267761,3.076435546877E-03,0.));
#16653 = PLANE('',#16654);
#16654 = AXIS2_PLACEMENT_3D('',#16655,#16656,#16657);
#16655 = CARTESIAN_POINT('',(0.,0.,1.585));
#16656 = DIRECTION('',(0.,0.,1.));
#16657 = DIRECTION('',(1.,0.,-0.));
#16658 = ( GEOMETRIC_REPRESENTATION_CONTEXT(3) 
GLOBAL_UNCERTAINTY_ASSIGNED_CONTEXT((#16662)) 
GLOBAL_UNIT_ASSIGNED_CONTEXT((#16659,#16660,#16661)) 
REPRESENTATION_CONTEXT('Context #1',
  '3D Context with UNIT and UNCERTAINTY') );
#16659 = ( LENGTH_UNIT() NAMED_UNIT(*) SI_UNIT(.MILLI.,.METRE.) );
#16660 = ( NAMED_UNIT(*) PLANE_ANGLE_UNIT() SI_UNIT($,.RADIAN.) );
#16661 = ( NAMED_UNIT(*) SI_UNIT($,.STERADIAN.) SOLID_ANGLE_UNIT() );
#16662 = UNCERTAINTY_MEASURE_WITH_UNIT(LENGTH_MEASURE(1.E-07),#16659,
  'distance_accuracy_value','confusion accuracy');
#16663 = CONTEXT_DEPENDENT_SHAPE_REPRESENTATION(#16664,#16666);
#16664 = ( REPRESENTATION_RELATIONSHIP('','',#9525,#10) 
REPRESENTATION_RELATIONSHIP_WITH_TRANSFORMATION(#16665) 
SHAPE_REPRESENTATION_RELATIONSHIP() );
#16665 = ITEM_DEFINED_TRANSFORMATION('','',#11,#39);
#16666 = PRODUCT_DEFINITION_SHAPE('Placement','Placement of an item',
  #16667);
#16667 = NEXT_ASSEMBLY_USAGE_OCCURRENCE('7','=>[0:1:1:6]','',#5,#9520,$
  );
#16668 = PRODUCT_RELATED_PRODUCT_CATEGORY('part',$,(#9522));
#16669 = SHAPE_DEFINITION_REPRESENTATION(#16670,#16676);
#16670 = PRODUCT_DEFINITION_SHAPE('','',#16671);
#16671 = PRODUCT_DEFINITION('design','',#16672,#16675);
#16672 = PRODUCT_DEFINITION_FORMATION('','',#16673);
#16673 = PRODUCT('winder_led_silkscreen','winder_led_silkscreen','',(
    #16674));
#16674 = PRODUCT_CONTEXT('',#2,'mechanical');
#16675 = PRODUCT_DEFINITION_CONTEXT('part definition',#2,'design');
#16676 = SHAPE_REPRESENTATION('',(#11,#16677,#16834,#16928,#17040),
  #17117);
#16677 = SHELL_BASED_SURFACE_MODEL('',(#16678));
#16678 = OPEN_SHELL('',(#16679));
#16679 = ADVANCED_FACE('',(#16680),#16829,.T.);
#16680 = FACE_BOUND('',#16681,.T.);
#16681 = EDGE_LOOP('',(#16682,#16692,#16700,#16708,#16716,#16724,#16732,
    #16740,#16749,#16757,#16765,#16773,#16781,#16790,#16798,#16807,
    #16815,#16823));
#16682 = ORIENTED_EDGE('',*,*,#16683,.T.);
#16683 = EDGE_CURVE('',#16684,#16686,#16688,.T.);
#16684 = VERTEX_POINT('',#16685);
#16685 = CARTESIAN_POINT('',(115.066069,-64.401731,-7.5E-02));
#16686 = VERTEX_POINT('',#16687);
#16687 = CARTESIAN_POINT('',(115.104415,-64.38126,-7.5E-02));
#16688 = LINE('',#16689,#16690);
#16689 = CARTESIAN_POINT('',(115.066069,-64.401731,-7.5E-02));
#16690 = VECTOR('',#16691,1.);
#16691 = DIRECTION('',(0.882163732375,0.470942830163,0.));
#16692 = ORIENTED_EDGE('',*,*,#16693,.T.);
#16693 = EDGE_CURVE('',#16686,#16694,#16696,.T.);
#16694 = VERTEX_POINT('',#16695);
#16695 = CARTESIAN_POINT('',(115.126331,-64.38126,-7.5E-02));
#16696 = LINE('',#16697,#16698);
#16697 = CARTESIAN_POINT('',(115.104415,-64.38126,-7.5E-02));
#16698 = VECTOR('',#16699,1.);
#16699 = DIRECTION('',(1.,0.,0.));
#16700 = ORIENTED_EDGE('',*,*,#16701,.T.);
#16701 = EDGE_CURVE('',#16694,#16702,#16704,.T.);
#16702 = VERTEX_POINT('',#16703);
#16703 = CARTESIAN_POINT('',(115.160715,-64.392459,-7.5E-02));
#16704 = LINE('',#16705,#16706);
#16705 = CARTESIAN_POINT('',(115.126331,-64.38126,-7.5E-02));
#16706 = VECTOR('',#16707,1.);
#16707 = DIRECTION('',(0.950837159691,-0.309691291048,0.));
#16708 = ORIENTED_EDGE('',*,*,#16709,.T.);
#16709 = EDGE_CURVE('',#16702,#16710,#16712,.T.);
#16710 = VERTEX_POINT('',#16711);
#16711 = CARTESIAN_POINT('',(115.181451,-64.413216,-7.5E-02));
#16712 = LINE('',#16713,#16714);
#16713 = CARTESIAN_POINT('',(115.160715,-64.392459,-7.5E-02));
#16714 = VECTOR('',#16715,1.);
#16715 = DIRECTION('',(0.706748817237,-0.707464564013,0.));
#16716 = ORIENTED_EDGE('',*,*,#16717,.T.);
#16717 = EDGE_CURVE('',#16710,#16718,#16720,.T.);
#16718 = VERTEX_POINT('',#16719);
#16719 = CARTESIAN_POINT('',(115.272569,-64.549894,-7.5E-02));
#16720 = LINE('',#16721,#16722);
#16721 = CARTESIAN_POINT('',(115.181451,-64.413216,-7.5E-02));
#16722 = VECTOR('',#16723,1.);
#16723 = DIRECTION('',(0.554697386523,-0.832052167466,0.));
#16724 = ORIENTED_EDGE('',*,*,#16725,.T.);
#16725 = EDGE_CURVE('',#16718,#16726,#16728,.T.);
#16726 = VERTEX_POINT('',#16727);
#16727 = CARTESIAN_POINT('',(115.35395,-64.631275,-7.5E-02));
#16728 = LINE('',#16729,#16730);
#16729 = CARTESIAN_POINT('',(115.272569,-64.549894,-7.5E-02));
#16730 = VECTOR('',#16731,1.);
#16731 = DIRECTION('',(0.707106781186,-0.707106781187,0.));
#16732 = ORIENTED_EDGE('',*,*,#16733,.T.);
#16733 = EDGE_CURVE('',#16726,#16734,#16736,.T.);
#16734 = VERTEX_POINT('',#16735);
#16735 = CARTESIAN_POINT('',(115.450745,-64.681283,-7.5E-02));
#16736 = LINE('',#16737,#16738);
#16737 = CARTESIAN_POINT('',(115.35395,-64.631275,-7.5E-02));
#16738 = VECTOR('',#16739,1.);
#16739 = DIRECTION('',(0.888436200035,-0.459000129049,0.));
#16740 = ORIENTED_EDGE('',*,*,#16741,.T.);
#16741 = EDGE_CURVE('',#16734,#16742,#16744,.T.);
#16742 = VERTEX_POINT('',#16743);
#16743 = CARTESIAN_POINT('',(115.37122,-64.807615,-7.5E-02));
#16744 = CIRCLE('',#16745,7.500029440362E-02);
#16745 = AXIS2_PLACEMENT_3D('',#16746,#16747,#16748);
#16746 = CARTESIAN_POINT('',(115.40476105397,-64.74053264867,-7.5E-02));
#16747 = DIRECTION('',(0.,0.,-1.));
#16748 = DIRECTION('',(0.613116873665,0.789992214662,0.));
#16749 = ORIENTED_EDGE('',*,*,#16750,.T.);
#16750 = EDGE_CURVE('',#16742,#16751,#16753,.T.);
#16751 = VERTEX_POINT('',#16752);
#16752 = CARTESIAN_POINT('',(115.26224,-64.750667,-7.5E-02));
#16753 = LINE('',#16754,#16755);
#16754 = CARTESIAN_POINT('',(115.37122,-64.807615,-7.5E-02));
#16755 = VECTOR('',#16756,1.);
#16756 = DIRECTION('',(-0.886288266156,0.463134007901,0.));
#16757 = ORIENTED_EDGE('',*,*,#16758,.T.);
#16758 = EDGE_CURVE('',#16751,#16759,#16761,.T.);
#16759 = VERTEX_POINT('',#16760);
#16760 = CARTESIAN_POINT('',(115.194047,-64.683504,-7.5E-02));
#16761 = LINE('',#16762,#16763);
#16762 = CARTESIAN_POINT('',(115.26224,-64.750667,-7.5E-02));
#16763 = VECTOR('',#16764,1.);
#16764 = DIRECTION('',(-0.712466927177,0.70170569164,0.));
#16765 = ORIENTED_EDGE('',*,*,#16766,.T.);
#16766 = EDGE_CURVE('',#16759,#16767,#16769,.T.);
#16767 = VERTEX_POINT('',#16768);
#16768 = CARTESIAN_POINT('',(115.194047,-65.379819,-7.5E-02));
#16769 = LINE('',#16770,#16771);
#16770 = CARTESIAN_POINT('',(115.194047,-64.683504,-7.5E-02));
#16771 = VECTOR('',#16772,1.);
#16772 = DIRECTION('',(0.,-1.,0.));
#16773 = ORIENTED_EDGE('',*,*,#16774,.T.);
#16774 = EDGE_CURVE('',#16767,#16775,#16777,.T.);
#16775 = VERTEX_POINT('',#16776);
#16776 = CARTESIAN_POINT('',(115.419393,-65.38126,-7.5E-02));
#16777 = LINE('',#16778,#16779);
#16778 = CARTESIAN_POINT('',(115.194047,-65.379819,-7.5E-02));
#16779 = VECTOR('',#16780,1.);
#16780 = DIRECTION('',(0.999979555102,-6.394480216655E-03,0.));
#16781 = ORIENTED_EDGE('',*,*,#16782,.T.);
#16782 = EDGE_CURVE('',#16775,#16783,#16785,.T.);
#16783 = VERTEX_POINT('',#16784);
#16784 = CARTESIAN_POINT('',(115.404761,-65.529819,-7.5E-02));
#16785 = CIRCLE('',#16786,7.500006711464E-02);
#16786 = AXIS2_PLACEMENT_3D('',#16787,#16788,#16789);
#16787 = CARTESIAN_POINT('',(115.40476106711,-65.45481893288,-7.5E-02));
#16788 = DIRECTION('',(0.,0.,-1.));
#16789 = DIRECTION('',(0.195092263891,0.980784894138,0.));
#16790 = ORIENTED_EDGE('',*,*,#16791,.T.);
#16791 = EDGE_CURVE('',#16783,#16792,#16794,.T.);
#16792 = VERTEX_POINT('',#16793);
#16793 = CARTESIAN_POINT('',(114.818701,-65.528378,-7.5E-02));
#16794 = LINE('',#16795,#16796);
#16795 = CARTESIAN_POINT('',(115.404761,-65.529819,-7.5E-02));
#16796 = VECTOR('',#16797,1.);
#16797 = DIRECTION('',(-0.999996977183,2.458785182611E-03,0.));
#16798 = ORIENTED_EDGE('',*,*,#16799,.T.);
#16799 = EDGE_CURVE('',#16792,#16800,#16802,.T.);
#16800 = VERTEX_POINT('',#16801);
#16801 = CARTESIAN_POINT('',(114.833333,-65.379819,-7.5E-02));
#16802 = CIRCLE('',#16803,7.500006711464E-02);
#16803 = AXIS2_PLACEMENT_3D('',#16804,#16805,#16806);
#16804 = CARTESIAN_POINT('',(114.83333293288,-65.45481906711,-7.5E-02));
#16805 = DIRECTION('',(0.,0.,-1.));
#16806 = DIRECTION('',(-0.195092263891,-0.980784894138,-0.));
#16807 = ORIENTED_EDGE('',*,*,#16808,.T.);
#16808 = EDGE_CURVE('',#16800,#16809,#16811,.T.);
#16809 = VERTEX_POINT('',#16810);
#16810 = CARTESIAN_POINT('',(115.044047,-65.379819,-7.5E-02));
#16811 = LINE('',#16812,#16813);
#16812 = CARTESIAN_POINT('',(114.833333,-65.379819,-7.5E-02));
#16813 = VECTOR('',#16814,1.);
#16814 = DIRECTION('',(1.,0.,0.));
#16815 = ORIENTED_EDGE('',*,*,#16816,.T.);
#16816 = EDGE_CURVE('',#16809,#16817,#16819,.T.);
#16817 = VERTEX_POINT('',#16818);
#16818 = CARTESIAN_POINT('',(115.045488,-64.440187,-7.5E-02));
#16819 = LINE('',#16820,#16821);
#16820 = CARTESIAN_POINT('',(115.044047,-65.379819,-7.5E-02));
#16821 = VECTOR('',#16822,1.);
#16822 = DIRECTION('',(1.533577299926E-03,0.99999882407,0.));
#16823 = ORIENTED_EDGE('',*,*,#16824,.T.);
#16824 = EDGE_CURVE('',#16817,#16684,#16825,.T.);
#16825 = LINE('',#16826,#16827);
#16826 = CARTESIAN_POINT('',(115.045488,-64.440187,-7.5E-02));
#16827 = VECTOR('',#16828,1.);
#16828 = DIRECTION('',(0.471857451169,0.881674852639,0.));
#16829 = PLANE('',#16830);
#16830 = AXIS2_PLACEMENT_3D('',#16831,#16832,#16833);
#16831 = CARTESIAN_POINT('',(0.,0.,-7.5E-02));
#16832 = DIRECTION('',(-0.,-0.,-1.));
#16833 = DIRECTION('',(-1.,0.,0.));
#16834 = SHELL_BASED_SURFACE_MODEL('',(#16835));
#16835 = OPEN_SHELL('',(#16836));
#16836 = ADVANCED_FACE('',(#16837),#16923,.T.);
#16837 = FACE_BOUND('',#16838,.T.);
#16838 = EDGE_LOOP('',(#16839,#16850,#16858,#16867,#16875,#16884,#16892,
    #16901,#16909,#16917));
#16839 = ORIENTED_EDGE('',*,*,#16840,.T.);
#16840 = EDGE_CURVE('',#16841,#16843,#16845,.T.);
#16841 = VERTEX_POINT('',#16842);
#16842 = CARTESIAN_POINT('',(115.791665,-64.392459,-7.5E-02));
#16843 = VERTEX_POINT('',#16844);
#16844 = CARTESIAN_POINT('',(115.908333,-64.454819,-7.5E-02));
#16845 = CIRCLE('',#16846,7.500000000004E-02);
#16846 = AXIS2_PLACEMENT_3D('',#16847,#16848,#16849);
#16847 = CARTESIAN_POINT('',(115.833333,-64.45481906555,-7.5E-02));
#16848 = DIRECTION('',(0.,0.,-1.));
#16849 = DIRECTION('',(-0.555573333333,0.831467540731,0.));
#16850 = ORIENTED_EDGE('',*,*,#16851,.T.);
#16851 = EDGE_CURVE('',#16843,#16852,#16854,.T.);
#16852 = VERTEX_POINT('',#16853);
#16853 = CARTESIAN_POINT('',(115.908333,-65.156933,-7.5E-02));
#16854 = LINE('',#16855,#16856);
#16855 = CARTESIAN_POINT('',(115.908333,-64.454819,-7.5E-02));
#16856 = VECTOR('',#16857,1.);
#16857 = DIRECTION('',(0.,-1.,0.));
#16858 = ORIENTED_EDGE('',*,*,#16859,.T.);
#16859 = EDGE_CURVE('',#16852,#16860,#16862,.T.);
#16860 = VERTEX_POINT('',#16861);
#16861 = CARTESIAN_POINT('',(116.131217,-65.379819,-7.5E-02));
#16862 = CIRCLE('',#16863,0.239436122053);
#16863 = AXIS2_PLACEMENT_3D('',#16864,#16865,#16866);
#16864 = CARTESIAN_POINT('',(116.14723300578,-65.14091913791,-7.5E-02));
#16865 = DIRECTION('',(0.,0.,1.));
#16866 = DIRECTION('',(-0.997760921529,-6.6881563E-02,0.));
#16867 = ORIENTED_EDGE('',*,*,#16868,.T.);
#16868 = EDGE_CURVE('',#16860,#16869,#16871,.T.);
#16869 = VERTEX_POINT('',#16870);
#16870 = CARTESIAN_POINT('',(116.228917,-65.38126,-7.5E-02));
#16871 = LINE('',#16872,#16873);
#16872 = CARTESIAN_POINT('',(116.131217,-65.379819,-7.5E-02));
#16873 = VECTOR('',#16874,1.);
#16874 = DIRECTION('',(0.999891247816,-1.474762833268E-02,0.));
#16875 = ORIENTED_EDGE('',*,*,#16876,.T.);
#16876 = EDGE_CURVE('',#16869,#16877,#16879,.T.);
#16877 = VERTEX_POINT('',#16878);
#16878 = CARTESIAN_POINT('',(116.214285,-65.529819,-7.5E-02));
#16879 = CIRCLE('',#16880,7.500006711464E-02);
#16880 = AXIS2_PLACEMENT_3D('',#16881,#16882,#16883);
#16881 = CARTESIAN_POINT('',(116.21428506711,-65.45481893288,-7.5E-02));
#16882 = DIRECTION('',(0.,0.,-1.));
#16883 = DIRECTION('',(0.195092263891,0.980784894138,0.));
#16884 = ORIENTED_EDGE('',*,*,#16885,.T.);
#16885 = EDGE_CURVE('',#16877,#16886,#16888,.T.);
#16886 = VERTEX_POINT('',#16887);
#16887 = CARTESIAN_POINT('',(116.102584,-65.527619,-7.5E-02));
#16888 = LINE('',#16889,#16890);
#16889 = CARTESIAN_POINT('',(116.214285,-65.529819,-7.5E-02));
#16890 = VECTOR('',#16891,1.);
#16891 = DIRECTION('',(-0.999806101292,1.96916180056E-02,0.));
#16892 = ORIENTED_EDGE('',*,*,#16893,.T.);
#16893 = EDGE_CURVE('',#16886,#16894,#16896,.T.);
#16894 = VERTEX_POINT('',#16895);
#16895 = CARTESIAN_POINT('',(115.759062,-65.176509,-7.5E-02));
#16896 = CIRCLE('',#16897,0.38183919979);
#16897 = AXIS2_PLACEMENT_3D('',#16898,#16899,#16900);
#16898 = CARTESIAN_POINT('',(116.13980514671,-65.14759826275,-7.5E-02));
#16899 = DIRECTION('',(0.,0.,-1.));
#16900 = DIRECTION('',(-9.747858976472E-02,-0.995237622147,-0.));
#16901 = ORIENTED_EDGE('',*,*,#16902,.T.);
#16902 = EDGE_CURVE('',#16894,#16903,#16905,.T.);
#16903 = VERTEX_POINT('',#16904);
#16904 = CARTESIAN_POINT('',(115.759774,-64.440187,-7.5E-02));
#16905 = LINE('',#16906,#16907);
#16906 = CARTESIAN_POINT('',(115.759062,-65.176509,-7.5E-02));
#16907 = VECTOR('',#16908,1.);
#16908 = DIRECTION('',(9.669678036557E-04,0.999999532487,0.));
#16909 = ORIENTED_EDGE('',*,*,#16910,.T.);
#16910 = EDGE_CURVE('',#16903,#16911,#16913,.T.);
#16911 = VERTEX_POINT('',#16912);
#16912 = CARTESIAN_POINT('',(115.770973,-64.413151,-7.5E-02));
#16913 = LINE('',#16914,#16915);
#16914 = CARTESIAN_POINT('',(115.759774,-64.440187,-7.5E-02));
#16915 = VECTOR('',#16916,1.);
#16916 = DIRECTION('',(0.38269282806,0.923875640631,0.));
#16917 = ORIENTED_EDGE('',*,*,#16918,.T.);
#16918 = EDGE_CURVE('',#16911,#16841,#16919,.T.);
#16919 = LINE('',#16920,#16921);
#16920 = CARTESIAN_POINT('',(115.770973,-64.413151,-7.5E-02));
#16921 = VECTOR('',#16922,1.);
#16922 = DIRECTION('',(0.707106781187,0.707106781187,0.));
#16923 = PLANE('',#16924);
#16924 = AXIS2_PLACEMENT_3D('',#16925,#16926,#16927);
#16925 = CARTESIAN_POINT('',(0.,0.,-7.5E-02));
#16926 = DIRECTION('',(-0.,-0.,-1.));
#16927 = DIRECTION('',(-1.,0.,0.));
#16928 = SHELL_BASED_SURFACE_MODEL('',(#16929));
#16929 = OPEN_SHELL('',(#16930));
#16930 = ADVANCED_FACE('',(#16931,#17001),#17035,.T.);
#16931 = FACE_BOUND('',#16932,.T.);
#16932 = EDGE_LOOP('',(#16933,#16944,#16952,#16961,#16969,#16978,#16986,
    #16995));
#16933 = ORIENTED_EDGE('',*,*,#16934,.T.);
#16934 = EDGE_CURVE('',#16935,#16937,#16939,.T.);
#16935 = VERTEX_POINT('',#16936);
#16936 = CARTESIAN_POINT('',(111.48,-60.62,-7.5E-02));
#16937 = VERTEX_POINT('',#16938);
#16938 = CARTESIAN_POINT('',(111.54,-60.56,-7.5E-02));
#16939 = CIRCLE('',#16940,5.999932016258E-02);
#16940 = AXIS2_PLACEMENT_3D('',#16941,#16942,#16943);
#16941 = CARTESIAN_POINT('',(111.53999932015,-60.61999932015,-7.5E-02));
#16942 = DIRECTION('',(0.,0.,-1.));
#16943 = DIRECTION('',(-0.999999999936,-1.133081612143E-05,-0.));
#16944 = ORIENTED_EDGE('',*,*,#16945,.T.);
#16945 = EDGE_CURVE('',#16937,#16946,#16948,.T.);
#16946 = VERTEX_POINT('',#16947);
#16947 = CARTESIAN_POINT('',(116.73,-60.56,-7.5E-02));
#16948 = LINE('',#16949,#16950);
#16949 = CARTESIAN_POINT('',(111.54,-60.56,-7.5E-02));
#16950 = VECTOR('',#16951,1.);
#16951 = DIRECTION('',(1.,0.,0.));
#16952 = ORIENTED_EDGE('',*,*,#16953,.T.);
#16953 = EDGE_CURVE('',#16946,#16954,#16956,.T.);
#16954 = VERTEX_POINT('',#16955);
#16955 = CARTESIAN_POINT('',(116.79,-60.62,-7.5E-02));
#16956 = CIRCLE('',#16957,5.99993201626E-02);
#16957 = AXIS2_PLACEMENT_3D('',#16958,#16959,#16960);
#16958 = CARTESIAN_POINT('',(116.73000067984,-60.61999932015,-7.5E-02));
#16959 = DIRECTION('',(0.,0.,-1.));
#16960 = DIRECTION('',(-1.133081588458E-05,0.999999999936,0.));
#16961 = ORIENTED_EDGE('',*,*,#16962,.T.);
#16962 = EDGE_CURVE('',#16954,#16963,#16965,.T.);
#16963 = VERTEX_POINT('',#16964);
#16964 = CARTESIAN_POINT('',(116.79,-63.38,-7.5E-02));
#16965 = LINE('',#16966,#16967);
#16966 = CARTESIAN_POINT('',(116.79,-60.62,-7.5E-02));
#16967 = VECTOR('',#16968,1.);
#16968 = DIRECTION('',(0.,-1.,0.));
#16969 = ORIENTED_EDGE('',*,*,#16970,.T.);
#16970 = EDGE_CURVE('',#16963,#16971,#16973,.T.);
#16971 = VERTEX_POINT('',#16972);
#16972 = CARTESIAN_POINT('',(116.73,-63.44,-7.5E-02));
#16973 = CIRCLE('',#16974,5.999932016263E-02);
#16974 = AXIS2_PLACEMENT_3D('',#16975,#16976,#16977);
#16975 = CARTESIAN_POINT('',(116.73000067984,-63.38000067984,-7.5E-02));
#16976 = DIRECTION('',(0.,0.,-1.));
#16977 = DIRECTION('',(0.999999999936,1.133081541087E-05,0.));
#16978 = ORIENTED_EDGE('',*,*,#16979,.T.);
#16979 = EDGE_CURVE('',#16971,#16980,#16982,.T.);
#16980 = VERTEX_POINT('',#16981);
#16981 = CARTESIAN_POINT('',(111.54,-63.44,-7.5E-02));
#16982 = LINE('',#16983,#16984);
#16983 = CARTESIAN_POINT('',(116.73,-63.44,-7.5E-02));
#16984 = VECTOR('',#16985,1.);
#16985 = DIRECTION('',(-1.,0.,0.));
#16986 = ORIENTED_EDGE('',*,*,#16987,.T.);
#16987 = EDGE_CURVE('',#16980,#16988,#16990,.T.);
#16988 = VERTEX_POINT('',#16989);
#16989 = CARTESIAN_POINT('',(111.48,-63.38,-7.5E-02));
#16990 = CIRCLE('',#16991,5.999932016257E-02);
#16991 = AXIS2_PLACEMENT_3D('',#16992,#16993,#16994);
#16992 = CARTESIAN_POINT('',(111.53999932015,-63.38000067984,-7.5E-02));
#16993 = DIRECTION('',(0.,0.,-1.));
#16994 = DIRECTION('',(1.133081635828E-05,-0.999999999936,0.));
#16995 = ORIENTED_EDGE('',*,*,#16996,.T.);
#16996 = EDGE_CURVE('',#16988,#16935,#16997,.T.);
#16997 = LINE('',#16998,#16999);
#16998 = CARTESIAN_POINT('',(111.48,-63.38,-7.5E-02));
#16999 = VECTOR('',#17000,1.);
#17000 = DIRECTION('',(0.,1.,0.));
#17001 = FACE_BOUND('',#17002,.T.);
#17002 = EDGE_LOOP('',(#17003,#17013,#17021,#17029));
#17003 = ORIENTED_EDGE('',*,*,#17004,.T.);
#17004 = EDGE_CURVE('',#17005,#17007,#17009,.T.);
#17005 = VERTEX_POINT('',#17006);
#17006 = CARTESIAN_POINT('',(116.67,-63.32,-7.5E-02));
#17007 = VERTEX_POINT('',#17008);
#17008 = CARTESIAN_POINT('',(116.67,-60.68,-7.5E-02));
#17009 = LINE('',#17010,#17011);
#17010 = CARTESIAN_POINT('',(116.67,-63.32,-7.5E-02));
#17011 = VECTOR('',#17012,1.);
#17012 = DIRECTION('',(0.,1.,0.));
#17013 = ORIENTED_EDGE('',*,*,#17014,.T.);
#17014 = EDGE_CURVE('',#17007,#17015,#17017,.T.);
#17015 = VERTEX_POINT('',#17016);
#17016 = CARTESIAN_POINT('',(111.6,-60.68,-7.5E-02));
#17017 = LINE('',#17018,#17019);
#17018 = CARTESIAN_POINT('',(116.67,-60.68,-7.5E-02));
#17019 = VECTOR('',#17020,1.);
#17020 = DIRECTION('',(-1.,0.,0.));
#17021 = ORIENTED_EDGE('',*,*,#17022,.T.);
#17022 = EDGE_CURVE('',#17015,#17023,#17025,.T.);
#17023 = VERTEX_POINT('',#17024);
#17024 = CARTESIAN_POINT('',(111.6,-63.32,-7.5E-02));
#17025 = LINE('',#17026,#17027);
#17026 = CARTESIAN_POINT('',(111.6,-60.68,-7.5E-02));
#17027 = VECTOR('',#17028,1.);
#17028 = DIRECTION('',(0.,-1.,0.));
#17029 = ORIENTED_EDGE('',*,*,#17030,.T.);
#17030 = EDGE_CURVE('',#17023,#17005,#17031,.T.);
#17031 = LINE('',#17032,#17033);
#17032 = CARTESIAN_POINT('',(111.6,-63.32,-7.5E-02));
#17033 = VECTOR('',#17034,1.);
#17034 = DIRECTION('',(1.,0.,0.));
#17035 = PLANE('',#17036);
#17036 = AXIS2_PLACEMENT_3D('',#17037,#17038,#17039);
#17037 = CARTESIAN_POINT('',(0.,0.,-7.5E-02));
#17038 = DIRECTION('',(-0.,-0.,-1.));
#17039 = DIRECTION('',(-1.,0.,0.));
#17040 = SHELL_BASED_SURFACE_MODEL('',(#17041));
#17041 = OPEN_SHELL('',(#17042));
#17042 = ADVANCED_FACE('',(#17043),#17112,.T.);
#17043 = FACE_BOUND('',#17044,.T.);
#17044 = EDGE_LOOP('',(#17045,#17056,#17064,#17073,#17081,#17090,#17098,
    #17106));
#17045 = ORIENTED_EDGE('',*,*,#17046,.T.);
#17046 = EDGE_CURVE('',#17047,#17049,#17051,.T.);
#17047 = VERTEX_POINT('',#17048);
#17048 = CARTESIAN_POINT('',(119.324567,-61.977039,-7.5E-02));
#17049 = VERTEX_POINT('',#17050);
#17050 = CARTESIAN_POINT('',(119.44,-62.,-7.5E-02));
#17051 = CIRCLE('',#17052,6.000007318647E-02);
#17052 = AXIS2_PLACEMENT_3D('',#17053,#17054,#17055);
#17053 = CARTESIAN_POINT('',(119.37999992681,-61.99999982331,-7.5E-02));
#17054 = DIRECTION('',(0.,0.,-1.));
#17055 = DIRECTION('',(-0.923880986637,0.382679921777,0.));
#17056 = ORIENTED_EDGE('',*,*,#17057,.T.);
#17057 = EDGE_CURVE('',#17049,#17058,#17060,.T.);
#17058 = VERTEX_POINT('',#17059);
#17059 = CARTESIAN_POINT('',(119.44,-63.38,-7.5E-02));
#17060 = LINE('',#17061,#17062);
#17061 = CARTESIAN_POINT('',(119.44,-62.,-7.5E-02));
#17062 = VECTOR('',#17063,1.);
#17063 = DIRECTION('',(0.,-1.,0.));
#17064 = ORIENTED_EDGE('',*,*,#17065,.T.);
#17065 = EDGE_CURVE('',#17058,#17066,#17068,.T.);
#17066 = VERTEX_POINT('',#17067);
#17067 = CARTESIAN_POINT('',(119.38,-63.44,-7.5E-02));
#17068 = CIRCLE('',#17069,5.999932016259E-02);
#17069 = AXIS2_PLACEMENT_3D('',#17070,#17071,#17072);
#17070 = CARTESIAN_POINT('',(119.38000067984,-63.38000067984,-7.5E-02));
#17071 = DIRECTION('',(0.,0.,-1.));
#17072 = DIRECTION('',(0.999999999936,1.133081612143E-05,0.));
#17073 = ORIENTED_EDGE('',*,*,#17074,.T.);
#17074 = EDGE_CURVE('',#17066,#17075,#17077,.T.);
#17075 = VERTEX_POINT('',#17076);
#17076 = CARTESIAN_POINT('',(118.,-63.44,-7.5E-02));
#17077 = LINE('',#17078,#17079);
#17078 = CARTESIAN_POINT('',(119.38,-63.44,-7.5E-02));
#17079 = VECTOR('',#17080,1.);
#17080 = DIRECTION('',(-1.,0.,0.));
#17081 = ORIENTED_EDGE('',*,*,#17082,.T.);
#17082 = EDGE_CURVE('',#17075,#17083,#17085,.T.);
#17083 = VERTEX_POINT('',#17084);
#17084 = CARTESIAN_POINT('',(118.,-63.32,-7.5E-02));
#17085 = CIRCLE('',#17086,6.000000000042E-02);
#17086 = AXIS2_PLACEMENT_3D('',#17087,#17088,#17089);
#17087 = CARTESIAN_POINT('',(117.99999977441,-63.38,-7.5E-02));
#17088 = DIRECTION('',(0.,0.,-1.));
#17089 = DIRECTION('',(3.759794016837E-06,-0.999999999993,0.));
#17090 = ORIENTED_EDGE('',*,*,#17091,.T.);
#17091 = EDGE_CURVE('',#17083,#17092,#17094,.T.);
#17092 = VERTEX_POINT('',#17093);
#17093 = CARTESIAN_POINT('',(119.32,-63.32,-7.5E-02));
#17094 = LINE('',#17095,#17096);
#17095 = CARTESIAN_POINT('',(118.,-63.32,-7.5E-02));
#17096 = VECTOR('',#17097,1.);
#17097 = DIRECTION('',(1.,0.,0.));
#17098 = ORIENTED_EDGE('',*,*,#17099,.T.);
#17099 = EDGE_CURVE('',#17092,#17100,#17102,.T.);
#17100 = VERTEX_POINT('',#17101);
#17101 = CARTESIAN_POINT('',(119.32,-62.,-7.5E-02));
#17102 = LINE('',#17103,#17104);
#17103 = CARTESIAN_POINT('',(119.32,-63.32,-7.5E-02));
#17104 = VECTOR('',#17105,1.);
#17105 = DIRECTION('',(0.,1.,0.));
#17106 = ORIENTED_EDGE('',*,*,#17107,.T.);
#17107 = EDGE_CURVE('',#17100,#17047,#17108,.T.);
#17108 = LINE('',#17109,#17110);
#17109 = CARTESIAN_POINT('',(119.32,-62.,-7.5E-02));
#17110 = VECTOR('',#17111,1.);
#17111 = DIRECTION('',(0.195081000118,0.980787134598,0.));
#17112 = PLANE('',#17113);
#17113 = AXIS2_PLACEMENT_3D('',#17114,#17115,#17116);
#17114 = CARTESIAN_POINT('',(0.,0.,-7.5E-02));
#17115 = DIRECTION('',(-0.,-0.,-1.));
#17116 = DIRECTION('',(-1.,0.,0.));
#17117 = ( GEOMETRIC_REPRESENTATION_CONTEXT(3) 
GLOBAL_UNCERTAINTY_ASSIGNED_CONTEXT((#17121)) 
GLOBAL_UNIT_ASSIGNED_CONTEXT((#17118,#17119,#17120)) 
REPRESENTATION_CONTEXT('Context #1',
  '3D Context with UNIT and UNCERTAINTY') );
#17118 = ( LENGTH_UNIT() NAMED_UNIT(*) SI_UNIT(.MILLI.,.METRE.) );
#17119 = ( NAMED_UNIT(*) PLANE_ANGLE_UNIT() SI_UNIT($,.RADIAN.) );
#17120 = ( NAMED_UNIT(*) SI_UNIT($,.STERADIAN.) SOLID_ANGLE_UNIT() );
#17121 = UNCERTAINTY_MEASURE_WITH_UNIT(LENGTH_MEASURE(1.E-07),#17118,
  'distance_accuracy_value','confusion accuracy');
#17122 = CONTEXT_DEPENDENT_SHAPE_REPRESENTATION(#17123,#17125);
#17123 = ( REPRESENTATION_RELATIONSHIP('','',#16676,#10) 
REPRESENTATION_RELATIONSHIP_WITH_TRANSFORMATION(#17124) 
SHAPE_REPRESENTATION_RELATIONSHIP() );
#17124 = ITEM_DEFINED_TRANSFORMATION('','',#11,#43);
#17125 = PRODUCT_DEFINITION_SHAPE('Placement','Placement of an item',
  #17126);
#17126 = NEXT_ASSEMBLY_USAGE_OCCURRENCE('8','=>[0:1:1:7]','',#5,#16671,$
  );
#17127 = PRODUCT_RELATED_PRODUCT_CATEGORY('part',$,(#16673));
#17128 = SHAPE_DEFINITION_REPRESENTATION(#17129,#17135);
#17129 = PRODUCT_DEFINITION_SHAPE('','',#17130);
#17130 = PRODUCT_DEFINITION('design','',#17131,#17134);
#17131 = PRODUCT_DEFINITION_FORMATION('','',#17132);
#17132 = PRODUCT('winder_led_soldermask','winder_led_soldermask','',(
    #17133));
#17133 = PRODUCT_CONTEXT('',#2,'mechanical');
#17134 = PRODUCT_DEFINITION_CONTEXT('part definition',#2,'design');
#17135 = MANIFOLD_SURFACE_SHAPE_REPRESENTATION('',(#11,#17136),#17626);
#17136 = SHELL_BASED_SURFACE_MODEL('',(#17137));
#17137 = OPEN_SHELL('',(#17138));
#17138 = ADVANCED_FACE('',(#17139,#17173,#17207,#17241,#17252,#17263,
    #17274,#17285,#17355,#17425,#17495,#17565,#17599,#17610),#17621,.T.
  );
#17139 = FACE_BOUND('',#17140,.F.);
#17140 = EDGE_LOOP('',(#17141,#17151,#17159,#17167));
#17141 = ORIENTED_EDGE('',*,*,#17142,.T.);
#17142 = EDGE_CURVE('',#17143,#17145,#17147,.T.);
#17143 = VERTEX_POINT('',#17144);
#17144 = CARTESIAN_POINT('',(95.,-75.,1.56));
#17145 = VERTEX_POINT('',#17146);
#17146 = CARTESIAN_POINT('',(95.,-60.,1.56));
#17147 = LINE('',#17148,#17149);
#17148 = CARTESIAN_POINT('',(95.,-75.,1.56));
#17149 = VECTOR('',#17150,1.);
#17150 = DIRECTION('',(0.,1.,0.));
#17151 = ORIENTED_EDGE('',*,*,#17152,.T.);
#17152 = EDGE_CURVE('',#17145,#17153,#17155,.T.);
#17153 = VERTEX_POINT('',#17154);
#17154 = CARTESIAN_POINT('',(135.,-60.,1.56));
#17155 = LINE('',#17156,#17157);
#17156 = CARTESIAN_POINT('',(95.,-60.,1.56));
#17157 = VECTOR('',#17158,1.);
#17158 = DIRECTION('',(1.,0.,0.));
#17159 = ORIENTED_EDGE('',*,*,#17160,.T.);
#17160 = EDGE_CURVE('',#17153,#17161,#17163,.T.);
#17161 = VERTEX_POINT('',#17162);
#17162 = CARTESIAN_POINT('',(135.,-75.,1.56));
#17163 = LINE('',#17164,#17165);
#17164 = CARTESIAN_POINT('',(135.,-60.,1.56));
#17165 = VECTOR('',#17166,1.);
#17166 = DIRECTION('',(0.,-1.,0.));
#17167 = ORIENTED_EDGE('',*,*,#17168,.T.);
#17168 = EDGE_CURVE('',#17161,#17143,#17169,.T.);
#17169 = LINE('',#17170,#17171);
#17170 = CARTESIAN_POINT('',(135.,-75.,1.56));
#17171 = VECTOR('',#17172,1.);
#17172 = DIRECTION('',(-1.,0.,0.));
#17173 = FACE_BOUND('',#17174,.F.);
#17174 = EDGE_LOOP('',(#17175,#17185,#17193,#17201));
#17175 = ORIENTED_EDGE('',*,*,#17176,.T.);
#17176 = EDGE_CURVE('',#17177,#17179,#17181,.T.);
#17177 = VERTEX_POINT('',#17178);
#17178 = CARTESIAN_POINT('',(104.65,-72.65,1.56));
#17179 = VERTEX_POINT('',#17180);
#17180 = CARTESIAN_POINT('',(104.65,-70.85,1.56));
#17181 = LINE('',#17182,#17183);
#17182 = CARTESIAN_POINT('',(104.65,-72.65,1.56));
#17183 = VECTOR('',#17184,1.);
#17184 = DIRECTION('',(0.,1.,0.));
#17185 = ORIENTED_EDGE('',*,*,#17186,.T.);
#17186 = EDGE_CURVE('',#17179,#17187,#17189,.T.);
#17187 = VERTEX_POINT('',#17188);
#17188 = CARTESIAN_POINT('',(102.85,-70.85,1.56));
#17189 = LINE('',#17190,#17191);
#17190 = CARTESIAN_POINT('',(104.65,-70.85,1.56));
#17191 = VECTOR('',#17192,1.);
#17192 = DIRECTION('',(-1.,0.,0.));
#17193 = ORIENTED_EDGE('',*,*,#17194,.T.);
#17194 = EDGE_CURVE('',#17187,#17195,#17197,.T.);
#17195 = VERTEX_POINT('',#17196);
#17196 = CARTESIAN_POINT('',(102.85,-72.65,1.56));
#17197 = LINE('',#17198,#17199);
#17198 = CARTESIAN_POINT('',(102.85,-70.85,1.56));
#17199 = VECTOR('',#17200,1.);
#17200 = DIRECTION('',(0.,-1.,0.));
#17201 = ORIENTED_EDGE('',*,*,#17202,.T.);
#17202 = EDGE_CURVE('',#17195,#17177,#17203,.T.);
#17203 = LINE('',#17204,#17205);
#17204 = CARTESIAN_POINT('',(102.85,-72.65,1.56));
#17205 = VECTOR('',#17206,1.);
#17206 = DIRECTION('',(1.,0.,0.));
#17207 = FACE_BOUND('',#17208,.F.);
#17208 = EDGE_LOOP('',(#17209,#17219,#17227,#17235));
#17209 = ORIENTED_EDGE('',*,*,#17210,.T.);
#17210 = EDGE_CURVE('',#17211,#17213,#17215,.T.);
#17211 = VERTEX_POINT('',#17212);
#17212 = CARTESIAN_POINT('',(127.15,-72.65,1.56));
#17213 = VERTEX_POINT('',#17214);
#17214 = CARTESIAN_POINT('',(127.15,-70.85,1.56));
#17215 = LINE('',#17216,#17217);
#17216 = CARTESIAN_POINT('',(127.15,-72.65,1.56));
#17217 = VECTOR('',#17218,1.);
#17218 = DIRECTION('',(0.,1.,0.));
#17219 = ORIENTED_EDGE('',*,*,#17220,.T.);
#17220 = EDGE_CURVE('',#17213,#17221,#17223,.T.);
#17221 = VERTEX_POINT('',#17222);
#17222 = CARTESIAN_POINT('',(125.35,-70.85,1.56));
#17223 = LINE('',#17224,#17225);
#17224 = CARTESIAN_POINT('',(127.15,-70.85,1.56));
#17225 = VECTOR('',#17226,1.);
#17226 = DIRECTION('',(-1.,0.,0.));
#17227 = ORIENTED_EDGE('',*,*,#17228,.T.);
#17228 = EDGE_CURVE('',#17221,#17229,#17231,.T.);
#17229 = VERTEX_POINT('',#17230);
#17230 = CARTESIAN_POINT('',(125.35,-72.65,1.56));
#17231 = LINE('',#17232,#17233);
#17232 = CARTESIAN_POINT('',(125.35,-70.85,1.56));
#17233 = VECTOR('',#17234,1.);
#17234 = DIRECTION('',(0.,-1.,0.));
#17235 = ORIENTED_EDGE('',*,*,#17236,.T.);
#17236 = EDGE_CURVE('',#17229,#17211,#17237,.T.);
#17237 = LINE('',#17238,#17239);
#17238 = CARTESIAN_POINT('',(125.35,-72.65,1.56));
#17239 = VECTOR('',#17240,1.);
#17240 = DIRECTION('',(1.,0.,0.));
#17241 = FACE_BOUND('',#17242,.F.);
#17242 = EDGE_LOOP('',(#17243));
#17243 = ORIENTED_EDGE('',*,*,#17244,.T.);
#17244 = EDGE_CURVE('',#17245,#17245,#17247,.T.);
#17245 = VERTEX_POINT('',#17246);
#17246 = CARTESIAN_POINT('',(107.189999,-71.75,1.56));
#17247 = CIRCLE('',#17248,0.899999);
#17248 = AXIS2_PLACEMENT_3D('',#17249,#17250,#17251);
#17249 = CARTESIAN_POINT('',(106.29,-71.75,1.56));
#17250 = DIRECTION('',(0.,0.,1.));
#17251 = DIRECTION('',(1.,0.,-0.));
#17252 = FACE_BOUND('',#17253,.F.);
#17253 = EDGE_LOOP('',(#17254));
#17254 = ORIENTED_EDGE('',*,*,#17255,.T.);
#17255 = EDGE_CURVE('',#17256,#17256,#17258,.T.);
#17256 = VERTEX_POINT('',#17257);
#17257 = CARTESIAN_POINT('',(124.609999,-71.75,1.56));
#17258 = CIRCLE('',#17259,0.899999);
#17259 = AXIS2_PLACEMENT_3D('',#17260,#17261,#17262);
#17260 = CARTESIAN_POINT('',(123.71,-71.75,1.56));
#17261 = DIRECTION('',(0.,0.,1.));
#17262 = DIRECTION('',(1.,0.,-0.));
#17263 = FACE_BOUND('',#17264,.F.);
#17264 = EDGE_LOOP('',(#17265));
#17265 = ORIENTED_EDGE('',*,*,#17266,.T.);
#17266 = EDGE_CURVE('',#17267,#17267,#17269,.T.);
#17267 = VERTEX_POINT('',#17268);
#17268 = CARTESIAN_POINT('',(100.6,-67.5,1.56));
#17269 = CIRCLE('',#17270,1.6);
#17270 = AXIS2_PLACEMENT_3D('',#17271,#17272,#17273);
#17271 = CARTESIAN_POINT('',(99.,-67.5,1.56));
#17272 = DIRECTION('',(0.,0.,1.));
#17273 = DIRECTION('',(1.,0.,-0.));
#17274 = FACE_BOUND('',#17275,.F.);
#17275 = EDGE_LOOP('',(#17276));
#17276 = ORIENTED_EDGE('',*,*,#17277,.T.);
#17277 = EDGE_CURVE('',#17278,#17278,#17280,.T.);
#17278 = VERTEX_POINT('',#17279);
#17279 = CARTESIAN_POINT('',(132.6,-67.5,1.56));
#17280 = CIRCLE('',#17281,1.6);
#17281 = AXIS2_PLACEMENT_3D('',#17282,#17283,#17284);
#17282 = CARTESIAN_POINT('',(131.,-67.5,1.56));
#17283 = DIRECTION('',(0.,0.,1.));
#17284 = DIRECTION('',(1.,0.,-0.));
#17285 = FACE_BOUND('',#17286,.F.);
#17286 = EDGE_LOOP('',(#17287,#17298,#17306,#17315,#17323,#17332,#17340,
    #17349));
#17287 = ORIENTED_EDGE('',*,*,#17288,.T.);
#17288 = EDGE_CURVE('',#17289,#17291,#17293,.T.);
#17289 = VERTEX_POINT('',#17290);
#17290 = CARTESIAN_POINT('',(108.299999,-66.175,1.56));
#17291 = VERTEX_POINT('',#17292);
#17292 = CARTESIAN_POINT('',(108.050001,-65.925,1.56));
#17293 = CIRCLE('',#17294,0.249997252596);
#17294 = AXIS2_PLACEMENT_3D('',#17295,#17296,#17297);
#17295 = CARTESIAN_POINT('',(108.05000174741,-66.17499725259,1.56));
#17296 = DIRECTION('',(0.,0.,1.));
#17297 = DIRECTION('',(0.99999999994,-1.098974068222E-05,0.));
#17298 = ORIENTED_EDGE('',*,*,#17299,.T.);
#17299 = EDGE_CURVE('',#17291,#17300,#17302,.T.);
#17300 = VERTEX_POINT('',#17301);
#17301 = CARTESIAN_POINT('',(107.15,-65.925001,1.56));
#17302 = LINE('',#17303,#17304);
#17303 = CARTESIAN_POINT('',(108.050001,-65.925,1.56));
#17304 = VECTOR('',#17305,1.);
#17305 = DIRECTION('',(-0.999999999999,-1.111109873739E-06,0.));
#17306 = ORIENTED_EDGE('',*,*,#17307,.T.);
#17307 = EDGE_CURVE('',#17300,#17308,#17310,.T.);
#17308 = VERTEX_POINT('',#17309);
#17309 = CARTESIAN_POINT('',(106.9,-66.174999,1.56));
#17310 = CIRCLE('',#17311,0.249997252596);
#17311 = AXIS2_PLACEMENT_3D('',#17312,#17313,#17314);
#17312 = CARTESIAN_POINT('',(107.14999725259,-66.17499825258,1.56));
#17313 = DIRECTION('',(0.,0.,1.));
#17314 = DIRECTION('',(1.098974073906E-05,0.99999999994,-0.));
#17315 = ORIENTED_EDGE('',*,*,#17316,.T.);
#17316 = EDGE_CURVE('',#17308,#17317,#17319,.T.);
#17317 = VERTEX_POINT('',#17318);
#17318 = CARTESIAN_POINT('',(106.900001,-68.325,1.56));
#17319 = LINE('',#17320,#17321);
#17320 = CARTESIAN_POINT('',(106.9,-66.174999,1.56));
#17321 = VECTOR('',#17322,1.);
#17322 = DIRECTION('',(4.651160615624E-07,-1.,0.));
#17323 = ORIENTED_EDGE('',*,*,#17324,.T.);
#17324 = EDGE_CURVE('',#17317,#17325,#17327,.T.);
#17325 = VERTEX_POINT('',#17326);
#17326 = CARTESIAN_POINT('',(107.149999,-68.575,1.56));
#17327 = CIRCLE('',#17328,0.249997252596);
#17328 = AXIS2_PLACEMENT_3D('',#17329,#17330,#17331);
#17329 = CARTESIAN_POINT('',(107.14999825258,-68.3250027474,1.56));
#17330 = DIRECTION('',(0.,0.,1.));
#17331 = DIRECTION('',(-0.99999999994,1.098974068222E-05,0.));
#17332 = ORIENTED_EDGE('',*,*,#17333,.T.);
#17333 = EDGE_CURVE('',#17325,#17334,#17336,.T.);
#17334 = VERTEX_POINT('',#17335);
#17335 = CARTESIAN_POINT('',(108.05,-68.574999,1.56));
#17336 = LINE('',#17337,#17338);
#17337 = CARTESIAN_POINT('',(107.149999,-68.575,1.56));
#17338 = VECTOR('',#17339,1.);
#17339 = DIRECTION('',(0.999999999999,1.111109873739E-06,0.));
#17340 = ORIENTED_EDGE('',*,*,#17341,.T.);
#17341 = EDGE_CURVE('',#17334,#17342,#17344,.T.);
#17342 = VERTEX_POINT('',#17343);
#17343 = CARTESIAN_POINT('',(108.3,-68.325001,1.56));
#17344 = CIRCLE('',#17345,0.249997252596);
#17345 = AXIS2_PLACEMENT_3D('',#17346,#17347,#17348);
#17346 = CARTESIAN_POINT('',(108.0500027474,-68.32500174741,1.56));
#17347 = DIRECTION('',(0.,0.,1.));
#17348 = DIRECTION('',(-1.098974068222E-05,-0.99999999994,0.));
#17349 = ORIENTED_EDGE('',*,*,#17350,.T.);
#17350 = EDGE_CURVE('',#17342,#17289,#17351,.T.);
#17351 = LINE('',#17352,#17353);
#17352 = CARTESIAN_POINT('',(108.3,-68.325001,1.56));
#17353 = VECTOR('',#17354,1.);
#17354 = DIRECTION('',(-4.651160615624E-07,1.,0.));
#17355 = FACE_BOUND('',#17356,.F.);
#17356 = EDGE_LOOP('',(#17357,#17368,#17376,#17385,#17393,#17402,#17410,
    #17419));
#17357 = ORIENTED_EDGE('',*,*,#17358,.T.);
#17358 = EDGE_CURVE('',#17359,#17361,#17363,.T.);
#17359 = VERTEX_POINT('',#17360);
#17360 = CARTESIAN_POINT('',(113.099999,-66.175,1.56));
#17361 = VERTEX_POINT('',#17362);
#17362 = CARTESIAN_POINT('',(112.850001,-65.925,1.56));
#17363 = CIRCLE('',#17364,0.249997252596);
#17364 = AXIS2_PLACEMENT_3D('',#17365,#17366,#17367);
#17365 = CARTESIAN_POINT('',(112.85000174741,-66.17499725259,1.56));
#17366 = DIRECTION('',(0.,0.,1.));
#17367 = DIRECTION('',(0.99999999994,-1.098974068222E-05,0.));
#17368 = ORIENTED_EDGE('',*,*,#17369,.T.);
#17369 = EDGE_CURVE('',#17361,#17370,#17372,.T.);
#17370 = VERTEX_POINT('',#17371);
#17371 = CARTESIAN_POINT('',(111.95,-65.925001,1.56));
#17372 = LINE('',#17373,#17374);
#17373 = CARTESIAN_POINT('',(112.850001,-65.925,1.56));
#17374 = VECTOR('',#17375,1.);
#17375 = DIRECTION('',(-0.999999999999,-1.111109873739E-06,0.));
#17376 = ORIENTED_EDGE('',*,*,#17377,.T.);
#17377 = EDGE_CURVE('',#17370,#17378,#17380,.T.);
#17378 = VERTEX_POINT('',#17379);
#17379 = CARTESIAN_POINT('',(111.7,-66.174999,1.56));
#17380 = CIRCLE('',#17381,0.249997252596);
#17381 = AXIS2_PLACEMENT_3D('',#17382,#17383,#17384);
#17382 = CARTESIAN_POINT('',(111.94999725259,-66.17499825258,1.56));
#17383 = DIRECTION('',(0.,0.,1.));
#17384 = DIRECTION('',(1.098974068222E-05,0.99999999994,-0.));
#17385 = ORIENTED_EDGE('',*,*,#17386,.T.);
#17386 = EDGE_CURVE('',#17378,#17387,#17389,.T.);
#17387 = VERTEX_POINT('',#17388);
#17388 = CARTESIAN_POINT('',(111.700001,-68.325,1.56));
#17389 = LINE('',#17390,#17391);
#17390 = CARTESIAN_POINT('',(111.7,-66.174999,1.56));
#17391 = VECTOR('',#17392,1.);
#17392 = DIRECTION('',(4.651160615624E-07,-1.,0.));
#17393 = ORIENTED_EDGE('',*,*,#17394,.T.);
#17394 = EDGE_CURVE('',#17387,#17395,#17397,.T.);
#17395 = VERTEX_POINT('',#17396);
#17396 = CARTESIAN_POINT('',(111.949999,-68.575,1.56));
#17397 = CIRCLE('',#17398,0.249997252596);
#17398 = AXIS2_PLACEMENT_3D('',#17399,#17400,#17401);
#17399 = CARTESIAN_POINT('',(111.94999825258,-68.3250027474,1.56));
#17400 = DIRECTION('',(0.,0.,1.));
#17401 = DIRECTION('',(-0.99999999994,1.098974068222E-05,0.));
#17402 = ORIENTED_EDGE('',*,*,#17403,.T.);
#17403 = EDGE_CURVE('',#17395,#17404,#17406,.T.);
#17404 = VERTEX_POINT('',#17405);
#17405 = CARTESIAN_POINT('',(112.85,-68.574999,1.56));
#17406 = LINE('',#17407,#17408);
#17407 = CARTESIAN_POINT('',(111.949999,-68.575,1.56));
#17408 = VECTOR('',#17409,1.);
#17409 = DIRECTION('',(0.999999999999,1.111109873739E-06,0.));
#17410 = ORIENTED_EDGE('',*,*,#17411,.T.);
#17411 = EDGE_CURVE('',#17404,#17412,#17414,.T.);
#17412 = VERTEX_POINT('',#17413);
#17413 = CARTESIAN_POINT('',(113.1,-68.325001,1.56));
#17414 = CIRCLE('',#17415,0.249997252596);
#17415 = AXIS2_PLACEMENT_3D('',#17416,#17417,#17418);
#17416 = CARTESIAN_POINT('',(112.8500027474,-68.32500174741,1.56));
#17417 = DIRECTION('',(0.,0.,1.));
#17418 = DIRECTION('',(-1.098974073906E-05,-0.99999999994,0.));
#17419 = ORIENTED_EDGE('',*,*,#17420,.T.);
#17420 = EDGE_CURVE('',#17412,#17359,#17421,.T.);
#17421 = LINE('',#17422,#17423);
#17422 = CARTESIAN_POINT('',(113.1,-68.325001,1.56));
#17423 = VECTOR('',#17424,1.);
#17424 = DIRECTION('',(-4.651160615624E-07,1.,0.));
#17425 = FACE_BOUND('',#17426,.F.);
#17426 = EDGE_LOOP('',(#17427,#17438,#17446,#17455,#17463,#17472,#17480,
    #17489));
#17427 = ORIENTED_EDGE('',*,*,#17428,.T.);
#17428 = EDGE_CURVE('',#17429,#17431,#17433,.T.);
#17429 = VERTEX_POINT('',#17430);
#17430 = CARTESIAN_POINT('',(118.299999,-66.175,1.56));
#17431 = VERTEX_POINT('',#17432);
#17432 = CARTESIAN_POINT('',(118.050001,-65.925,1.56));
#17433 = CIRCLE('',#17434,0.249997252596);
#17434 = AXIS2_PLACEMENT_3D('',#17435,#17436,#17437);
#17435 = CARTESIAN_POINT('',(118.05000174741,-66.17499725259,1.56));
#17436 = DIRECTION('',(0.,0.,1.));
#17437 = DIRECTION('',(0.99999999994,-1.098974068222E-05,0.));
#17438 = ORIENTED_EDGE('',*,*,#17439,.T.);
#17439 = EDGE_CURVE('',#17431,#17440,#17442,.T.);
#17440 = VERTEX_POINT('',#17441);
#17441 = CARTESIAN_POINT('',(117.15,-65.925001,1.56));
#17442 = LINE('',#17443,#17444);
#17443 = CARTESIAN_POINT('',(118.050001,-65.925,1.56));
#17444 = VECTOR('',#17445,1.);
#17445 = DIRECTION('',(-0.999999999999,-1.111109873739E-06,0.));
#17446 = ORIENTED_EDGE('',*,*,#17447,.T.);
#17447 = EDGE_CURVE('',#17440,#17448,#17450,.T.);
#17448 = VERTEX_POINT('',#17449);
#17449 = CARTESIAN_POINT('',(116.9,-66.174999,1.56));
#17450 = CIRCLE('',#17451,0.249997252596);
#17451 = AXIS2_PLACEMENT_3D('',#17452,#17453,#17454);
#17452 = CARTESIAN_POINT('',(117.14999725259,-66.17499825258,1.56));
#17453 = DIRECTION('',(0.,0.,1.));
#17454 = DIRECTION('',(1.098974073906E-05,0.99999999994,-0.));
#17455 = ORIENTED_EDGE('',*,*,#17456,.T.);
#17456 = EDGE_CURVE('',#17448,#17457,#17459,.T.);
#17457 = VERTEX_POINT('',#17458);
#17458 = CARTESIAN_POINT('',(116.900001,-68.325,1.56));
#17459 = LINE('',#17460,#17461);
#17460 = CARTESIAN_POINT('',(116.9,-66.174999,1.56));
#17461 = VECTOR('',#17462,1.);
#17462 = DIRECTION('',(4.651160615624E-07,-1.,0.));
#17463 = ORIENTED_EDGE('',*,*,#17464,.T.);
#17464 = EDGE_CURVE('',#17457,#17465,#17467,.T.);
#17465 = VERTEX_POINT('',#17466);
#17466 = CARTESIAN_POINT('',(117.149999,-68.575,1.56));
#17467 = CIRCLE('',#17468,0.249997252596);
#17468 = AXIS2_PLACEMENT_3D('',#17469,#17470,#17471);
#17469 = CARTESIAN_POINT('',(117.14999825258,-68.3250027474,1.56));
#17470 = DIRECTION('',(0.,0.,1.));
#17471 = DIRECTION('',(-0.99999999994,1.098974068222E-05,0.));
#17472 = ORIENTED_EDGE('',*,*,#17473,.T.);
#17473 = EDGE_CURVE('',#17465,#17474,#17476,.T.);
#17474 = VERTEX_POINT('',#17475);
#17475 = CARTESIAN_POINT('',(118.05,-68.574999,1.56));
#17476 = LINE('',#17477,#17478);
#17477 = CARTESIAN_POINT('',(117.149999,-68.575,1.56));
#17478 = VECTOR('',#17479,1.);
#17479 = DIRECTION('',(0.999999999999,1.111109873739E-06,0.));
#17480 = ORIENTED_EDGE('',*,*,#17481,.T.);
#17481 = EDGE_CURVE('',#17474,#17482,#17484,.T.);
#17482 = VERTEX_POINT('',#17483);
#17483 = CARTESIAN_POINT('',(118.3,-68.325001,1.56));
#17484 = CIRCLE('',#17485,0.249997252596);
#17485 = AXIS2_PLACEMENT_3D('',#17486,#17487,#17488);
#17486 = CARTESIAN_POINT('',(118.0500027474,-68.32500174741,1.56));
#17487 = DIRECTION('',(0.,0.,1.));
#17488 = DIRECTION('',(-1.098974068222E-05,-0.99999999994,0.));
#17489 = ORIENTED_EDGE('',*,*,#17490,.T.);
#17490 = EDGE_CURVE('',#17482,#17429,#17491,.T.);
#17491 = LINE('',#17492,#17493);
#17492 = CARTESIAN_POINT('',(118.3,-68.325001,1.56));
#17493 = VECTOR('',#17494,1.);
#17494 = DIRECTION('',(-4.651160615624E-07,1.,0.));
#17495 = FACE_BOUND('',#17496,.F.);
#17496 = EDGE_LOOP('',(#17497,#17508,#17516,#17525,#17533,#17542,#17550,
    #17559));
#17497 = ORIENTED_EDGE('',*,*,#17498,.T.);
#17498 = EDGE_CURVE('',#17499,#17501,#17503,.T.);
#17499 = VERTEX_POINT('',#17500);
#17500 = CARTESIAN_POINT('',(123.099999,-66.175,1.56));
#17501 = VERTEX_POINT('',#17502);
#17502 = CARTESIAN_POINT('',(122.850001,-65.925,1.56));
#17503 = CIRCLE('',#17504,0.249997252596);
#17504 = AXIS2_PLACEMENT_3D('',#17505,#17506,#17507);
#17505 = CARTESIAN_POINT('',(122.85000174741,-66.17499725259,1.56));
#17506 = DIRECTION('',(0.,0.,1.));
#17507 = DIRECTION('',(0.99999999994,-1.098974068222E-05,0.));
#17508 = ORIENTED_EDGE('',*,*,#17509,.T.);
#17509 = EDGE_CURVE('',#17501,#17510,#17512,.T.);
#17510 = VERTEX_POINT('',#17511);
#17511 = CARTESIAN_POINT('',(121.95,-65.925001,1.56));
#17512 = LINE('',#17513,#17514);
#17513 = CARTESIAN_POINT('',(122.850001,-65.925,1.56));
#17514 = VECTOR('',#17515,1.);
#17515 = DIRECTION('',(-0.999999999999,-1.111109873739E-06,0.));
#17516 = ORIENTED_EDGE('',*,*,#17517,.T.);
#17517 = EDGE_CURVE('',#17510,#17518,#17520,.T.);
#17518 = VERTEX_POINT('',#17519);
#17519 = CARTESIAN_POINT('',(121.7,-66.174999,1.56));
#17520 = CIRCLE('',#17521,0.249997252596);
#17521 = AXIS2_PLACEMENT_3D('',#17522,#17523,#17524);
#17522 = CARTESIAN_POINT('',(121.94999725259,-66.17499825258,1.56));
#17523 = DIRECTION('',(0.,0.,1.));
#17524 = DIRECTION('',(1.098974068222E-05,0.99999999994,-0.));
#17525 = ORIENTED_EDGE('',*,*,#17526,.T.);
#17526 = EDGE_CURVE('',#17518,#17527,#17529,.T.);
#17527 = VERTEX_POINT('',#17528);
#17528 = CARTESIAN_POINT('',(121.700001,-68.325,1.56));
#17529 = LINE('',#17530,#17531);
#17530 = CARTESIAN_POINT('',(121.7,-66.174999,1.56));
#17531 = VECTOR('',#17532,1.);
#17532 = DIRECTION('',(4.651160615624E-07,-1.,0.));
#17533 = ORIENTED_EDGE('',*,*,#17534,.T.);
#17534 = EDGE_CURVE('',#17527,#17535,#17537,.T.);
#17535 = VERTEX_POINT('',#17536);
#17536 = CARTESIAN_POINT('',(121.949999,-68.575,1.56));
#17537 = CIRCLE('',#17538,0.249997252596);
#17538 = AXIS2_PLACEMENT_3D('',#17539,#17540,#17541);
#17539 = CARTESIAN_POINT('',(121.94999825258,-68.3250027474,1.56));
#17540 = DIRECTION('',(0.,0.,1.));
#17541 = DIRECTION('',(-0.99999999994,1.098974068222E-05,0.));
#17542 = ORIENTED_EDGE('',*,*,#17543,.T.);
#17543 = EDGE_CURVE('',#17535,#17544,#17546,.T.);
#17544 = VERTEX_POINT('',#17545);
#17545 = CARTESIAN_POINT('',(122.85,-68.574999,1.56));
#17546 = LINE('',#17547,#17548);
#17547 = CARTESIAN_POINT('',(121.949999,-68.575,1.56));
#17548 = VECTOR('',#17549,1.);
#17549 = DIRECTION('',(0.999999999999,1.111109873739E-06,0.));
#17550 = ORIENTED_EDGE('',*,*,#17551,.T.);
#17551 = EDGE_CURVE('',#17544,#17552,#17554,.T.);
#17552 = VERTEX_POINT('',#17553);
#17553 = CARTESIAN_POINT('',(123.1,-68.325001,1.56));
#17554 = CIRCLE('',#17555,0.249997252596);
#17555 = AXIS2_PLACEMENT_3D('',#17556,#17557,#17558);
#17556 = CARTESIAN_POINT('',(122.8500027474,-68.32500174741,1.56));
#17557 = DIRECTION('',(0.,0.,1.));
#17558 = DIRECTION('',(-1.098974073906E-05,-0.99999999994,0.));
#17559 = ORIENTED_EDGE('',*,*,#17560,.T.);
#17560 = EDGE_CURVE('',#17552,#17499,#17561,.T.);
#17561 = LINE('',#17562,#17563);
#17562 = CARTESIAN_POINT('',(123.1,-68.325001,1.56));
#17563 = VECTOR('',#17564,1.);
#17564 = DIRECTION('',(-4.651160615624E-07,1.,0.));
#17565 = FACE_BOUND('',#17566,.F.);
#17566 = EDGE_LOOP('',(#17567,#17577,#17585,#17593));
#17567 = ORIENTED_EDGE('',*,*,#17568,.T.);
#17568 = EDGE_CURVE('',#17569,#17571,#17573,.T.);
#17569 = VERTEX_POINT('',#17570);
#17570 = CARTESIAN_POINT('',(118.85,-62.85,1.56));
#17571 = VERTEX_POINT('',#17572);
#17572 = CARTESIAN_POINT('',(118.85,-61.15,1.56));
#17573 = LINE('',#17574,#17575);
#17574 = CARTESIAN_POINT('',(118.85,-62.85,1.56));
#17575 = VECTOR('',#17576,1.);
#17576 = DIRECTION('',(0.,1.,0.));
#17577 = ORIENTED_EDGE('',*,*,#17578,.T.);
#17578 = EDGE_CURVE('',#17571,#17579,#17581,.T.);
#17579 = VERTEX_POINT('',#17580);
#17580 = CARTESIAN_POINT('',(117.15,-61.15,1.56));
#17581 = LINE('',#17582,#17583);
#17582 = CARTESIAN_POINT('',(118.85,-61.15,1.56));
#17583 = VECTOR('',#17584,1.);
#17584 = DIRECTION('',(-1.,0.,0.));
#17585 = ORIENTED_EDGE('',*,*,#17586,.T.);
#17586 = EDGE_CURVE('',#17579,#17587,#17589,.T.);
#17587 = VERTEX_POINT('',#17588);
#17588 = CARTESIAN_POINT('',(117.15,-62.85,1.56));
#17589 = LINE('',#17590,#17591);
#17590 = CARTESIAN_POINT('',(117.15,-61.15,1.56));
#17591 = VECTOR('',#17592,1.);
#17592 = DIRECTION('',(0.,-1.,0.));
#17593 = ORIENTED_EDGE('',*,*,#17594,.T.);
#17594 = EDGE_CURVE('',#17587,#17569,#17595,.T.);
#17595 = LINE('',#17596,#17597);
#17596 = CARTESIAN_POINT('',(117.15,-62.85,1.56));
#17597 = VECTOR('',#17598,1.);
#17598 = DIRECTION('',(1.,0.,0.));
#17599 = FACE_BOUND('',#17600,.F.);
#17600 = EDGE_LOOP('',(#17601));
#17601 = ORIENTED_EDGE('',*,*,#17602,.T.);
#17602 = EDGE_CURVE('',#17603,#17603,#17605,.T.);
#17603 = VERTEX_POINT('',#17604);
#17604 = CARTESIAN_POINT('',(113.769999,-62.,1.56));
#17605 = CIRCLE('',#17606,0.849999);
#17606 = AXIS2_PLACEMENT_3D('',#17607,#17608,#17609);
#17607 = CARTESIAN_POINT('',(112.92,-62.,1.56));
#17608 = DIRECTION('',(0.,0.,1.));
#17609 = DIRECTION('',(1.,0.,-0.));
#17610 = FACE_BOUND('',#17611,.F.);
#17611 = EDGE_LOOP('',(#17612));
#17612 = ORIENTED_EDGE('',*,*,#17613,.T.);
#17613 = EDGE_CURVE('',#17614,#17614,#17616,.T.);
#17614 = VERTEX_POINT('',#17615);
#17615 = CARTESIAN_POINT('',(116.309999,-62.,1.56));
#17616 = CIRCLE('',#17617,0.849999);
#17617 = AXIS2_PLACEMENT_3D('',#17618,#17619,#17620);
#17618 = CARTESIAN_POINT('',(115.46,-62.,1.56));
#17619 = DIRECTION('',(0.,0.,1.));
#17620 = DIRECTION('',(1.,0.,-0.));
#17621 = PLANE('',#17622);
#17622 = AXIS2_PLACEMENT_3D('',#17623,#17624,#17625);
#17623 = CARTESIAN_POINT('',(0.,0.,1.56));
#17624 = DIRECTION('',(0.,0.,1.));
#17625 = DIRECTION('',(1.,0.,-0.));
#17626 = ( GEOMETRIC_REPRESENTATION_CONTEXT(3) 
GLOBAL_UNCERTAINTY_ASSIGNED_CONTEXT((#17630)) 
GLOBAL_UNIT_ASSIGNED_CONTEXT((#17627,#17628,#17629)) 
REPRESENTATION_CONTEXT('Context #1',
  '3D Context with UNIT and UNCERTAINTY') );
#17627 = ( LENGTH_UNIT() NAMED_UNIT(*) SI_UNIT(.MILLI.,.METRE.) );
#17628 = ( NAMED_UNIT(*) PLANE_ANGLE_UNIT() SI_UNIT($,.RADIAN.) );
#17629 = ( NAMED_UNIT(*) SI_UNIT($,.STERADIAN.) SOLID_ANGLE_UNIT() );
#17630 = UNCERTAINTY_MEASURE_WITH_UNIT(LENGTH_MEASURE(1.E-07),#17627,
  'distance_accuracy_value','confusion accuracy');
#17631 = CONTEXT_DEPENDENT_SHAPE_REPRESENTATION(#17632,#17634);
#17632 = ( REPRESENTATION_RELATIONSHIP('','',#17135,#10) 
REPRESENTATION_RELATIONSHIP_WITH_TRANSFORMATION(#17633) 
SHAPE_REPRESENTATION_RELATIONSHIP() );
#17633 = ITEM_DEFINED_TRANSFORMATION('','',#11,#47);
#17634 = PRODUCT_DEFINITION_SHAPE('Placement','Placement of an item',
  #17635);
#17635 = NEXT_ASSEMBLY_USAGE_OCCURRENCE('9','=>[0:1:1:8]','',#5,#17130,$
  );
#17636 = PRODUCT_RELATED_PRODUCT_CATEGORY('part',$,(#17132));
#17637 = SHAPE_DEFINITION_REPRESENTATION(#17638,#17644);
#17638 = PRODUCT_DEFINITION_SHAPE('','',#17639);
#17639 = PRODUCT_DEFINITION('design','',#17640,#17643);
#17640 = PRODUCT_DEFINITION_FORMATION('','',#17641);
#17641 = PRODUCT('winder_led_soldermask','winder_led_soldermask','',(
    #17642));
#17642 = PRODUCT_CONTEXT('',#2,'mechanical');
#17643 = PRODUCT_DEFINITION_CONTEXT('part definition',#2,'design');
#17644 = MANIFOLD_SURFACE_SHAPE_REPRESENTATION('',(#11,#17645),#17855);
#17645 = SHELL_BASED_SURFACE_MODEL('',(#17646));
#17646 = OPEN_SHELL('',(#17647));
#17647 = ADVANCED_FACE('',(#17648,#17682,#17716,#17750,#17761,#17772,
    #17783,#17794,#17828,#17839),#17850,.T.);
#17648 = FACE_BOUND('',#17649,.T.);
#17649 = EDGE_LOOP('',(#17650,#17660,#17668,#17676));
#17650 = ORIENTED_EDGE('',*,*,#17651,.T.);
#17651 = EDGE_CURVE('',#17652,#17654,#17656,.T.);
#17652 = VERTEX_POINT('',#17653);
#17653 = CARTESIAN_POINT('',(95.,-75.,-5.E-02));
#17654 = VERTEX_POINT('',#17655);
#17655 = CARTESIAN_POINT('',(95.,-60.,-5.E-02));
#17656 = LINE('',#17657,#17658);
#17657 = CARTESIAN_POINT('',(95.,-75.,-5.E-02));
#17658 = VECTOR('',#17659,1.);
#17659 = DIRECTION('',(0.,1.,0.));
#17660 = ORIENTED_EDGE('',*,*,#17661,.T.);
#17661 = EDGE_CURVE('',#17654,#17662,#17664,.T.);
#17662 = VERTEX_POINT('',#17663);
#17663 = CARTESIAN_POINT('',(135.,-60.,-5.E-02));
#17664 = LINE('',#17665,#17666);
#17665 = CARTESIAN_POINT('',(95.,-60.,-5.E-02));
#17666 = VECTOR('',#17667,1.);
#17667 = DIRECTION('',(1.,0.,0.));
#17668 = ORIENTED_EDGE('',*,*,#17669,.T.);
#17669 = EDGE_CURVE('',#17662,#17670,#17672,.T.);
#17670 = VERTEX_POINT('',#17671);
#17671 = CARTESIAN_POINT('',(135.,-75.,-5.E-02));
#17672 = LINE('',#17673,#17674);
#17673 = CARTESIAN_POINT('',(135.,-60.,-5.E-02));
#17674 = VECTOR('',#17675,1.);
#17675 = DIRECTION('',(0.,-1.,0.));
#17676 = ORIENTED_EDGE('',*,*,#17677,.T.);
#17677 = EDGE_CURVE('',#17670,#17652,#17678,.T.);
#17678 = LINE('',#17679,#17680);
#17679 = CARTESIAN_POINT('',(135.,-75.,-5.E-02));
#17680 = VECTOR('',#17681,1.);
#17681 = DIRECTION('',(-1.,0.,0.));
#17682 = FACE_BOUND('',#17683,.T.);
#17683 = EDGE_LOOP('',(#17684,#17694,#17702,#17710));
#17684 = ORIENTED_EDGE('',*,*,#17685,.T.);
#17685 = EDGE_CURVE('',#17686,#17688,#17690,.T.);
#17686 = VERTEX_POINT('',#17687);
#17687 = CARTESIAN_POINT('',(104.65,-72.65,-5.E-02));
#17688 = VERTEX_POINT('',#17689);
#17689 = CARTESIAN_POINT('',(104.65,-70.85,-5.E-02));
#17690 = LINE('',#17691,#17692);
#17691 = CARTESIAN_POINT('',(104.65,-72.65,-5.E-02));
#17692 = VECTOR('',#17693,1.);
#17693 = DIRECTION('',(0.,1.,0.));
#17694 = ORIENTED_EDGE('',*,*,#17695,.T.);
#17695 = EDGE_CURVE('',#17688,#17696,#17698,.T.);
#17696 = VERTEX_POINT('',#17697);
#17697 = CARTESIAN_POINT('',(102.85,-70.85,-5.E-02));
#17698 = LINE('',#17699,#17700);
#17699 = CARTESIAN_POINT('',(104.65,-70.85,-5.E-02));
#17700 = VECTOR('',#17701,1.);
#17701 = DIRECTION('',(-1.,0.,0.));
#17702 = ORIENTED_EDGE('',*,*,#17703,.T.);
#17703 = EDGE_CURVE('',#17696,#17704,#17706,.T.);
#17704 = VERTEX_POINT('',#17705);
#17705 = CARTESIAN_POINT('',(102.85,-72.65,-5.E-02));
#17706 = LINE('',#17707,#17708);
#17707 = CARTESIAN_POINT('',(102.85,-70.85,-5.E-02));
#17708 = VECTOR('',#17709,1.);
#17709 = DIRECTION('',(0.,-1.,0.));
#17710 = ORIENTED_EDGE('',*,*,#17711,.T.);
#17711 = EDGE_CURVE('',#17704,#17686,#17712,.T.);
#17712 = LINE('',#17713,#17714);
#17713 = CARTESIAN_POINT('',(102.85,-72.65,-5.E-02));
#17714 = VECTOR('',#17715,1.);
#17715 = DIRECTION('',(1.,0.,0.));
#17716 = FACE_BOUND('',#17717,.T.);
#17717 = EDGE_LOOP('',(#17718,#17728,#17736,#17744));
#17718 = ORIENTED_EDGE('',*,*,#17719,.T.);
#17719 = EDGE_CURVE('',#17720,#17722,#17724,.T.);
#17720 = VERTEX_POINT('',#17721);
#17721 = CARTESIAN_POINT('',(127.15,-72.65,-5.E-02));
#17722 = VERTEX_POINT('',#17723);
#17723 = CARTESIAN_POINT('',(127.15,-70.85,-5.E-02));
#17724 = LINE('',#17725,#17726);
#17725 = CARTESIAN_POINT('',(127.15,-72.65,-5.E-02));
#17726 = VECTOR('',#17727,1.);
#17727 = DIRECTION('',(0.,1.,0.));
#17728 = ORIENTED_EDGE('',*,*,#17729,.T.);
#17729 = EDGE_CURVE('',#17722,#17730,#17732,.T.);
#17730 = VERTEX_POINT('',#17731);
#17731 = CARTESIAN_POINT('',(125.35,-70.85,-5.E-02));
#17732 = LINE('',#17733,#17734);
#17733 = CARTESIAN_POINT('',(127.15,-70.85,-5.E-02));
#17734 = VECTOR('',#17735,1.);
#17735 = DIRECTION('',(-1.,0.,0.));
#17736 = ORIENTED_EDGE('',*,*,#17737,.T.);
#17737 = EDGE_CURVE('',#17730,#17738,#17740,.T.);
#17738 = VERTEX_POINT('',#17739);
#17739 = CARTESIAN_POINT('',(125.35,-72.65,-5.E-02));
#17740 = LINE('',#17741,#17742);
#17741 = CARTESIAN_POINT('',(125.35,-70.85,-5.E-02));
#17742 = VECTOR('',#17743,1.);
#17743 = DIRECTION('',(0.,-1.,0.));
#17744 = ORIENTED_EDGE('',*,*,#17745,.T.);
#17745 = EDGE_CURVE('',#17738,#17720,#17746,.T.);
#17746 = LINE('',#17747,#17748);
#17747 = CARTESIAN_POINT('',(125.35,-72.65,-5.E-02));
#17748 = VECTOR('',#17749,1.);
#17749 = DIRECTION('',(1.,0.,0.));
#17750 = FACE_BOUND('',#17751,.T.);
#17751 = EDGE_LOOP('',(#17752));
#17752 = ORIENTED_EDGE('',*,*,#17753,.T.);
#17753 = EDGE_CURVE('',#17754,#17754,#17756,.T.);
#17754 = VERTEX_POINT('',#17755);
#17755 = CARTESIAN_POINT('',(107.189999,-71.75,-5.E-02));
#17756 = CIRCLE('',#17757,0.899999);
#17757 = AXIS2_PLACEMENT_3D('',#17758,#17759,#17760);
#17758 = CARTESIAN_POINT('',(106.29,-71.75,-5.E-02));
#17759 = DIRECTION('',(0.,0.,1.));
#17760 = DIRECTION('',(1.,0.,-0.));
#17761 = FACE_BOUND('',#17762,.T.);
#17762 = EDGE_LOOP('',(#17763));
#17763 = ORIENTED_EDGE('',*,*,#17764,.T.);
#17764 = EDGE_CURVE('',#17765,#17765,#17767,.T.);
#17765 = VERTEX_POINT('',#17766);
#17766 = CARTESIAN_POINT('',(124.609999,-71.75,-5.E-02));
#17767 = CIRCLE('',#17768,0.899999);
#17768 = AXIS2_PLACEMENT_3D('',#17769,#17770,#17771);
#17769 = CARTESIAN_POINT('',(123.71,-71.75,-5.E-02));
#17770 = DIRECTION('',(0.,0.,1.));
#17771 = DIRECTION('',(1.,0.,-0.));
#17772 = FACE_BOUND('',#17773,.T.);
#17773 = EDGE_LOOP('',(#17774));
#17774 = ORIENTED_EDGE('',*,*,#17775,.T.);
#17775 = EDGE_CURVE('',#17776,#17776,#17778,.T.);
#17776 = VERTEX_POINT('',#17777);
#17777 = CARTESIAN_POINT('',(100.6,-67.5,-5.E-02));
#17778 = CIRCLE('',#17779,1.6);
#17779 = AXIS2_PLACEMENT_3D('',#17780,#17781,#17782);
#17780 = CARTESIAN_POINT('',(99.,-67.5,-5.E-02));
#17781 = DIRECTION('',(0.,0.,1.));
#17782 = DIRECTION('',(1.,0.,-0.));
#17783 = FACE_BOUND('',#17784,.T.);
#17784 = EDGE_LOOP('',(#17785));
#17785 = ORIENTED_EDGE('',*,*,#17786,.T.);
#17786 = EDGE_CURVE('',#17787,#17787,#17789,.T.);
#17787 = VERTEX_POINT('',#17788);
#17788 = CARTESIAN_POINT('',(132.6,-67.5,-5.E-02));
#17789 = CIRCLE('',#17790,1.6);
#17790 = AXIS2_PLACEMENT_3D('',#17791,#17792,#17793);
#17791 = CARTESIAN_POINT('',(131.,-67.5,-5.E-02));
#17792 = DIRECTION('',(0.,0.,1.));
#17793 = DIRECTION('',(1.,0.,-0.));
#17794 = FACE_BOUND('',#17795,.T.);
#17795 = EDGE_LOOP('',(#17796,#17806,#17814,#17822));
#17796 = ORIENTED_EDGE('',*,*,#17797,.T.);
#17797 = EDGE_CURVE('',#17798,#17800,#17802,.T.);
#17798 = VERTEX_POINT('',#17799);
#17799 = CARTESIAN_POINT('',(118.85,-62.85,-5.E-02));
#17800 = VERTEX_POINT('',#17801);
#17801 = CARTESIAN_POINT('',(118.85,-61.15,-5.E-02));
#17802 = LINE('',#17803,#17804);
#17803 = CARTESIAN_POINT('',(118.85,-62.85,-5.E-02));
#17804 = VECTOR('',#17805,1.);
#17805 = DIRECTION('',(0.,1.,0.));
#17806 = ORIENTED_EDGE('',*,*,#17807,.T.);
#17807 = EDGE_CURVE('',#17800,#17808,#17810,.T.);
#17808 = VERTEX_POINT('',#17809);
#17809 = CARTESIAN_POINT('',(117.15,-61.15,-5.E-02));
#17810 = LINE('',#17811,#17812);
#17811 = CARTESIAN_POINT('',(118.85,-61.15,-5.E-02));
#17812 = VECTOR('',#17813,1.);
#17813 = DIRECTION('',(-1.,0.,0.));
#17814 = ORIENTED_EDGE('',*,*,#17815,.T.);
#17815 = EDGE_CURVE('',#17808,#17816,#17818,.T.);
#17816 = VERTEX_POINT('',#17817);
#17817 = CARTESIAN_POINT('',(117.15,-62.85,-5.E-02));
#17818 = LINE('',#17819,#17820);
#17819 = CARTESIAN_POINT('',(117.15,-61.15,-5.E-02));
#17820 = VECTOR('',#17821,1.);
#17821 = DIRECTION('',(0.,-1.,0.));
#17822 = ORIENTED_EDGE('',*,*,#17823,.T.);
#17823 = EDGE_CURVE('',#17816,#17798,#17824,.T.);
#17824 = LINE('',#17825,#17826);
#17825 = CARTESIAN_POINT('',(117.15,-62.85,-5.E-02));
#17826 = VECTOR('',#17827,1.);
#17827 = DIRECTION('',(1.,0.,0.));
#17828 = FACE_BOUND('',#17829,.T.);
#17829 = EDGE_LOOP('',(#17830));
#17830 = ORIENTED_EDGE('',*,*,#17831,.T.);
#17831 = EDGE_CURVE('',#17832,#17832,#17834,.T.);
#17832 = VERTEX_POINT('',#17833);
#17833 = CARTESIAN_POINT('',(113.769999,-62.,-5.E-02));
#17834 = CIRCLE('',#17835,0.849999);
#17835 = AXIS2_PLACEMENT_3D('',#17836,#17837,#17838);
#17836 = CARTESIAN_POINT('',(112.92,-62.,-5.E-02));
#17837 = DIRECTION('',(0.,0.,1.));
#17838 = DIRECTION('',(1.,0.,-0.));
#17839 = FACE_BOUND('',#17840,.T.);
#17840 = EDGE_LOOP('',(#17841));
#17841 = ORIENTED_EDGE('',*,*,#17842,.T.);
#17842 = EDGE_CURVE('',#17843,#17843,#17845,.T.);
#17843 = VERTEX_POINT('',#17844);
#17844 = CARTESIAN_POINT('',(116.309999,-62.,-5.E-02));
#17845 = CIRCLE('',#17846,0.849999);
#17846 = AXIS2_PLACEMENT_3D('',#17847,#17848,#17849);
#17847 = CARTESIAN_POINT('',(115.46,-62.,-5.E-02));
#17848 = DIRECTION('',(0.,0.,1.));
#17849 = DIRECTION('',(1.,0.,-0.));
#17850 = PLANE('',#17851);
#17851 = AXIS2_PLACEMENT_3D('',#17852,#17853,#17854);
#17852 = CARTESIAN_POINT('',(0.,0.,-5.E-02));
#17853 = DIRECTION('',(-0.,-0.,-1.));
#17854 = DIRECTION('',(-1.,0.,0.));
#17855 = ( GEOMETRIC_REPRESENTATION_CONTEXT(3) 
GLOBAL_UNCERTAINTY_ASSIGNED_CONTEXT((#17859)) 
GLOBAL_UNIT_ASSIGNED_CONTEXT((#17856,#17857,#17858)) 
REPRESENTATION_CONTEXT('Context #1',
  '3D Context with UNIT and UNCERTAINTY') );
#17856 = ( LENGTH_UNIT() NAMED_UNIT(*) SI_UNIT(.MILLI.,.METRE.) );
#17857 = ( NAMED_UNIT(*) PLANE_ANGLE_UNIT() SI_UNIT($,.RADIAN.) );
#17858 = ( NAMED_UNIT(*) SI_UNIT($,.STERADIAN.) SOLID_ANGLE_UNIT() );
#17859 = UNCERTAINTY_MEASURE_WITH_UNIT(LENGTH_MEASURE(1.E-07),#17856,
  'distance_accuracy_value','confusion accuracy');
#17860 = CONTEXT_DEPENDENT_SHAPE_REPRESENTATION(#17861,#17863);
#17861 = ( REPRESENTATION_RELATIONSHIP('','',#17644,#10) 
REPRESENTATION_RELATIONSHIP_WITH_TRANSFORMATION(#17862) 
SHAPE_REPRESENTATION_RELATIONSHIP() );
#17862 = ITEM_DEFINED_TRANSFORMATION('','',#11,#51);
#17863 = PRODUCT_DEFINITION_SHAPE('Placement','Placement of an item',
  #17864);
#17864 = NEXT_ASSEMBLY_USAGE_OCCURRENCE('10','=>[0:1:1:9]','',#5,#17639,
  $);
#17865 = PRODUCT_RELATED_PRODUCT_CATEGORY('part',$,(#17641));
#17866 = SHAPE_DEFINITION_REPRESENTATION(#17867,#17873);
#17867 = PRODUCT_DEFINITION_SHAPE('','',#17868);
#17868 = PRODUCT_DEFINITION('design','',#17869,#17872);
#17869 = PRODUCT_DEFINITION_FORMATION('','',#17870);
#17870 = PRODUCT('winder_led_PCB','winder_led_PCB','',(#17871));
#17871 = PRODUCT_CONTEXT('',#2,'mechanical');
#17872 = PRODUCT_DEFINITION_CONTEXT('part definition',#2,'design');
#17873 = ADVANCED_BREP_SHAPE_REPRESENTATION('',(#11,#17874),#18375);
#17874 = MANIFOLD_SOLID_BREP('',#17875);
#17875 = CLOSED_SHELL('',(#17876,#17916,#17947,#17978,#18094,#18210,
    #18222,#18239,#18256,#18273,#18290,#18307,#18324,#18341,#18358));
#17876 = ADVANCED_FACE('',(#17877),#17911,.T.);
#17877 = FACE_BOUND('',#17878,.T.);
#17878 = EDGE_LOOP('',(#17879,#17889,#17897,#17905));
#17879 = ORIENTED_EDGE('',*,*,#17880,.T.);
#17880 = EDGE_CURVE('',#17881,#17883,#17885,.T.);
#17881 = VERTEX_POINT('',#17882);
#17882 = CARTESIAN_POINT('',(135.,-75.,0.));
#17883 = VERTEX_POINT('',#17884);
#17884 = CARTESIAN_POINT('',(135.,-75.,1.51));
#17885 = LINE('',#17886,#17887);
#17886 = CARTESIAN_POINT('',(135.,-75.,0.));
#17887 = VECTOR('',#17888,1.);
#17888 = DIRECTION('',(0.,0.,1.));
#17889 = ORIENTED_EDGE('',*,*,#17890,.T.);
#17890 = EDGE_CURVE('',#17883,#17891,#17893,.T.);
#17891 = VERTEX_POINT('',#17892);
#17892 = CARTESIAN_POINT('',(95.,-75.,1.51));
#17893 = LINE('',#17894,#17895);
#17894 = CARTESIAN_POINT('',(135.,-75.,1.51));
#17895 = VECTOR('',#17896,1.);
#17896 = DIRECTION('',(-1.,0.,0.));
#17897 = ORIENTED_EDGE('',*,*,#17898,.F.);
#17898 = EDGE_CURVE('',#17899,#17891,#17901,.T.);
#17899 = VERTEX_POINT('',#17900);
#17900 = CARTESIAN_POINT('',(95.,-75.,0.));
#17901 = LINE('',#17902,#17903);
#17902 = CARTESIAN_POINT('',(95.,-75.,0.));
#17903 = VECTOR('',#17904,1.);
#17904 = DIRECTION('',(0.,0.,1.));
#17905 = ORIENTED_EDGE('',*,*,#17906,.F.);
#17906 = EDGE_CURVE('',#17881,#17899,#17907,.T.);
#17907 = LINE('',#17908,#17909);
#17908 = CARTESIAN_POINT('',(135.,-75.,0.));
#17909 = VECTOR('',#17910,1.);
#17910 = DIRECTION('',(-1.,0.,0.));
#17911 = PLANE('',#17912);
#17912 = AXIS2_PLACEMENT_3D('',#17913,#17914,#17915);
#17913 = CARTESIAN_POINT('',(135.,-75.,0.));
#17914 = DIRECTION('',(0.,-1.,0.));
#17915 = DIRECTION('',(-1.,0.,0.));
#17916 = ADVANCED_FACE('',(#17917),#17942,.T.);
#17917 = FACE_BOUND('',#17918,.T.);
#17918 = EDGE_LOOP('',(#17919,#17929,#17935,#17936));
#17919 = ORIENTED_EDGE('',*,*,#17920,.T.);
#17920 = EDGE_CURVE('',#17921,#17923,#17925,.T.);
#17921 = VERTEX_POINT('',#17922);
#17922 = CARTESIAN_POINT('',(135.,-60.,0.));
#17923 = VERTEX_POINT('',#17924);
#17924 = CARTESIAN_POINT('',(135.,-60.,1.51));
#17925 = LINE('',#17926,#17927);
#17926 = CARTESIAN_POINT('',(135.,-60.,0.));
#17927 = VECTOR('',#17928,1.);
#17928 = DIRECTION('',(0.,0.,1.));
#17929 = ORIENTED_EDGE('',*,*,#17930,.T.);
#17930 = EDGE_CURVE('',#17923,#17883,#17931,.T.);
#17931 = LINE('',#17932,#17933);
#17932 = CARTESIAN_POINT('',(135.,-60.,1.51));
#17933 = VECTOR('',#17934,1.);
#17934 = DIRECTION('',(0.,-1.,0.));
#17935 = ORIENTED_EDGE('',*,*,#17880,.F.);
#17936 = ORIENTED_EDGE('',*,*,#17937,.F.);
#17937 = EDGE_CURVE('',#17921,#17881,#17938,.T.);
#17938 = LINE('',#17939,#17940);
#17939 = CARTESIAN_POINT('',(135.,-60.,0.));
#17940 = VECTOR('',#17941,1.);
#17941 = DIRECTION('',(0.,-1.,0.));
#17942 = PLANE('',#17943);
#17943 = AXIS2_PLACEMENT_3D('',#17944,#17945,#17946);
#17944 = CARTESIAN_POINT('',(135.,-60.,0.));
#17945 = DIRECTION('',(1.,0.,-0.));
#17946 = DIRECTION('',(0.,-1.,0.));
#17947 = ADVANCED_FACE('',(#17948),#17973,.T.);
#17948 = FACE_BOUND('',#17949,.T.);
#17949 = EDGE_LOOP('',(#17950,#17951,#17959,#17967));
#17950 = ORIENTED_EDGE('',*,*,#17898,.T.);
#17951 = ORIENTED_EDGE('',*,*,#17952,.T.);
#17952 = EDGE_CURVE('',#17891,#17953,#17955,.T.);
#17953 = VERTEX_POINT('',#17954);
#17954 = CARTESIAN_POINT('',(95.,-60.,1.51));
#17955 = LINE('',#17956,#17957);
#17956 = CARTESIAN_POINT('',(95.,-75.,1.51));
#17957 = VECTOR('',#17958,1.);
#17958 = DIRECTION('',(0.,1.,0.));
#17959 = ORIENTED_EDGE('',*,*,#17960,.F.);
#17960 = EDGE_CURVE('',#17961,#17953,#17963,.T.);
#17961 = VERTEX_POINT('',#17962);
#17962 = CARTESIAN_POINT('',(95.,-60.,0.));
#17963 = LINE('',#17964,#17965);
#17964 = CARTESIAN_POINT('',(95.,-60.,0.));
#17965 = VECTOR('',#17966,1.);
#17966 = DIRECTION('',(0.,0.,1.));
#17967 = ORIENTED_EDGE('',*,*,#17968,.F.);
#17968 = EDGE_CURVE('',#17899,#17961,#17969,.T.);
#17969 = LINE('',#17970,#17971);
#17970 = CARTESIAN_POINT('',(95.,-75.,0.));
#17971 = VECTOR('',#17972,1.);
#17972 = DIRECTION('',(0.,1.,0.));
#17973 = PLANE('',#17974);
#17974 = AXIS2_PLACEMENT_3D('',#17975,#17976,#17977);
#17975 = CARTESIAN_POINT('',(95.,-75.,0.));
#17976 = DIRECTION('',(-1.,0.,0.));
#17977 = DIRECTION('',(0.,1.,0.));
#17978 = ADVANCED_FACE('',(#17979,#17990,#18001,#18012,#18023,#18034,
    #18045,#18056,#18067,#18078),#18089,.F.);
#17979 = FACE_BOUND('',#17980,.F.);
#17980 = EDGE_LOOP('',(#17981,#17982,#17983,#17989));
#17981 = ORIENTED_EDGE('',*,*,#17906,.F.);
#17982 = ORIENTED_EDGE('',*,*,#17937,.F.);
#17983 = ORIENTED_EDGE('',*,*,#17984,.F.);
#17984 = EDGE_CURVE('',#17961,#17921,#17985,.T.);
#17985 = LINE('',#17986,#17987);
#17986 = CARTESIAN_POINT('',(95.,-60.,0.));
#17987 = VECTOR('',#17988,1.);
#17988 = DIRECTION('',(1.,0.,0.));
#17989 = ORIENTED_EDGE('',*,*,#17968,.F.);
#17990 = FACE_BOUND('',#17991,.F.);
#17991 = EDGE_LOOP('',(#17992));
#17992 = ORIENTED_EDGE('',*,*,#17993,.T.);
#17993 = EDGE_CURVE('',#17994,#17994,#17996,.T.);
#17994 = VERTEX_POINT('',#17995);
#17995 = CARTESIAN_POINT('',(103.75,-72.2,0.));
#17996 = CIRCLE('',#17997,0.45);
#17997 = AXIS2_PLACEMENT_3D('',#17998,#17999,#18000);
#17998 = CARTESIAN_POINT('',(103.75,-71.75,0.));
#17999 = DIRECTION('',(-0.,0.,-1.));
#18000 = DIRECTION('',(-0.,-1.,0.));
#18001 = FACE_BOUND('',#18002,.F.);
#18002 = EDGE_LOOP('',(#18003));
#18003 = ORIENTED_EDGE('',*,*,#18004,.T.);
#18004 = EDGE_CURVE('',#18005,#18005,#18007,.T.);
#18005 = VERTEX_POINT('',#18006);
#18006 = CARTESIAN_POINT('',(106.29,-72.2,0.));
#18007 = CIRCLE('',#18008,0.45);
#18008 = AXIS2_PLACEMENT_3D('',#18009,#18010,#18011);
#18009 = CARTESIAN_POINT('',(106.29,-71.75,0.));
#18010 = DIRECTION('',(-0.,0.,-1.));
#18011 = DIRECTION('',(3.157967714489E-14,-1.,-0.));
#18012 = FACE_BOUND('',#18013,.F.);
#18013 = EDGE_LOOP('',(#18014));
#18014 = ORIENTED_EDGE('',*,*,#18015,.T.);
#18015 = EDGE_CURVE('',#18016,#18016,#18018,.T.);
#18016 = VERTEX_POINT('',#18017);
#18017 = CARTESIAN_POINT('',(99.,-69.1,0.));
#18018 = CIRCLE('',#18019,1.6);
#18019 = AXIS2_PLACEMENT_3D('',#18020,#18021,#18022);
#18020 = CARTESIAN_POINT('',(99.,-67.5,0.));
#18021 = DIRECTION('',(-0.,0.,-1.));
#18022 = DIRECTION('',(-0.,-1.,0.));
#18023 = FACE_BOUND('',#18024,.F.);
#18024 = EDGE_LOOP('',(#18025));
#18025 = ORIENTED_EDGE('',*,*,#18026,.T.);
#18026 = EDGE_CURVE('',#18027,#18027,#18029,.T.);
#18027 = VERTEX_POINT('',#18028);
#18028 = CARTESIAN_POINT('',(123.71,-72.2,0.));
#18029 = CIRCLE('',#18030,0.45);
#18030 = AXIS2_PLACEMENT_3D('',#18031,#18032,#18033);
#18031 = CARTESIAN_POINT('',(123.71,-71.75,0.));
#18032 = DIRECTION('',(-0.,0.,-1.));
#18033 = DIRECTION('',(-3.157967714489E-14,-1.,0.));
#18034 = FACE_BOUND('',#18035,.F.);
#18035 = EDGE_LOOP('',(#18036));
#18036 = ORIENTED_EDGE('',*,*,#18037,.T.);
#18037 = EDGE_CURVE('',#18038,#18038,#18040,.T.);
#18038 = VERTEX_POINT('',#18039);
#18039 = CARTESIAN_POINT('',(126.25,-72.2,0.));
#18040 = CIRCLE('',#18041,0.45);
#18041 = AXIS2_PLACEMENT_3D('',#18042,#18043,#18044);
#18042 = CARTESIAN_POINT('',(126.25,-71.75,0.));
#18043 = DIRECTION('',(-0.,0.,-1.));
#18044 = DIRECTION('',(-0.,-1.,0.));
#18045 = FACE_BOUND('',#18046,.F.);
#18046 = EDGE_LOOP('',(#18047));
#18047 = ORIENTED_EDGE('',*,*,#18048,.T.);
#18048 = EDGE_CURVE('',#18049,#18049,#18051,.T.);
#18049 = VERTEX_POINT('',#18050);
#18050 = CARTESIAN_POINT('',(131.,-69.1,0.));
#18051 = CIRCLE('',#18052,1.6);
#18052 = AXIS2_PLACEMENT_3D('',#18053,#18054,#18055);
#18053 = CARTESIAN_POINT('',(131.,-67.5,0.));
#18054 = DIRECTION('',(-0.,0.,-1.));
#18055 = DIRECTION('',(-0.,-1.,0.));
#18056 = FACE_BOUND('',#18057,.F.);
#18057 = EDGE_LOOP('',(#18058));
#18058 = ORIENTED_EDGE('',*,*,#18059,.T.);
#18059 = EDGE_CURVE('',#18060,#18060,#18062,.T.);
#18060 = VERTEX_POINT('',#18061);
#18061 = CARTESIAN_POINT('',(112.92,-62.5,0.));
#18062 = CIRCLE('',#18063,0.5);
#18063 = AXIS2_PLACEMENT_3D('',#18064,#18065,#18066);
#18064 = CARTESIAN_POINT('',(112.92,-62.,0.));
#18065 = DIRECTION('',(-0.,0.,-1.));
#18066 = DIRECTION('',(-0.,-1.,0.));
#18067 = FACE_BOUND('',#18068,.F.);
#18068 = EDGE_LOOP('',(#18069));
#18069 = ORIENTED_EDGE('',*,*,#18070,.T.);
#18070 = EDGE_CURVE('',#18071,#18071,#18073,.T.);
#18071 = VERTEX_POINT('',#18072);
#18072 = CARTESIAN_POINT('',(115.46,-62.5,0.));
#18073 = CIRCLE('',#18074,0.5);
#18074 = AXIS2_PLACEMENT_3D('',#18075,#18076,#18077);
#18075 = CARTESIAN_POINT('',(115.46,-62.,0.));
#18076 = DIRECTION('',(-0.,0.,-1.));
#18077 = DIRECTION('',(-0.,-1.,0.));
#18078 = FACE_BOUND('',#18079,.F.);
#18079 = EDGE_LOOP('',(#18080));
#18080 = ORIENTED_EDGE('',*,*,#18081,.T.);
#18081 = EDGE_CURVE('',#18082,#18082,#18084,.T.);
#18082 = VERTEX_POINT('',#18083);
#18083 = CARTESIAN_POINT('',(118.,-62.5,0.));
#18084 = CIRCLE('',#18085,0.5);
#18085 = AXIS2_PLACEMENT_3D('',#18086,#18087,#18088);
#18086 = CARTESIAN_POINT('',(118.,-62.,0.));
#18087 = DIRECTION('',(-0.,0.,-1.));
#18088 = DIRECTION('',(-0.,-1.,0.));
#18089 = PLANE('',#18090);
#18090 = AXIS2_PLACEMENT_3D('',#18091,#18092,#18093);
#18091 = CARTESIAN_POINT('',(0.,0.,0.));
#18092 = DIRECTION('',(0.,0.,1.));
#18093 = DIRECTION('',(1.,0.,-0.));
#18094 = ADVANCED_FACE('',(#18095,#18106,#18117,#18128,#18139,#18150,
    #18161,#18172,#18183,#18194),#18205,.T.);
#18095 = FACE_BOUND('',#18096,.T.);
#18096 = EDGE_LOOP('',(#18097,#18098,#18099,#18105));
#18097 = ORIENTED_EDGE('',*,*,#17890,.F.);
#18098 = ORIENTED_EDGE('',*,*,#17930,.F.);
#18099 = ORIENTED_EDGE('',*,*,#18100,.F.);
#18100 = EDGE_CURVE('',#17953,#17923,#18101,.T.);
#18101 = LINE('',#18102,#18103);
#18102 = CARTESIAN_POINT('',(95.,-60.,1.51));
#18103 = VECTOR('',#18104,1.);
#18104 = DIRECTION('',(1.,0.,0.));
#18105 = ORIENTED_EDGE('',*,*,#17952,.F.);
#18106 = FACE_BOUND('',#18107,.T.);
#18107 = EDGE_LOOP('',(#18108));
#18108 = ORIENTED_EDGE('',*,*,#18109,.T.);
#18109 = EDGE_CURVE('',#18110,#18110,#18112,.T.);
#18110 = VERTEX_POINT('',#18111);
#18111 = CARTESIAN_POINT('',(103.75,-72.2,1.51));
#18112 = CIRCLE('',#18113,0.45);
#18113 = AXIS2_PLACEMENT_3D('',#18114,#18115,#18116);
#18114 = CARTESIAN_POINT('',(103.75,-71.75,1.51));
#18115 = DIRECTION('',(-0.,0.,-1.));
#18116 = DIRECTION('',(-0.,-1.,0.));
#18117 = FACE_BOUND('',#18118,.T.);
#18118 = EDGE_LOOP('',(#18119));
#18119 = ORIENTED_EDGE('',*,*,#18120,.T.);
#18120 = EDGE_CURVE('',#18121,#18121,#18123,.T.);
#18121 = VERTEX_POINT('',#18122);
#18122 = CARTESIAN_POINT('',(106.29,-72.2,1.51));
#18123 = CIRCLE('',#18124,0.45);
#18124 = AXIS2_PLACEMENT_3D('',#18125,#18126,#18127);
#18125 = CARTESIAN_POINT('',(106.29,-71.75,1.51));
#18126 = DIRECTION('',(-0.,0.,-1.));
#18127 = DIRECTION('',(3.157967714489E-14,-1.,-0.));
#18128 = FACE_BOUND('',#18129,.T.);
#18129 = EDGE_LOOP('',(#18130));
#18130 = ORIENTED_EDGE('',*,*,#18131,.T.);
#18131 = EDGE_CURVE('',#18132,#18132,#18134,.T.);
#18132 = VERTEX_POINT('',#18133);
#18133 = CARTESIAN_POINT('',(99.,-69.1,1.51));
#18134 = CIRCLE('',#18135,1.6);
#18135 = AXIS2_PLACEMENT_3D('',#18136,#18137,#18138);
#18136 = CARTESIAN_POINT('',(99.,-67.5,1.51));
#18137 = DIRECTION('',(-0.,0.,-1.));
#18138 = DIRECTION('',(-0.,-1.,0.));
#18139 = FACE_BOUND('',#18140,.T.);
#18140 = EDGE_LOOP('',(#18141));
#18141 = ORIENTED_EDGE('',*,*,#18142,.T.);
#18142 = EDGE_CURVE('',#18143,#18143,#18145,.T.);
#18143 = VERTEX_POINT('',#18144);
#18144 = CARTESIAN_POINT('',(123.71,-72.2,1.51));
#18145 = CIRCLE('',#18146,0.45);
#18146 = AXIS2_PLACEMENT_3D('',#18147,#18148,#18149);
#18147 = CARTESIAN_POINT('',(123.71,-71.75,1.51));
#18148 = DIRECTION('',(-0.,0.,-1.));
#18149 = DIRECTION('',(-3.157967714489E-14,-1.,0.));
#18150 = FACE_BOUND('',#18151,.T.);
#18151 = EDGE_LOOP('',(#18152));
#18152 = ORIENTED_EDGE('',*,*,#18153,.T.);
#18153 = EDGE_CURVE('',#18154,#18154,#18156,.T.);
#18154 = VERTEX_POINT('',#18155);
#18155 = CARTESIAN_POINT('',(126.25,-72.2,1.51));
#18156 = CIRCLE('',#18157,0.45);
#18157 = AXIS2_PLACEMENT_3D('',#18158,#18159,#18160);
#18158 = CARTESIAN_POINT('',(126.25,-71.75,1.51));
#18159 = DIRECTION('',(-0.,0.,-1.));
#18160 = DIRECTION('',(-0.,-1.,0.));
#18161 = FACE_BOUND('',#18162,.T.);
#18162 = EDGE_LOOP('',(#18163));
#18163 = ORIENTED_EDGE('',*,*,#18164,.T.);
#18164 = EDGE_CURVE('',#18165,#18165,#18167,.T.);
#18165 = VERTEX_POINT('',#18166);
#18166 = CARTESIAN_POINT('',(131.,-69.1,1.51));
#18167 = CIRCLE('',#18168,1.6);
#18168 = AXIS2_PLACEMENT_3D('',#18169,#18170,#18171);
#18169 = CARTESIAN_POINT('',(131.,-67.5,1.51));
#18170 = DIRECTION('',(-0.,0.,-1.));
#18171 = DIRECTION('',(-0.,-1.,0.));
#18172 = FACE_BOUND('',#18173,.T.);
#18173 = EDGE_LOOP('',(#18174));
#18174 = ORIENTED_EDGE('',*,*,#18175,.T.);
#18175 = EDGE_CURVE('',#18176,#18176,#18178,.T.);
#18176 = VERTEX_POINT('',#18177);
#18177 = CARTESIAN_POINT('',(112.92,-62.5,1.51));
#18178 = CIRCLE('',#18179,0.5);
#18179 = AXIS2_PLACEMENT_3D('',#18180,#18181,#18182);
#18180 = CARTESIAN_POINT('',(112.92,-62.,1.51));
#18181 = DIRECTION('',(-0.,0.,-1.));
#18182 = DIRECTION('',(-0.,-1.,0.));
#18183 = FACE_BOUND('',#18184,.T.);
#18184 = EDGE_LOOP('',(#18185));
#18185 = ORIENTED_EDGE('',*,*,#18186,.T.);
#18186 = EDGE_CURVE('',#18187,#18187,#18189,.T.);
#18187 = VERTEX_POINT('',#18188);
#18188 = CARTESIAN_POINT('',(115.46,-62.5,1.51));
#18189 = CIRCLE('',#18190,0.5);
#18190 = AXIS2_PLACEMENT_3D('',#18191,#18192,#18193);
#18191 = CARTESIAN_POINT('',(115.46,-62.,1.51));
#18192 = DIRECTION('',(-0.,0.,-1.));
#18193 = DIRECTION('',(-0.,-1.,0.));
#18194 = FACE_BOUND('',#18195,.T.);
#18195 = EDGE_LOOP('',(#18196));
#18196 = ORIENTED_EDGE('',*,*,#18197,.T.);
#18197 = EDGE_CURVE('',#18198,#18198,#18200,.T.);
#18198 = VERTEX_POINT('',#18199);
#18199 = CARTESIAN_POINT('',(118.,-62.5,1.51));
#18200 = CIRCLE('',#18201,0.5);
#18201 = AXIS2_PLACEMENT_3D('',#18202,#18203,#18204);
#18202 = CARTESIAN_POINT('',(118.,-62.,1.51));
#18203 = DIRECTION('',(-0.,0.,-1.));
#18204 = DIRECTION('',(-0.,-1.,0.));
#18205 = PLANE('',#18206);
#18206 = AXIS2_PLACEMENT_3D('',#18207,#18208,#18209);
#18207 = CARTESIAN_POINT('',(0.,0.,1.51));
#18208 = DIRECTION('',(0.,0.,1.));
#18209 = DIRECTION('',(1.,0.,-0.));
#18210 = ADVANCED_FACE('',(#18211),#18217,.T.);
#18211 = FACE_BOUND('',#18212,.T.);
#18212 = EDGE_LOOP('',(#18213,#18214,#18215,#18216));
#18213 = ORIENTED_EDGE('',*,*,#17960,.T.);
#18214 = ORIENTED_EDGE('',*,*,#18100,.T.);
#18215 = ORIENTED_EDGE('',*,*,#17920,.F.);
#18216 = ORIENTED_EDGE('',*,*,#17984,.F.);
#18217 = PLANE('',#18218);
#18218 = AXIS2_PLACEMENT_3D('',#18219,#18220,#18221);
#18219 = CARTESIAN_POINT('',(95.,-60.,0.));
#18220 = DIRECTION('',(0.,1.,0.));
#18221 = DIRECTION('',(1.,0.,0.));
#18222 = ADVANCED_FACE('',(#18223),#18234,.F.);
#18223 = FACE_BOUND('',#18224,.T.);
#18224 = EDGE_LOOP('',(#18225,#18226,#18232,#18233));
#18225 = ORIENTED_EDGE('',*,*,#17993,.T.);
#18226 = ORIENTED_EDGE('',*,*,#18227,.T.);
#18227 = EDGE_CURVE('',#17994,#18110,#18228,.T.);
#18228 = LINE('',#18229,#18230);
#18229 = CARTESIAN_POINT('',(103.75,-72.2,-4.6E-02));
#18230 = VECTOR('',#18231,1.);
#18231 = DIRECTION('',(0.,0.,1.));
#18232 = ORIENTED_EDGE('',*,*,#18109,.F.);
#18233 = ORIENTED_EDGE('',*,*,#18227,.F.);
#18234 = CYLINDRICAL_SURFACE('',#18235,0.45);
#18235 = AXIS2_PLACEMENT_3D('',#18236,#18237,#18238);
#18236 = CARTESIAN_POINT('',(103.75,-71.75,-4.6E-02));
#18237 = DIRECTION('',(-0.,-0.,-1.));
#18238 = DIRECTION('',(-0.,-1.,0.));
#18239 = ADVANCED_FACE('',(#18240),#18251,.F.);
#18240 = FACE_BOUND('',#18241,.T.);
#18241 = EDGE_LOOP('',(#18242,#18243,#18249,#18250));
#18242 = ORIENTED_EDGE('',*,*,#18004,.T.);
#18243 = ORIENTED_EDGE('',*,*,#18244,.T.);
#18244 = EDGE_CURVE('',#18005,#18121,#18245,.T.);
#18245 = LINE('',#18246,#18247);
#18246 = CARTESIAN_POINT('',(106.29,-72.2,-4.6E-02));
#18247 = VECTOR('',#18248,1.);
#18248 = DIRECTION('',(0.,0.,1.));
#18249 = ORIENTED_EDGE('',*,*,#18120,.F.);
#18250 = ORIENTED_EDGE('',*,*,#18244,.F.);
#18251 = CYLINDRICAL_SURFACE('',#18252,0.45);
#18252 = AXIS2_PLACEMENT_3D('',#18253,#18254,#18255);
#18253 = CARTESIAN_POINT('',(106.29,-71.75,-4.6E-02));
#18254 = DIRECTION('',(-0.,0.,-1.));
#18255 = DIRECTION('',(3.157967714489E-14,-1.,-0.));
#18256 = ADVANCED_FACE('',(#18257),#18268,.F.);
#18257 = FACE_BOUND('',#18258,.T.);
#18258 = EDGE_LOOP('',(#18259,#18260,#18266,#18267));
#18259 = ORIENTED_EDGE('',*,*,#18015,.T.);
#18260 = ORIENTED_EDGE('',*,*,#18261,.T.);
#18261 = EDGE_CURVE('',#18016,#18132,#18262,.T.);
#18262 = LINE('',#18263,#18264);
#18263 = CARTESIAN_POINT('',(99.,-69.1,-4.6E-02));
#18264 = VECTOR('',#18265,1.);
#18265 = DIRECTION('',(0.,0.,1.));
#18266 = ORIENTED_EDGE('',*,*,#18131,.F.);
#18267 = ORIENTED_EDGE('',*,*,#18261,.F.);
#18268 = CYLINDRICAL_SURFACE('',#18269,1.6);
#18269 = AXIS2_PLACEMENT_3D('',#18270,#18271,#18272);
#18270 = CARTESIAN_POINT('',(99.,-67.5,-4.6E-02));
#18271 = DIRECTION('',(-0.,-0.,-1.));
#18272 = DIRECTION('',(-0.,-1.,0.));
#18273 = ADVANCED_FACE('',(#18274),#18285,.F.);
#18274 = FACE_BOUND('',#18275,.T.);
#18275 = EDGE_LOOP('',(#18276,#18277,#18283,#18284));
#18276 = ORIENTED_EDGE('',*,*,#18026,.T.);
#18277 = ORIENTED_EDGE('',*,*,#18278,.T.);
#18278 = EDGE_CURVE('',#18027,#18143,#18279,.T.);
#18279 = LINE('',#18280,#18281);
#18280 = CARTESIAN_POINT('',(123.71,-72.2,-4.6E-02));
#18281 = VECTOR('',#18282,1.);
#18282 = DIRECTION('',(0.,0.,1.));
#18283 = ORIENTED_EDGE('',*,*,#18142,.F.);
#18284 = ORIENTED_EDGE('',*,*,#18278,.F.);
#18285 = CYLINDRICAL_SURFACE('',#18286,0.45);
#18286 = AXIS2_PLACEMENT_3D('',#18287,#18288,#18289);
#18287 = CARTESIAN_POINT('',(123.71,-71.75,-4.6E-02));
#18288 = DIRECTION('',(-0.,-0.,-1.));
#18289 = DIRECTION('',(-3.157967714489E-14,-1.,0.));
#18290 = ADVANCED_FACE('',(#18291),#18302,.F.);
#18291 = FACE_BOUND('',#18292,.T.);
#18292 = EDGE_LOOP('',(#18293,#18294,#18300,#18301));
#18293 = ORIENTED_EDGE('',*,*,#18037,.T.);
#18294 = ORIENTED_EDGE('',*,*,#18295,.T.);
#18295 = EDGE_CURVE('',#18038,#18154,#18296,.T.);
#18296 = LINE('',#18297,#18298);
#18297 = CARTESIAN_POINT('',(126.25,-72.2,-4.6E-02));
#18298 = VECTOR('',#18299,1.);
#18299 = DIRECTION('',(0.,0.,1.));
#18300 = ORIENTED_EDGE('',*,*,#18153,.F.);
#18301 = ORIENTED_EDGE('',*,*,#18295,.F.);
#18302 = CYLINDRICAL_SURFACE('',#18303,0.45);
#18303 = AXIS2_PLACEMENT_3D('',#18304,#18305,#18306);
#18304 = CARTESIAN_POINT('',(126.25,-71.75,-4.6E-02));
#18305 = DIRECTION('',(-0.,-0.,-1.));
#18306 = DIRECTION('',(-0.,-1.,0.));
#18307 = ADVANCED_FACE('',(#18308),#18319,.F.);
#18308 = FACE_BOUND('',#18309,.T.);
#18309 = EDGE_LOOP('',(#18310,#18311,#18317,#18318));
#18310 = ORIENTED_EDGE('',*,*,#18048,.T.);
#18311 = ORIENTED_EDGE('',*,*,#18312,.T.);
#18312 = EDGE_CURVE('',#18049,#18165,#18313,.T.);
#18313 = LINE('',#18314,#18315);
#18314 = CARTESIAN_POINT('',(131.,-69.1,-4.6E-02));
#18315 = VECTOR('',#18316,1.);
#18316 = DIRECTION('',(0.,0.,1.));
#18317 = ORIENTED_EDGE('',*,*,#18164,.F.);
#18318 = ORIENTED_EDGE('',*,*,#18312,.F.);
#18319 = CYLINDRICAL_SURFACE('',#18320,1.6);
#18320 = AXIS2_PLACEMENT_3D('',#18321,#18322,#18323);
#18321 = CARTESIAN_POINT('',(131.,-67.5,-4.6E-02));
#18322 = DIRECTION('',(-0.,-0.,-1.));
#18323 = DIRECTION('',(-0.,-1.,0.));
#18324 = ADVANCED_FACE('',(#18325),#18336,.F.);
#18325 = FACE_BOUND('',#18326,.T.);
#18326 = EDGE_LOOP('',(#18327,#18328,#18334,#18335));
#18327 = ORIENTED_EDGE('',*,*,#18059,.T.);
#18328 = ORIENTED_EDGE('',*,*,#18329,.T.);
#18329 = EDGE_CURVE('',#18060,#18176,#18330,.T.);
#18330 = LINE('',#18331,#18332);
#18331 = CARTESIAN_POINT('',(112.92,-62.5,-4.6E-02));
#18332 = VECTOR('',#18333,1.);
#18333 = DIRECTION('',(0.,0.,1.));
#18334 = ORIENTED_EDGE('',*,*,#18175,.F.);
#18335 = ORIENTED_EDGE('',*,*,#18329,.F.);
#18336 = CYLINDRICAL_SURFACE('',#18337,0.5);
#18337 = AXIS2_PLACEMENT_3D('',#18338,#18339,#18340);
#18338 = CARTESIAN_POINT('',(112.92,-62.,-4.6E-02));
#18339 = DIRECTION('',(-0.,-0.,-1.));
#18340 = DIRECTION('',(-0.,-1.,0.));
#18341 = ADVANCED_FACE('',(#18342),#18353,.F.);
#18342 = FACE_BOUND('',#18343,.T.);
#18343 = EDGE_LOOP('',(#18344,#18345,#18351,#18352));
#18344 = ORIENTED_EDGE('',*,*,#18070,.T.);
#18345 = ORIENTED_EDGE('',*,*,#18346,.T.);
#18346 = EDGE_CURVE('',#18071,#18187,#18347,.T.);
#18347 = LINE('',#18348,#18349);
#18348 = CARTESIAN_POINT('',(115.46,-62.5,-4.6E-02));
#18349 = VECTOR('',#18350,1.);
#18350 = DIRECTION('',(0.,0.,1.));
#18351 = ORIENTED_EDGE('',*,*,#18186,.F.);
#18352 = ORIENTED_EDGE('',*,*,#18346,.F.);
#18353 = CYLINDRICAL_SURFACE('',#18354,0.5);
#18354 = AXIS2_PLACEMENT_3D('',#18355,#18356,#18357);
#18355 = CARTESIAN_POINT('',(115.46,-62.,-4.6E-02));
#18356 = DIRECTION('',(-0.,-0.,-1.));
#18357 = DIRECTION('',(-0.,-1.,0.));
#18358 = ADVANCED_FACE('',(#18359),#18370,.F.);
#18359 = FACE_BOUND('',#18360,.T.);
#18360 = EDGE_LOOP('',(#18361,#18362,#18368,#18369));
#18361 = ORIENTED_EDGE('',*,*,#18081,.T.);
#18362 = ORIENTED_EDGE('',*,*,#18363,.T.);
#18363 = EDGE_CURVE('',#18082,#18198,#18364,.T.);
#18364 = LINE('',#18365,#18366);
#18365 = CARTESIAN_POINT('',(118.,-62.5,-4.6E-02));
#18366 = VECTOR('',#18367,1.);
#18367 = DIRECTION('',(0.,0.,1.));
#18368 = ORIENTED_EDGE('',*,*,#18197,.F.);
#18369 = ORIENTED_EDGE('',*,*,#18363,.F.);
#18370 = CYLINDRICAL_SURFACE('',#18371,0.5);
#18371 = AXIS2_PLACEMENT_3D('',#18372,#18373,#18374);
#18372 = CARTESIAN_POINT('',(118.,-62.,-4.6E-02));
#18373 = DIRECTION('',(-0.,-0.,-1.));
#18374 = DIRECTION('',(-0.,-1.,0.));
#18375 = ( GEOMETRIC_REPRESENTATION_CONTEXT(3) 
GLOBAL_UNCERTAINTY_ASSIGNED_CONTEXT((#18379)) 
GLOBAL_UNIT_ASSIGNED_CONTEXT((#18376,#18377,#18378)) 
REPRESENTATION_CONTEXT('Context #1',
  '3D Context with UNIT and UNCERTAINTY') );
#18376 = ( LENGTH_UNIT() NAMED_UNIT(*) SI_UNIT(.MILLI.,.METRE.) );
#18377 = ( NAMED_UNIT(*) PLANE_ANGLE_UNIT() SI_UNIT($,.RADIAN.) );
#18378 = ( NAMED_UNIT(*) SI_UNIT($,.STERADIAN.) SOLID_ANGLE_UNIT() );
#18379 = UNCERTAINTY_MEASURE_WITH_UNIT(LENGTH_MEASURE(1.E-07),#18376,
  'distance_accuracy_value','confusion accuracy');
#18380 = CONTEXT_DEPENDENT_SHAPE_REPRESENTATION(#18381,#18383);
#18381 = ( REPRESENTATION_RELATIONSHIP('','',#17873,#10) 
REPRESENTATION_RELATIONSHIP_WITH_TRANSFORMATION(#18382) 
SHAPE_REPRESENTATION_RELATIONSHIP() );
#18382 = ITEM_DEFINED_TRANSFORMATION('','',#11,#55);
#18383 = PRODUCT_DEFINITION_SHAPE('Placement','Placement of an item',
  #18384);
#18384 = NEXT_ASSEMBLY_USAGE_OCCURRENCE('11','=>[0:1:1:10]','',#5,#17868
  ,$);
#18385 = PRODUCT_RELATED_PRODUCT_CATEGORY('part',$,(#17870));
#18386 = MECHANICAL_DESIGN_GEOMETRIC_PRESENTATION_REPRESENTATION('',(
    #18387),#18375);
#18387 = STYLED_ITEM('color',(#18388),#17874);
#18388 = PRESENTATION_STYLE_ASSIGNMENT((#18389));
#18389 = SURFACE_STYLE_USAGE(.BOTH.,#18390);
#18390 = SURFACE_SIDE_STYLE('',(#18391));
#18391 = SURFACE_STYLE_FILL_AREA(#18392);
#18392 = FILL_AREA_STYLE('',(#18393));
#18393 = FILL_AREA_STYLE_COLOUR('',#18394);
#18394 = COLOUR_RGB('',0.583831500637,0.583831500637,0.583831500637);
#18395 = MECHANICAL_DESIGN_GEOMETRIC_PRESENTATION_REPRESENTATION('',(
    #18396,#18404,#18411,#18418,#18425,#18432,#18439,#18447,#18454,
    #18461,#18468,#18475,#18482,#18489,#18496,#18503),#1314);
#18396 = STYLED_ITEM('color',(#18397),#884);
#18397 = PRESENTATION_STYLE_ASSIGNMENT((#18398));
#18398 = SURFACE_STYLE_USAGE(.BOTH.,#18399);
#18399 = SURFACE_SIDE_STYLE('',(#18400));
#18400 = SURFACE_STYLE_FILL_AREA(#18401);
#18401 = FILL_AREA_STYLE('',(#18402));
#18402 = FILL_AREA_STYLE_COLOUR('',#18403);
#18403 = COLOUR_RGB('',0.699999984889,9.999999991362E-02,
  5.000000142576E-02);
#18404 = STYLED_ITEM('color',(#18405),#901);
#18405 = PRESENTATION_STYLE_ASSIGNMENT((#18406));
#18406 = SURFACE_STYLE_USAGE(.BOTH.,#18407);
#18407 = SURFACE_SIDE_STYLE('',(#18408));
#18408 = SURFACE_STYLE_FILL_AREA(#18409);
#18409 = FILL_AREA_STYLE('',(#18410));
#18410 = FILL_AREA_STYLE_COLOUR('',#18403);
#18411 = STYLED_ITEM('color',(#18412),#935);
#18412 = PRESENTATION_STYLE_ASSIGNMENT((#18413));
#18413 = SURFACE_STYLE_USAGE(.BOTH.,#18414);
#18414 = SURFACE_SIDE_STYLE('',(#18415));
#18415 = SURFACE_STYLE_FILL_AREA(#18416);
#18416 = FILL_AREA_STYLE('',(#18417));
#18417 = FILL_AREA_STYLE_COLOUR('',#18403);
#18418 = STYLED_ITEM('color',(#18419),#970);
#18419 = PRESENTATION_STYLE_ASSIGNMENT((#18420));
#18420 = SURFACE_STYLE_USAGE(.BOTH.,#18421);
#18421 = SURFACE_SIDE_STYLE('',(#18422));
#18422 = SURFACE_STYLE_FILL_AREA(#18423);
#18423 = FILL_AREA_STYLE('',(#18424));
#18424 = FILL_AREA_STYLE_COLOUR('',#18403);
#18425 = STYLED_ITEM('color',(#18426),#1002);
#18426 = PRESENTATION_STYLE_ASSIGNMENT((#18427));
#18427 = SURFACE_STYLE_USAGE(.BOTH.,#18428);
#18428 = SURFACE_SIDE_STYLE('',(#18429));
#18429 = SURFACE_STYLE_FILL_AREA(#18430);
#18430 = FILL_AREA_STYLE('',(#18431));
#18431 = FILL_AREA_STYLE_COLOUR('',#18403);
#18432 = STYLED_ITEM('color',(#18433),#1020);
#18433 = PRESENTATION_STYLE_ASSIGNMENT((#18434));
#18434 = SURFACE_STYLE_USAGE(.BOTH.,#18435);
#18435 = SURFACE_SIDE_STYLE('',(#18436));
#18436 = SURFACE_STYLE_FILL_AREA(#18437);
#18437 = FILL_AREA_STYLE('',(#18438));
#18438 = FILL_AREA_STYLE_COLOUR('',#18403);
#18439 = STYLED_ITEM('color',(#18440),#1098);
#18440 = PRESENTATION_STYLE_ASSIGNMENT((#18441));
#18441 = SURFACE_STYLE_USAGE(.BOTH.,#18442);
#18442 = SURFACE_SIDE_STYLE('',(#18443));
#18443 = SURFACE_STYLE_FILL_AREA(#18444);
#18444 = FILL_AREA_STYLE('',(#18445));
#18445 = FILL_AREA_STYLE_COLOUR('',#18446);
#18446 = COLOUR_RGB('',0.823999987314,0.819999987296,0.781000009244);
#18447 = STYLED_ITEM('color',(#18448),#1129);
#18448 = PRESENTATION_STYLE_ASSIGNMENT((#18449));
#18449 = SURFACE_STYLE_USAGE(.BOTH.,#18450);
#18450 = SURFACE_SIDE_STYLE('',(#18451));
#18451 = SURFACE_STYLE_FILL_AREA(#18452);
#18452 = FILL_AREA_STYLE('',(#18453));
#18453 = FILL_AREA_STYLE_COLOUR('',#18446);
#18454 = STYLED_ITEM('color',(#18455),#1153);
#18455 = PRESENTATION_STYLE_ASSIGNMENT((#18456));
#18456 = SURFACE_STYLE_USAGE(.BOTH.,#18457);
#18457 = SURFACE_SIDE_STYLE('',(#18458));
#18458 = SURFACE_STYLE_FILL_AREA(#18459);
#18459 = FILL_AREA_STYLE('',(#18460));
#18460 = FILL_AREA_STYLE_COLOUR('',#18446);
#18461 = STYLED_ITEM('color',(#18462),#1177);
#18462 = PRESENTATION_STYLE_ASSIGNMENT((#18463));
#18463 = SURFACE_STYLE_USAGE(.BOTH.,#18464);
#18464 = SURFACE_SIDE_STYLE('',(#18465));
#18465 = SURFACE_STYLE_FILL_AREA(#18466);
#18466 = FILL_AREA_STYLE('',(#18467));
#18467 = FILL_AREA_STYLE_COLOUR('',#18446);
#18468 = STYLED_ITEM('color',(#18469),#1194);
#18469 = PRESENTATION_STYLE_ASSIGNMENT((#18470));
#18470 = SURFACE_STYLE_USAGE(.BOTH.,#18471);
#18471 = SURFACE_SIDE_STYLE('',(#18472));
#18472 = SURFACE_STYLE_FILL_AREA(#18473);
#18473 = FILL_AREA_STYLE('',(#18474));
#18474 = FILL_AREA_STYLE_COLOUR('',#18446);
#18475 = STYLED_ITEM('color',(#18476),#1225);
#18476 = PRESENTATION_STYLE_ASSIGNMENT((#18477));
#18477 = SURFACE_STYLE_USAGE(.BOTH.,#18478);
#18478 = SURFACE_SIDE_STYLE('',(#18479));
#18479 = SURFACE_STYLE_FILL_AREA(#18480);
#18480 = FILL_AREA_STYLE('',(#18481));
#18481 = FILL_AREA_STYLE_COLOUR('',#18446);
#18482 = STYLED_ITEM('color',(#18483),#1249);
#18483 = PRESENTATION_STYLE_ASSIGNMENT((#18484));
#18484 = SURFACE_STYLE_USAGE(.BOTH.,#18485);
#18485 = SURFACE_SIDE_STYLE('',(#18486));
#18486 = SURFACE_STYLE_FILL_AREA(#18487);
#18487 = FILL_AREA_STYLE('',(#18488));
#18488 = FILL_AREA_STYLE_COLOUR('',#18446);
#18489 = STYLED_ITEM('color',(#18490),#1273);
#18490 = PRESENTATION_STYLE_ASSIGNMENT((#18491));
#18491 = SURFACE_STYLE_USAGE(.BOTH.,#18492);
#18492 = SURFACE_SIDE_STYLE('',(#18493));
#18493 = SURFACE_STYLE_FILL_AREA(#18494);
#18494 = FILL_AREA_STYLE('',(#18495));
#18495 = FILL_AREA_STYLE_COLOUR('',#18446);
#18496 = STYLED_ITEM('color',(#18497),#1290);
#18497 = PRESENTATION_STYLE_ASSIGNMENT((#18498));
#18498 = SURFACE_STYLE_USAGE(.BOTH.,#18499);
#18499 = SURFACE_SIDE_STYLE('',(#18500));
#18500 = SURFACE_STYLE_FILL_AREA(#18501);
#18501 = FILL_AREA_STYLE('',(#18502));
#18502 = FILL_AREA_STYLE_COLOUR('',#18446);
#18503 = STYLED_ITEM('color',(#18504),#1302);
#18504 = PRESENTATION_STYLE_ASSIGNMENT((#18505));
#18505 = SURFACE_STYLE_USAGE(.BOTH.,#18506);
#18506 = SURFACE_SIDE_STYLE('',(#18507));
#18507 = SURFACE_STYLE_FILL_AREA(#18508);
#18508 = FILL_AREA_STYLE('',(#18509));
#18509 = FILL_AREA_STYLE_COLOUR('',#18446);
#18510 = MECHANICAL_DESIGN_GEOMETRIC_PRESENTATION_REPRESENTATION('',(
    #18511),#17626);
#18511 = STYLED_ITEM('color',(#18512),#17138);
#18512 = PRESENTATION_STYLE_ASSIGNMENT((#18513));
#18513 = SURFACE_STYLE_USAGE(.BOTH.,#18514);
#18514 = SURFACE_SIDE_STYLE('',(#18515,#18519));
#18515 = SURFACE_STYLE_FILL_AREA(#18516);
#18516 = FILL_AREA_STYLE('',(#18517));
#18517 = FILL_AREA_STYLE_COLOUR('',#18518);
#18518 = COLOUR_RGB('',0.313304153717,0.484529207832,0.410020903123);
#18519 = SURFACE_STYLE_RENDERING_WITH_PROPERTIES(.NORMAL_SHADING.,#18518
  ,(#18520));
#18520 = SURFACE_STYLE_TRANSPARENT(0.170000016689);
#18521 = MECHANICAL_DESIGN_GEOMETRIC_PRESENTATION_REPRESENTATION('',(
    #18522,#18532,#18541,#18550),#17117);
#18522 = STYLED_ITEM('color',(#18523),#16679);
#18523 = PRESENTATION_STYLE_ASSIGNMENT((#18524));
#18524 = SURFACE_STYLE_USAGE(.BOTH.,#18525);
#18525 = SURFACE_SIDE_STYLE('',(#18526,#18530));
#18526 = SURFACE_STYLE_FILL_AREA(#18527);
#18527 = FILL_AREA_STYLE('',(#18528));
#18528 = FILL_AREA_STYLE_COLOUR('',#18529);
#18529 = DRAUGHTING_PRE_DEFINED_COLOUR('white');
#18530 = SURFACE_STYLE_RENDERING_WITH_PROPERTIES(.NORMAL_SHADING.,#18529
  ,(#18531));
#18531 = SURFACE_STYLE_TRANSPARENT(0.100000023842);
#18532 = STYLED_ITEM('color',(#18533),#16836);
#18533 = PRESENTATION_STYLE_ASSIGNMENT((#18534));
#18534 = SURFACE_STYLE_USAGE(.BOTH.,#18535);
#18535 = SURFACE_SIDE_STYLE('',(#18536,#18539));
#18536 = SURFACE_STYLE_FILL_AREA(#18537);
#18537 = FILL_AREA_STYLE('',(#18538));
#18538 = FILL_AREA_STYLE_COLOUR('',#18529);
#18539 = SURFACE_STYLE_RENDERING_WITH_PROPERTIES(.NORMAL_SHADING.,#18529
  ,(#18540));
#18540 = SURFACE_STYLE_TRANSPARENT(0.100000023842);
#18541 = STYLED_ITEM('color',(#18542),#16930);
#18542 = PRESENTATION_STYLE_ASSIGNMENT((#18543));
#18543 = SURFACE_STYLE_USAGE(.BOTH.,#18544);
#18544 = SURFACE_SIDE_STYLE('',(#18545,#18548));
#18545 = SURFACE_STYLE_FILL_AREA(#18546);
#18546 = FILL_AREA_STYLE('',(#18547));
#18547 = FILL_AREA_STYLE_COLOUR('',#18529);
#18548 = SURFACE_STYLE_RENDERING_WITH_PROPERTIES(.NORMAL_SHADING.,#18529
  ,(#18549));
#18549 = SURFACE_STYLE_TRANSPARENT(0.100000023842);
#18550 = STYLED_ITEM('color',(#18551),#17042);
#18551 = PRESENTATION_STYLE_ASSIGNMENT((#18552));
#18552 = SURFACE_STYLE_USAGE(.BOTH.,#18553);
#18553 = SURFACE_SIDE_STYLE('',(#18554,#18557));
#18554 = SURFACE_STYLE_FILL_AREA(#18555);
#18555 = FILL_AREA_STYLE('',(#18556));
#18556 = FILL_AREA_STYLE_COLOUR('',#18529);
#18557 = SURFACE_STYLE_RENDERING_WITH_PROPERTIES(.NORMAL_SHADING.,#18529
  ,(#18558));
#18558 = SURFACE_STYLE_TRANSPARENT(0.100000023842);
#18559 = MECHANICAL_DESIGN_GEOMETRIC_PRESENTATION_REPRESENTATION('',(
    #18560,#18567,#18574,#18581,#18588,#18595,#18602,#18609,#18617,
    #18624,#18631,#18638,#18645,#18652,#18660,#18667,#18674,#18681,
    #18688,#18695,#18702,#18709,#18716,#18723,#18730,#18737),#863);
#18560 = STYLED_ITEM('color',(#18561),#75);
#18561 = PRESENTATION_STYLE_ASSIGNMENT((#18562));
#18562 = SURFACE_STYLE_USAGE(.BOTH.,#18563);
#18563 = SURFACE_SIDE_STYLE('',(#18564));
#18564 = SURFACE_STYLE_FILL_AREA(#18565);
#18565 = FILL_AREA_STYLE('',(#18566));
#18566 = FILL_AREA_STYLE_COLOUR('',#18446);
#18567 = STYLED_ITEM('color',(#18568),#115);
#18568 = PRESENTATION_STYLE_ASSIGNMENT((#18569));
#18569 = SURFACE_STYLE_USAGE(.BOTH.,#18570);
#18570 = SURFACE_SIDE_STYLE('',(#18571));
#18571 = SURFACE_STYLE_FILL_AREA(#18572);
#18572 = FILL_AREA_STYLE('',(#18573));
#18573 = FILL_AREA_STYLE_COLOUR('',#18446);
#18574 = STYLED_ITEM('color',(#18575),#198);
#18575 = PRESENTATION_STYLE_ASSIGNMENT((#18576));
#18576 = SURFACE_STYLE_USAGE(.BOTH.,#18577);
#18577 = SURFACE_SIDE_STYLE('',(#18578));
#18578 = SURFACE_STYLE_FILL_AREA(#18579);
#18579 = FILL_AREA_STYLE('',(#18580));
#18580 = FILL_AREA_STYLE_COLOUR('',#18446);
#18581 = STYLED_ITEM('color',(#18582),#223);
#18582 = PRESENTATION_STYLE_ASSIGNMENT((#18583));
#18583 = SURFACE_STYLE_USAGE(.BOTH.,#18584);
#18584 = SURFACE_SIDE_STYLE('',(#18585));
#18585 = SURFACE_STYLE_FILL_AREA(#18586);
#18586 = FILL_AREA_STYLE('',(#18587));
#18587 = FILL_AREA_STYLE_COLOUR('',#18446);
#18588 = STYLED_ITEM('color',(#18589),#248);
#18589 = PRESENTATION_STYLE_ASSIGNMENT((#18590));
#18590 = SURFACE_STYLE_USAGE(.BOTH.,#18591);
#18591 = SURFACE_SIDE_STYLE('',(#18592));
#18592 = SURFACE_STYLE_FILL_AREA(#18593);
#18593 = FILL_AREA_STYLE('',(#18594));
#18594 = FILL_AREA_STYLE_COLOUR('',#18446);
#18595 = STYLED_ITEM('color',(#18596),#315);
#18596 = PRESENTATION_STYLE_ASSIGNMENT((#18597));
#18597 = SURFACE_STYLE_USAGE(.BOTH.,#18598);
#18598 = SURFACE_SIDE_STYLE('',(#18599));
#18599 = SURFACE_STYLE_FILL_AREA(#18600);
#18600 = FILL_AREA_STYLE('',(#18601));
#18601 = FILL_AREA_STYLE_COLOUR('',#18446);
#18602 = STYLED_ITEM('color',(#18603),#332);
#18603 = PRESENTATION_STYLE_ASSIGNMENT((#18604));
#18604 = SURFACE_STYLE_USAGE(.BOTH.,#18605);
#18605 = SURFACE_SIDE_STYLE('',(#18606));
#18606 = SURFACE_STYLE_FILL_AREA(#18607);
#18607 = FILL_AREA_STYLE('',(#18608));
#18608 = FILL_AREA_STYLE_COLOUR('',#18446);
#18609 = STYLED_ITEM('color',(#18610),#349);
#18610 = PRESENTATION_STYLE_ASSIGNMENT((#18611));
#18611 = SURFACE_STYLE_USAGE(.BOTH.,#18612);
#18612 = SURFACE_SIDE_STYLE('',(#18613));
#18613 = SURFACE_STYLE_FILL_AREA(#18614);
#18614 = FILL_AREA_STYLE('',(#18615));
#18615 = FILL_AREA_STYLE_COLOUR('',#18616);
#18616 = COLOUR_RGB('',0.894999966383,0.890999961016,0.813000030345);
#18617 = STYLED_ITEM('color',(#18618),#398);
#18618 = PRESENTATION_STYLE_ASSIGNMENT((#18619));
#18619 = SURFACE_STYLE_USAGE(.BOTH.,#18620);
#18620 = SURFACE_SIDE_STYLE('',(#18621));
#18621 = SURFACE_STYLE_FILL_AREA(#18622);
#18622 = FILL_AREA_STYLE('',(#18623));
#18623 = FILL_AREA_STYLE_COLOUR('',#18446);
#18624 = STYLED_ITEM('color',(#18625),#415);
#18625 = PRESENTATION_STYLE_ASSIGNMENT((#18626));
#18626 = SURFACE_STYLE_USAGE(.BOTH.,#18627);
#18627 = SURFACE_SIDE_STYLE('',(#18628));
#18628 = SURFACE_STYLE_FILL_AREA(#18629);
#18629 = FILL_AREA_STYLE('',(#18630));
#18630 = FILL_AREA_STYLE_COLOUR('',#18446);
#18631 = STYLED_ITEM('color',(#18632),#432);
#18632 = PRESENTATION_STYLE_ASSIGNMENT((#18633));
#18633 = SURFACE_STYLE_USAGE(.BOTH.,#18634);
#18634 = SURFACE_SIDE_STYLE('',(#18635));
#18635 = SURFACE_STYLE_FILL_AREA(#18636);
#18636 = FILL_AREA_STYLE('',(#18637));
#18637 = FILL_AREA_STYLE_COLOUR('',#18616);
#18638 = STYLED_ITEM('color',(#18639),#481);
#18639 = PRESENTATION_STYLE_ASSIGNMENT((#18640));
#18640 = SURFACE_STYLE_USAGE(.BOTH.,#18641);
#18641 = SURFACE_SIDE_STYLE('',(#18642));
#18642 = SURFACE_STYLE_FILL_AREA(#18643);
#18643 = FILL_AREA_STYLE('',(#18644));
#18644 = FILL_AREA_STYLE_COLOUR('',#18616);
#18645 = STYLED_ITEM('color',(#18646),#498);
#18646 = PRESENTATION_STYLE_ASSIGNMENT((#18647));
#18647 = SURFACE_STYLE_USAGE(.BOTH.,#18648);
#18648 = SURFACE_SIDE_STYLE('',(#18649));
#18649 = SURFACE_STYLE_FILL_AREA(#18650);
#18650 = FILL_AREA_STYLE('',(#18651));
#18651 = FILL_AREA_STYLE_COLOUR('',#18446);
#18652 = STYLED_ITEM('color',(#18653),#567);
#18653 = PRESENTATION_STYLE_ASSIGNMENT((#18654));
#18654 = SURFACE_STYLE_USAGE(.BOTH.,#18655);
#18655 = SURFACE_SIDE_STYLE('',(#18656));
#18656 = SURFACE_STYLE_FILL_AREA(#18657);
#18657 = FILL_AREA_STYLE('',(#18658));
#18658 = FILL_AREA_STYLE_COLOUR('',#18659);
#18659 = COLOUR_RGB('',8.200000279077E-02,8.600000121357E-02,
  9.399999706163E-02);
#18660 = STYLED_ITEM('color',(#18661),#598);
#18661 = PRESENTATION_STYLE_ASSIGNMENT((#18662));
#18662 = SURFACE_STYLE_USAGE(.BOTH.,#18663);
#18663 = SURFACE_SIDE_STYLE('',(#18664));
#18664 = SURFACE_STYLE_FILL_AREA(#18665);
#18665 = FILL_AREA_STYLE('',(#18666));
#18666 = FILL_AREA_STYLE_COLOUR('',#18659);
#18667 = STYLED_ITEM('color',(#18668),#622);
#18668 = PRESENTATION_STYLE_ASSIGNMENT((#18669));
#18669 = SURFACE_STYLE_USAGE(.BOTH.,#18670);
#18670 = SURFACE_SIDE_STYLE('',(#18671));
#18671 = SURFACE_STYLE_FILL_AREA(#18672);
#18672 = FILL_AREA_STYLE('',(#18673));
#18673 = FILL_AREA_STYLE_COLOUR('',#18446);
#18674 = STYLED_ITEM('color',(#18675),#691);
#18675 = PRESENTATION_STYLE_ASSIGNMENT((#18676));
#18676 = SURFACE_STYLE_USAGE(.BOTH.,#18677);
#18677 = SURFACE_SIDE_STYLE('',(#18678));
#18678 = SURFACE_STYLE_FILL_AREA(#18679);
#18679 = FILL_AREA_STYLE('',(#18680));
#18680 = FILL_AREA_STYLE_COLOUR('',#18659);
#18681 = STYLED_ITEM('color',(#18682),#715);
#18682 = PRESENTATION_STYLE_ASSIGNMENT((#18683));
#18683 = SURFACE_STYLE_USAGE(.BOTH.,#18684);
#18684 = SURFACE_SIDE_STYLE('',(#18685));
#18685 = SURFACE_STYLE_FILL_AREA(#18686);
#18686 = FILL_AREA_STYLE('',(#18687));
#18687 = FILL_AREA_STYLE_COLOUR('',#18446);
#18688 = STYLED_ITEM('color',(#18689),#732);
#18689 = PRESENTATION_STYLE_ASSIGNMENT((#18690));
#18690 = SURFACE_STYLE_USAGE(.BOTH.,#18691);
#18691 = SURFACE_SIDE_STYLE('',(#18692));
#18692 = SURFACE_STYLE_FILL_AREA(#18693);
#18693 = FILL_AREA_STYLE('',(#18694));
#18694 = FILL_AREA_STYLE_COLOUR('',#18446);
#18695 = STYLED_ITEM('color',(#18696),#749);
#18696 = PRESENTATION_STYLE_ASSIGNMENT((#18697));
#18697 = SURFACE_STYLE_USAGE(.BOTH.,#18698);
#18698 = SURFACE_SIDE_STYLE('',(#18699));
#18699 = SURFACE_STYLE_FILL_AREA(#18700);
#18700 = FILL_AREA_STYLE('',(#18701));
#18701 = FILL_AREA_STYLE_COLOUR('',#18446);
#18702 = STYLED_ITEM('color',(#18703),#766);
#18703 = PRESENTATION_STYLE_ASSIGNMENT((#18704));
#18704 = SURFACE_STYLE_USAGE(.BOTH.,#18705);
#18705 = SURFACE_SIDE_STYLE('',(#18706));
#18706 = SURFACE_STYLE_FILL_AREA(#18707);
#18707 = FILL_AREA_STYLE('',(#18708));
#18708 = FILL_AREA_STYLE_COLOUR('',#18446);
#18709 = STYLED_ITEM('color',(#18710),#783);
#18710 = PRESENTATION_STYLE_ASSIGNMENT((#18711));
#18711 = SURFACE_STYLE_USAGE(.BOTH.,#18712);
#18712 = SURFACE_SIDE_STYLE('',(#18713));
#18713 = SURFACE_STYLE_FILL_AREA(#18714);
#18714 = FILL_AREA_STYLE('',(#18715));
#18715 = FILL_AREA_STYLE_COLOUR('',#18446);
#18716 = STYLED_ITEM('color',(#18717),#800);
#18717 = PRESENTATION_STYLE_ASSIGNMENT((#18718));
#18718 = SURFACE_STYLE_USAGE(.BOTH.,#18719);
#18719 = SURFACE_SIDE_STYLE('',(#18720));
#18720 = SURFACE_STYLE_FILL_AREA(#18721);
#18721 = FILL_AREA_STYLE('',(#18722));
#18722 = FILL_AREA_STYLE_COLOUR('',#18446);
#18723 = STYLED_ITEM('color',(#18724),#817);
#18724 = PRESENTATION_STYLE_ASSIGNMENT((#18725));
#18725 = SURFACE_STYLE_USAGE(.BOTH.,#18726);
#18726 = SURFACE_SIDE_STYLE('',(#18727));
#18727 = SURFACE_STYLE_FILL_AREA(#18728);
#18728 = FILL_AREA_STYLE('',(#18729));
#18729 = FILL_AREA_STYLE_COLOUR('',#18446);
#18730 = STYLED_ITEM('color',(#18731),#834);
#18731 = PRESENTATION_STYLE_ASSIGNMENT((#18732));
#18732 = SURFACE_STYLE_USAGE(.BOTH.,#18733);
#18733 = SURFACE_SIDE_STYLE('',(#18734));
#18734 = SURFACE_STYLE_FILL_AREA(#18735);
#18735 = FILL_AREA_STYLE('',(#18736));
#18736 = FILL_AREA_STYLE_COLOUR('',#18659);
#18737 = STYLED_ITEM('color',(#18738),#851);
#18738 = PRESENTATION_STYLE_ASSIGNMENT((#18739));
#18739 = SURFACE_STYLE_USAGE(.BOTH.,#18740);
#18740 = SURFACE_SIDE_STYLE('',(#18741));
#18741 = SURFACE_STYLE_FILL_AREA(#18742);
#18742 = FILL_AREA_STYLE('',(#18743));
#18743 = FILL_AREA_STYLE_COLOUR('',#18659);
#18744 = MECHANICAL_DESIGN_GEOMETRIC_PRESENTATION_REPRESENTATION('',(
    #18745,#18753,#18760,#18767,#18774,#18781,#18788,#18795,#18802,
    #18809,#18816,#18823,#18830,#18837,#18844,#18851,#18858,#18865,
    #18872,#18879,#18886,#18893,#18900,#18908,#18915,#18922,#18929,
    #18936,#18943,#18950,#18957,#18964,#18971,#18978,#18985,#18992,
    #18999,#19006,#19013,#19020,#19027,#19034,#19041,#19048,#19055,
    #19062,#19069,#19076,#19083,#19090,#19097,#19104,#19111,#19118,
    #19125,#19132,#19139,#19146,#19153,#19160,#19167,#19174,#19181,
    #19188,#19195,#19202,#19209,#19216,#19223,#19230,#19237,#19244,
    #19251,#19258,#19265,#19272),#3449);
#18745 = STYLED_ITEM('color',(#18746),#1345);
#18746 = PRESENTATION_STYLE_ASSIGNMENT((#18747));
#18747 = SURFACE_STYLE_USAGE(.BOTH.,#18748);
#18748 = SURFACE_SIDE_STYLE('',(#18749));
#18749 = SURFACE_STYLE_FILL_AREA(#18750);
#18750 = FILL_AREA_STYLE('',(#18751));
#18751 = FILL_AREA_STYLE_COLOUR('',#18752);
#18752 = COLOUR_RGB('',0.147999998088,0.144999993226,0.144999993226);
#18753 = STYLED_ITEM('color',(#18754),#1385);
#18754 = PRESENTATION_STYLE_ASSIGNMENT((#18755));
#18755 = SURFACE_STYLE_USAGE(.BOTH.,#18756);
#18756 = SURFACE_SIDE_STYLE('',(#18757));
#18757 = SURFACE_STYLE_FILL_AREA(#18758);
#18758 = FILL_AREA_STYLE('',(#18759));
#18759 = FILL_AREA_STYLE_COLOUR('',#18752);
#18760 = STYLED_ITEM('color',(#18761),#1416);
#18761 = PRESENTATION_STYLE_ASSIGNMENT((#18762));
#18762 = SURFACE_STYLE_USAGE(.BOTH.,#18763);
#18763 = SURFACE_SIDE_STYLE('',(#18764));
#18764 = SURFACE_STYLE_FILL_AREA(#18765);
#18765 = FILL_AREA_STYLE('',(#18766));
#18766 = FILL_AREA_STYLE_COLOUR('',#18752);
#18767 = STYLED_ITEM('color',(#18768),#1447);
#18768 = PRESENTATION_STYLE_ASSIGNMENT((#18769));
#18769 = SURFACE_STYLE_USAGE(.BOTH.,#18770);
#18770 = SURFACE_SIDE_STYLE('',(#18771));
#18771 = SURFACE_STYLE_FILL_AREA(#18772);
#18772 = FILL_AREA_STYLE('',(#18773));
#18773 = FILL_AREA_STYLE_COLOUR('',#18752);
#18774 = STYLED_ITEM('color',(#18775),#1694);
#18775 = PRESENTATION_STYLE_ASSIGNMENT((#18776));
#18776 = SURFACE_STYLE_USAGE(.BOTH.,#18777);
#18777 = SURFACE_SIDE_STYLE('',(#18778));
#18778 = SURFACE_STYLE_FILL_AREA(#18779);
#18779 = FILL_AREA_STYLE('',(#18780));
#18780 = FILL_AREA_STYLE_COLOUR('',#18752);
#18781 = STYLED_ITEM('color',(#18782),#1941);
#18782 = PRESENTATION_STYLE_ASSIGNMENT((#18783));
#18783 = SURFACE_STYLE_USAGE(.BOTH.,#18784);
#18784 = SURFACE_SIDE_STYLE('',(#18785));
#18785 = SURFACE_STYLE_FILL_AREA(#18786);
#18786 = FILL_AREA_STYLE('',(#18787));
#18787 = FILL_AREA_STYLE_COLOUR('',#18752);
#18788 = STYLED_ITEM('color',(#18789),#1958);
#18789 = PRESENTATION_STYLE_ASSIGNMENT((#18790));
#18790 = SURFACE_STYLE_USAGE(.BOTH.,#18791);
#18791 = SURFACE_SIDE_STYLE('',(#18792));
#18792 = SURFACE_STYLE_FILL_AREA(#18793);
#18793 = FILL_AREA_STYLE('',(#18794));
#18794 = FILL_AREA_STYLE_COLOUR('',#18752);
#18795 = STYLED_ITEM('color',(#18796),#1975);
#18796 = PRESENTATION_STYLE_ASSIGNMENT((#18797));
#18797 = SURFACE_STYLE_USAGE(.BOTH.,#18798);
#18798 = SURFACE_SIDE_STYLE('',(#18799));
#18799 = SURFACE_STYLE_FILL_AREA(#18800);
#18800 = FILL_AREA_STYLE('',(#18801));
#18801 = FILL_AREA_STYLE_COLOUR('',#18752);
#18802 = STYLED_ITEM('color',(#18803),#1992);
#18803 = PRESENTATION_STYLE_ASSIGNMENT((#18804));
#18804 = SURFACE_STYLE_USAGE(.BOTH.,#18805);
#18805 = SURFACE_SIDE_STYLE('',(#18806));
#18806 = SURFACE_STYLE_FILL_AREA(#18807);
#18807 = FILL_AREA_STYLE('',(#18808));
#18808 = FILL_AREA_STYLE_COLOUR('',#18752);
#18809 = STYLED_ITEM('color',(#18810),#2009);
#18810 = PRESENTATION_STYLE_ASSIGNMENT((#18811));
#18811 = SURFACE_STYLE_USAGE(.BOTH.,#18812);
#18812 = SURFACE_SIDE_STYLE('',(#18813));
#18813 = SURFACE_STYLE_FILL_AREA(#18814);
#18814 = FILL_AREA_STYLE('',(#18815));
#18815 = FILL_AREA_STYLE_COLOUR('',#18752);
#18816 = STYLED_ITEM('color',(#18817),#2026);
#18817 = PRESENTATION_STYLE_ASSIGNMENT((#18818));
#18818 = SURFACE_STYLE_USAGE(.BOTH.,#18819);
#18819 = SURFACE_SIDE_STYLE('',(#18820));
#18820 = SURFACE_STYLE_FILL_AREA(#18821);
#18821 = FILL_AREA_STYLE('',(#18822));
#18822 = FILL_AREA_STYLE_COLOUR('',#18752);
#18823 = STYLED_ITEM('color',(#18824),#2043);
#18824 = PRESENTATION_STYLE_ASSIGNMENT((#18825));
#18825 = SURFACE_STYLE_USAGE(.BOTH.,#18826);
#18826 = SURFACE_SIDE_STYLE('',(#18827));
#18827 = SURFACE_STYLE_FILL_AREA(#18828);
#18828 = FILL_AREA_STYLE('',(#18829));
#18829 = FILL_AREA_STYLE_COLOUR('',#18752);
#18830 = STYLED_ITEM('color',(#18831),#2060);
#18831 = PRESENTATION_STYLE_ASSIGNMENT((#18832));
#18832 = SURFACE_STYLE_USAGE(.BOTH.,#18833);
#18833 = SURFACE_SIDE_STYLE('',(#18834));
#18834 = SURFACE_STYLE_FILL_AREA(#18835);
#18835 = FILL_AREA_STYLE('',(#18836));
#18836 = FILL_AREA_STYLE_COLOUR('',#18752);
#18837 = STYLED_ITEM('color',(#18838),#2077);
#18838 = PRESENTATION_STYLE_ASSIGNMENT((#18839));
#18839 = SURFACE_STYLE_USAGE(.BOTH.,#18840);
#18840 = SURFACE_SIDE_STYLE('',(#18841));
#18841 = SURFACE_STYLE_FILL_AREA(#18842);
#18842 = FILL_AREA_STYLE('',(#18843));
#18843 = FILL_AREA_STYLE_COLOUR('',#18752);
#18844 = STYLED_ITEM('color',(#18845),#2094);
#18845 = PRESENTATION_STYLE_ASSIGNMENT((#18846));
#18846 = SURFACE_STYLE_USAGE(.BOTH.,#18847);
#18847 = SURFACE_SIDE_STYLE('',(#18848));
#18848 = SURFACE_STYLE_FILL_AREA(#18849);
#18849 = FILL_AREA_STYLE('',(#18850));
#18850 = FILL_AREA_STYLE_COLOUR('',#18752);
#18851 = STYLED_ITEM('color',(#18852),#2111);
#18852 = PRESENTATION_STYLE_ASSIGNMENT((#18853));
#18853 = SURFACE_STYLE_USAGE(.BOTH.,#18854);
#18854 = SURFACE_SIDE_STYLE('',(#18855));
#18855 = SURFACE_STYLE_FILL_AREA(#18856);
#18856 = FILL_AREA_STYLE('',(#18857));
#18857 = FILL_AREA_STYLE_COLOUR('',#18752);
#18858 = STYLED_ITEM('color',(#18859),#2128);
#18859 = PRESENTATION_STYLE_ASSIGNMENT((#18860));
#18860 = SURFACE_STYLE_USAGE(.BOTH.,#18861);
#18861 = SURFACE_SIDE_STYLE('',(#18862));
#18862 = SURFACE_STYLE_FILL_AREA(#18863);
#18863 = FILL_AREA_STYLE('',(#18864));
#18864 = FILL_AREA_STYLE_COLOUR('',#18752);
#18865 = STYLED_ITEM('color',(#18866),#2145);
#18866 = PRESENTATION_STYLE_ASSIGNMENT((#18867));
#18867 = SURFACE_STYLE_USAGE(.BOTH.,#18868);
#18868 = SURFACE_SIDE_STYLE('',(#18869));
#18869 = SURFACE_STYLE_FILL_AREA(#18870);
#18870 = FILL_AREA_STYLE('',(#18871));
#18871 = FILL_AREA_STYLE_COLOUR('',#18752);
#18872 = STYLED_ITEM('color',(#18873),#2162);
#18873 = PRESENTATION_STYLE_ASSIGNMENT((#18874));
#18874 = SURFACE_STYLE_USAGE(.BOTH.,#18875);
#18875 = SURFACE_SIDE_STYLE('',(#18876));
#18876 = SURFACE_STYLE_FILL_AREA(#18877);
#18877 = FILL_AREA_STYLE('',(#18878));
#18878 = FILL_AREA_STYLE_COLOUR('',#18752);
#18879 = STYLED_ITEM('color',(#18880),#2179);
#18880 = PRESENTATION_STYLE_ASSIGNMENT((#18881));
#18881 = SURFACE_STYLE_USAGE(.BOTH.,#18882);
#18882 = SURFACE_SIDE_STYLE('',(#18883));
#18883 = SURFACE_STYLE_FILL_AREA(#18884);
#18884 = FILL_AREA_STYLE('',(#18885));
#18885 = FILL_AREA_STYLE_COLOUR('',#18752);
#18886 = STYLED_ITEM('color',(#18887),#2196);
#18887 = PRESENTATION_STYLE_ASSIGNMENT((#18888));
#18888 = SURFACE_STYLE_USAGE(.BOTH.,#18889);
#18889 = SURFACE_SIDE_STYLE('',(#18890));
#18890 = SURFACE_STYLE_FILL_AREA(#18891);
#18891 = FILL_AREA_STYLE('',(#18892));
#18892 = FILL_AREA_STYLE_COLOUR('',#18752);
#18893 = STYLED_ITEM('color',(#18894),#2213);
#18894 = PRESENTATION_STYLE_ASSIGNMENT((#18895));
#18895 = SURFACE_STYLE_USAGE(.BOTH.,#18896);
#18896 = SURFACE_SIDE_STYLE('',(#18897));
#18897 = SURFACE_STYLE_FILL_AREA(#18898);
#18898 = FILL_AREA_STYLE('',(#18899));
#18899 = FILL_AREA_STYLE_COLOUR('',#18752);
#18900 = STYLED_ITEM('color',(#18901),#2225);
#18901 = PRESENTATION_STYLE_ASSIGNMENT((#18902));
#18902 = SURFACE_STYLE_USAGE(.BOTH.,#18903);
#18903 = SURFACE_SIDE_STYLE('',(#18904));
#18904 = SURFACE_STYLE_FILL_AREA(#18905);
#18905 = FILL_AREA_STYLE('',(#18906));
#18906 = FILL_AREA_STYLE_COLOUR('',#18907);
#18907 = COLOUR_RGB('',0.859000020776,0.737999965183,0.495999988746);
#18908 = STYLED_ITEM('color',(#18909),#2256);
#18909 = PRESENTATION_STYLE_ASSIGNMENT((#18910));
#18910 = SURFACE_STYLE_USAGE(.BOTH.,#18911);
#18911 = SURFACE_SIDE_STYLE('',(#18912));
#18912 = SURFACE_STYLE_FILL_AREA(#18913);
#18913 = FILL_AREA_STYLE('',(#18914));
#18914 = FILL_AREA_STYLE_COLOUR('',#18907);
#18915 = STYLED_ITEM('color',(#18916),#2280);
#18916 = PRESENTATION_STYLE_ASSIGNMENT((#18917));
#18917 = SURFACE_STYLE_USAGE(.BOTH.,#18918);
#18918 = SURFACE_SIDE_STYLE('',(#18919));
#18919 = SURFACE_STYLE_FILL_AREA(#18920);
#18920 = FILL_AREA_STYLE('',(#18921));
#18921 = FILL_AREA_STYLE_COLOUR('',#18907);
#18922 = STYLED_ITEM('color',(#18923),#2304);
#18923 = PRESENTATION_STYLE_ASSIGNMENT((#18924));
#18924 = SURFACE_STYLE_USAGE(.BOTH.,#18925);
#18925 = SURFACE_SIDE_STYLE('',(#18926));
#18926 = SURFACE_STYLE_FILL_AREA(#18927);
#18927 = FILL_AREA_STYLE('',(#18928));
#18928 = FILL_AREA_STYLE_COLOUR('',#18907);
#18929 = STYLED_ITEM('color',(#18930),#2321);
#18930 = PRESENTATION_STYLE_ASSIGNMENT((#18931));
#18931 = SURFACE_STYLE_USAGE(.BOTH.,#18932);
#18932 = SURFACE_SIDE_STYLE('',(#18933));
#18933 = SURFACE_STYLE_FILL_AREA(#18934);
#18934 = FILL_AREA_STYLE('',(#18935));
#18935 = FILL_AREA_STYLE_COLOUR('',#18907);
#18936 = STYLED_ITEM('color',(#18937),#2352);
#18937 = PRESENTATION_STYLE_ASSIGNMENT((#18938));
#18938 = SURFACE_STYLE_USAGE(.BOTH.,#18939);
#18939 = SURFACE_SIDE_STYLE('',(#18940));
#18940 = SURFACE_STYLE_FILL_AREA(#18941);
#18941 = FILL_AREA_STYLE('',(#18942));
#18942 = FILL_AREA_STYLE_COLOUR('',#18907);
#18943 = STYLED_ITEM('color',(#18944),#2376);
#18944 = PRESENTATION_STYLE_ASSIGNMENT((#18945));
#18945 = SURFACE_STYLE_USAGE(.BOTH.,#18946);
#18946 = SURFACE_SIDE_STYLE('',(#18947));
#18947 = SURFACE_STYLE_FILL_AREA(#18948);
#18948 = FILL_AREA_STYLE('',(#18949));
#18949 = FILL_AREA_STYLE_COLOUR('',#18907);
#18950 = STYLED_ITEM('color',(#18951),#2400);
#18951 = PRESENTATION_STYLE_ASSIGNMENT((#18952));
#18952 = SURFACE_STYLE_USAGE(.BOTH.,#18953);
#18953 = SURFACE_SIDE_STYLE('',(#18954));
#18954 = SURFACE_STYLE_FILL_AREA(#18955);
#18955 = FILL_AREA_STYLE('',(#18956));
#18956 = FILL_AREA_STYLE_COLOUR('',#18907);
#18957 = STYLED_ITEM('color',(#18958),#2417);
#18958 = PRESENTATION_STYLE_ASSIGNMENT((#18959));
#18959 = SURFACE_STYLE_USAGE(.BOTH.,#18960);
#18960 = SURFACE_SIDE_STYLE('',(#18961));
#18961 = SURFACE_STYLE_FILL_AREA(#18962);
#18962 = FILL_AREA_STYLE('',(#18963));
#18963 = FILL_AREA_STYLE_COLOUR('',#18907);
#18964 = STYLED_ITEM('color',(#18965),#2448);
#18965 = PRESENTATION_STYLE_ASSIGNMENT((#18966));
#18966 = SURFACE_STYLE_USAGE(.BOTH.,#18967);
#18967 = SURFACE_SIDE_STYLE('',(#18968));
#18968 = SURFACE_STYLE_FILL_AREA(#18969);
#18969 = FILL_AREA_STYLE('',(#18970));
#18970 = FILL_AREA_STYLE_COLOUR('',#18907);
#18971 = STYLED_ITEM('color',(#18972),#2472);
#18972 = PRESENTATION_STYLE_ASSIGNMENT((#18973));
#18973 = SURFACE_STYLE_USAGE(.BOTH.,#18974);
#18974 = SURFACE_SIDE_STYLE('',(#18975));
#18975 = SURFACE_STYLE_FILL_AREA(#18976);
#18976 = FILL_AREA_STYLE('',(#18977));
#18977 = FILL_AREA_STYLE_COLOUR('',#18907);
#18978 = STYLED_ITEM('color',(#18979),#2496);
#18979 = PRESENTATION_STYLE_ASSIGNMENT((#18980));
#18980 = SURFACE_STYLE_USAGE(.BOTH.,#18981);
#18981 = SURFACE_SIDE_STYLE('',(#18982));
#18982 = SURFACE_STYLE_FILL_AREA(#18983);
#18983 = FILL_AREA_STYLE('',(#18984));
#18984 = FILL_AREA_STYLE_COLOUR('',#18907);
#18985 = STYLED_ITEM('color',(#18986),#2513);
#18986 = PRESENTATION_STYLE_ASSIGNMENT((#18987));
#18987 = SURFACE_STYLE_USAGE(.BOTH.,#18988);
#18988 = SURFACE_SIDE_STYLE('',(#18989));
#18989 = SURFACE_STYLE_FILL_AREA(#18990);
#18990 = FILL_AREA_STYLE('',(#18991));
#18991 = FILL_AREA_STYLE_COLOUR('',#18907);
#18992 = STYLED_ITEM('color',(#18993),#2544);
#18993 = PRESENTATION_STYLE_ASSIGNMENT((#18994));
#18994 = SURFACE_STYLE_USAGE(.BOTH.,#18995);
#18995 = SURFACE_SIDE_STYLE('',(#18996));
#18996 = SURFACE_STYLE_FILL_AREA(#18997);
#18997 = FILL_AREA_STYLE('',(#18998));
#18998 = FILL_AREA_STYLE_COLOUR('',#18907);
#18999 = STYLED_ITEM('color',(#19000),#2568);
#19000 = PRESENTATION_STYLE_ASSIGNMENT((#19001));
#19001 = SURFACE_STYLE_USAGE(.BOTH.,#19002);
#19002 = SURFACE_SIDE_STYLE('',(#19003));
#19003 = SURFACE_STYLE_FILL_AREA(#19004);
#19004 = FILL_AREA_STYLE('',(#19005));
#19005 = FILL_AREA_STYLE_COLOUR('',#18907);
#19006 = STYLED_ITEM('color',(#19007),#2592);
#19007 = PRESENTATION_STYLE_ASSIGNMENT((#19008));
#19008 = SURFACE_STYLE_USAGE(.BOTH.,#19009);
#19009 = SURFACE_SIDE_STYLE('',(#19010));
#19010 = SURFACE_STYLE_FILL_AREA(#19011);
#19011 = FILL_AREA_STYLE('',(#19012));
#19012 = FILL_AREA_STYLE_COLOUR('',#18907);
#19013 = STYLED_ITEM('color',(#19014),#2609);
#19014 = PRESENTATION_STYLE_ASSIGNMENT((#19015));
#19015 = SURFACE_STYLE_USAGE(.BOTH.,#19016);
#19016 = SURFACE_SIDE_STYLE('',(#19017));
#19017 = SURFACE_STYLE_FILL_AREA(#19018);
#19018 = FILL_AREA_STYLE('',(#19019));
#19019 = FILL_AREA_STYLE_COLOUR('',#18907);
#19020 = STYLED_ITEM('color',(#19021),#2640);
#19021 = PRESENTATION_STYLE_ASSIGNMENT((#19022));
#19022 = SURFACE_STYLE_USAGE(.BOTH.,#19023);
#19023 = SURFACE_SIDE_STYLE('',(#19024));
#19024 = SURFACE_STYLE_FILL_AREA(#19025);
#19025 = FILL_AREA_STYLE('',(#19026));
#19026 = FILL_AREA_STYLE_COLOUR('',#18907);
#19027 = STYLED_ITEM('color',(#19028),#2664);
#19028 = PRESENTATION_STYLE_ASSIGNMENT((#19029));
#19029 = SURFACE_STYLE_USAGE(.BOTH.,#19030);
#19030 = SURFACE_SIDE_STYLE('',(#19031));
#19031 = SURFACE_STYLE_FILL_AREA(#19032);
#19032 = FILL_AREA_STYLE('',(#19033));
#19033 = FILL_AREA_STYLE_COLOUR('',#18907);
#19034 = STYLED_ITEM('color',(#19035),#2688);
#19035 = PRESENTATION_STYLE_ASSIGNMENT((#19036));
#19036 = SURFACE_STYLE_USAGE(.BOTH.,#19037);
#19037 = SURFACE_SIDE_STYLE('',(#19038));
#19038 = SURFACE_STYLE_FILL_AREA(#19039);
#19039 = FILL_AREA_STYLE('',(#19040));
#19040 = FILL_AREA_STYLE_COLOUR('',#18907);
#19041 = STYLED_ITEM('color',(#19042),#2705);
#19042 = PRESENTATION_STYLE_ASSIGNMENT((#19043));
#19043 = SURFACE_STYLE_USAGE(.BOTH.,#19044);
#19044 = SURFACE_SIDE_STYLE('',(#19045));
#19045 = SURFACE_STYLE_FILL_AREA(#19046);
#19046 = FILL_AREA_STYLE('',(#19047));
#19047 = FILL_AREA_STYLE_COLOUR('',#18907);
#19048 = STYLED_ITEM('color',(#19049),#2736);
#19049 = PRESENTATION_STYLE_ASSIGNMENT((#19050));
#19050 = SURFACE_STYLE_USAGE(.BOTH.,#19051);
#19051 = SURFACE_SIDE_STYLE('',(#19052));
#19052 = SURFACE_STYLE_FILL_AREA(#19053);
#19053 = FILL_AREA_STYLE('',(#19054));
#19054 = FILL_AREA_STYLE_COLOUR('',#18907);
#19055 = STYLED_ITEM('color',(#19056),#2760);
#19056 = PRESENTATION_STYLE_ASSIGNMENT((#19057));
#19057 = SURFACE_STYLE_USAGE(.BOTH.,#19058);
#19058 = SURFACE_SIDE_STYLE('',(#19059));
#19059 = SURFACE_STYLE_FILL_AREA(#19060);
#19060 = FILL_AREA_STYLE('',(#19061));
#19061 = FILL_AREA_STYLE_COLOUR('',#18907);
#19062 = STYLED_ITEM('color',(#19063),#2784);
#19063 = PRESENTATION_STYLE_ASSIGNMENT((#19064));
#19064 = SURFACE_STYLE_USAGE(.BOTH.,#19065);
#19065 = SURFACE_SIDE_STYLE('',(#19066));
#19066 = SURFACE_STYLE_FILL_AREA(#19067);
#19067 = FILL_AREA_STYLE('',(#19068));
#19068 = FILL_AREA_STYLE_COLOUR('',#18907);
#19069 = STYLED_ITEM('color',(#19070),#2801);
#19070 = PRESENTATION_STYLE_ASSIGNMENT((#19071));
#19071 = SURFACE_STYLE_USAGE(.BOTH.,#19072);
#19072 = SURFACE_SIDE_STYLE('',(#19073));
#19073 = SURFACE_STYLE_FILL_AREA(#19074);
#19074 = FILL_AREA_STYLE('',(#19075));
#19075 = FILL_AREA_STYLE_COLOUR('',#18907);
#19076 = STYLED_ITEM('color',(#19077),#2832);
#19077 = PRESENTATION_STYLE_ASSIGNMENT((#19078));
#19078 = SURFACE_STYLE_USAGE(.BOTH.,#19079);
#19079 = SURFACE_SIDE_STYLE('',(#19080));
#19080 = SURFACE_STYLE_FILL_AREA(#19081);
#19081 = FILL_AREA_STYLE('',(#19082));
#19082 = FILL_AREA_STYLE_COLOUR('',#18907);
#19083 = STYLED_ITEM('color',(#19084),#2856);
#19084 = PRESENTATION_STYLE_ASSIGNMENT((#19085));
#19085 = SURFACE_STYLE_USAGE(.BOTH.,#19086);
#19086 = SURFACE_SIDE_STYLE('',(#19087));
#19087 = SURFACE_STYLE_FILL_AREA(#19088);
#19088 = FILL_AREA_STYLE('',(#19089));
#19089 = FILL_AREA_STYLE_COLOUR('',#18907);
#19090 = STYLED_ITEM('color',(#19091),#2880);
#19091 = PRESENTATION_STYLE_ASSIGNMENT((#19092));
#19092 = SURFACE_STYLE_USAGE(.BOTH.,#19093);
#19093 = SURFACE_SIDE_STYLE('',(#19094));
#19094 = SURFACE_STYLE_FILL_AREA(#19095);
#19095 = FILL_AREA_STYLE('',(#19096));
#19096 = FILL_AREA_STYLE_COLOUR('',#18907);
#19097 = STYLED_ITEM('color',(#19098),#2897);
#19098 = PRESENTATION_STYLE_ASSIGNMENT((#19099));
#19099 = SURFACE_STYLE_USAGE(.BOTH.,#19100);
#19100 = SURFACE_SIDE_STYLE('',(#19101));
#19101 = SURFACE_STYLE_FILL_AREA(#19102);
#19102 = FILL_AREA_STYLE('',(#19103));
#19103 = FILL_AREA_STYLE_COLOUR('',#18907);
#19104 = STYLED_ITEM('color',(#19105),#2928);
#19105 = PRESENTATION_STYLE_ASSIGNMENT((#19106));
#19106 = SURFACE_STYLE_USAGE(.BOTH.,#19107);
#19107 = SURFACE_SIDE_STYLE('',(#19108));
#19108 = SURFACE_STYLE_FILL_AREA(#19109);
#19109 = FILL_AREA_STYLE('',(#19110));
#19110 = FILL_AREA_STYLE_COLOUR('',#18907);
#19111 = STYLED_ITEM('color',(#19112),#2952);
#19112 = PRESENTATION_STYLE_ASSIGNMENT((#19113));
#19113 = SURFACE_STYLE_USAGE(.BOTH.,#19114);
#19114 = SURFACE_SIDE_STYLE('',(#19115));
#19115 = SURFACE_STYLE_FILL_AREA(#19116);
#19116 = FILL_AREA_STYLE('',(#19117));
#19117 = FILL_AREA_STYLE_COLOUR('',#18907);
#19118 = STYLED_ITEM('color',(#19119),#2976);
#19119 = PRESENTATION_STYLE_ASSIGNMENT((#19120));
#19120 = SURFACE_STYLE_USAGE(.BOTH.,#19121);
#19121 = SURFACE_SIDE_STYLE('',(#19122));
#19122 = SURFACE_STYLE_FILL_AREA(#19123);
#19123 = FILL_AREA_STYLE('',(#19124));
#19124 = FILL_AREA_STYLE_COLOUR('',#18907);
#19125 = STYLED_ITEM('color',(#19126),#2993);
#19126 = PRESENTATION_STYLE_ASSIGNMENT((#19127));
#19127 = SURFACE_STYLE_USAGE(.BOTH.,#19128);
#19128 = SURFACE_SIDE_STYLE('',(#19129));
#19129 = SURFACE_STYLE_FILL_AREA(#19130);
#19130 = FILL_AREA_STYLE('',(#19131));
#19131 = FILL_AREA_STYLE_COLOUR('',#18907);
#19132 = STYLED_ITEM('color',(#19133),#3024);
#19133 = PRESENTATION_STYLE_ASSIGNMENT((#19134));
#19134 = SURFACE_STYLE_USAGE(.BOTH.,#19135);
#19135 = SURFACE_SIDE_STYLE('',(#19136));
#19136 = SURFACE_STYLE_FILL_AREA(#19137);
#19137 = FILL_AREA_STYLE('',(#19138));
#19138 = FILL_AREA_STYLE_COLOUR('',#18907);
#19139 = STYLED_ITEM('color',(#19140),#3048);
#19140 = PRESENTATION_STYLE_ASSIGNMENT((#19141));
#19141 = SURFACE_STYLE_USAGE(.BOTH.,#19142);
#19142 = SURFACE_SIDE_STYLE('',(#19143));
#19143 = SURFACE_STYLE_FILL_AREA(#19144);
#19144 = FILL_AREA_STYLE('',(#19145));
#19145 = FILL_AREA_STYLE_COLOUR('',#18907);
#19146 = STYLED_ITEM('color',(#19147),#3072);
#19147 = PRESENTATION_STYLE_ASSIGNMENT((#19148));
#19148 = SURFACE_STYLE_USAGE(.BOTH.,#19149);
#19149 = SURFACE_SIDE_STYLE('',(#19150));
#19150 = SURFACE_STYLE_FILL_AREA(#19151);
#19151 = FILL_AREA_STYLE('',(#19152));
#19152 = FILL_AREA_STYLE_COLOUR('',#18907);
#19153 = STYLED_ITEM('color',(#19154),#3089);
#19154 = PRESENTATION_STYLE_ASSIGNMENT((#19155));
#19155 = SURFACE_STYLE_USAGE(.BOTH.,#19156);
#19156 = SURFACE_SIDE_STYLE('',(#19157));
#19157 = SURFACE_STYLE_FILL_AREA(#19158);
#19158 = FILL_AREA_STYLE('',(#19159));
#19159 = FILL_AREA_STYLE_COLOUR('',#18907);
#19160 = STYLED_ITEM('color',(#19161),#3120);
#19161 = PRESENTATION_STYLE_ASSIGNMENT((#19162));
#19162 = SURFACE_STYLE_USAGE(.BOTH.,#19163);
#19163 = SURFACE_SIDE_STYLE('',(#19164));
#19164 = SURFACE_STYLE_FILL_AREA(#19165);
#19165 = FILL_AREA_STYLE('',(#19166));
#19166 = FILL_AREA_STYLE_COLOUR('',#18907);
#19167 = STYLED_ITEM('color',(#19168),#3144);
#19168 = PRESENTATION_STYLE_ASSIGNMENT((#19169));
#19169 = SURFACE_STYLE_USAGE(.BOTH.,#19170);
#19170 = SURFACE_SIDE_STYLE('',(#19171));
#19171 = SURFACE_STYLE_FILL_AREA(#19172);
#19172 = FILL_AREA_STYLE('',(#19173));
#19173 = FILL_AREA_STYLE_COLOUR('',#18907);
#19174 = STYLED_ITEM('color',(#19175),#3168);
#19175 = PRESENTATION_STYLE_ASSIGNMENT((#19176));
#19176 = SURFACE_STYLE_USAGE(.BOTH.,#19177);
#19177 = SURFACE_SIDE_STYLE('',(#19178));
#19178 = SURFACE_STYLE_FILL_AREA(#19179);
#19179 = FILL_AREA_STYLE('',(#19180));
#19180 = FILL_AREA_STYLE_COLOUR('',#18907);
#19181 = STYLED_ITEM('color',(#19182),#3185);
#19182 = PRESENTATION_STYLE_ASSIGNMENT((#19183));
#19183 = SURFACE_STYLE_USAGE(.BOTH.,#19184);
#19184 = SURFACE_SIDE_STYLE('',(#19185));
#19185 = SURFACE_STYLE_FILL_AREA(#19186);
#19186 = FILL_AREA_STYLE('',(#19187));
#19187 = FILL_AREA_STYLE_COLOUR('',#18907);
#19188 = STYLED_ITEM('color',(#19189),#3216);
#19189 = PRESENTATION_STYLE_ASSIGNMENT((#19190));
#19190 = SURFACE_STYLE_USAGE(.BOTH.,#19191);
#19191 = SURFACE_SIDE_STYLE('',(#19192));
#19192 = SURFACE_STYLE_FILL_AREA(#19193);
#19193 = FILL_AREA_STYLE('',(#19194));
#19194 = FILL_AREA_STYLE_COLOUR('',#18907);
#19195 = STYLED_ITEM('color',(#19196),#3240);
#19196 = PRESENTATION_STYLE_ASSIGNMENT((#19197));
#19197 = SURFACE_STYLE_USAGE(.BOTH.,#19198);
#19198 = SURFACE_SIDE_STYLE('',(#19199));
#19199 = SURFACE_STYLE_FILL_AREA(#19200);
#19200 = FILL_AREA_STYLE('',(#19201));
#19201 = FILL_AREA_STYLE_COLOUR('',#18907);
#19202 = STYLED_ITEM('color',(#19203),#3264);
#19203 = PRESENTATION_STYLE_ASSIGNMENT((#19204));
#19204 = SURFACE_STYLE_USAGE(.BOTH.,#19205);
#19205 = SURFACE_SIDE_STYLE('',(#19206));
#19206 = SURFACE_STYLE_FILL_AREA(#19207);
#19207 = FILL_AREA_STYLE('',(#19208));
#19208 = FILL_AREA_STYLE_COLOUR('',#18907);
#19209 = STYLED_ITEM('color',(#19210),#3281);
#19210 = PRESENTATION_STYLE_ASSIGNMENT((#19211));
#19211 = SURFACE_STYLE_USAGE(.BOTH.,#19212);
#19212 = SURFACE_SIDE_STYLE('',(#19213));
#19213 = SURFACE_STYLE_FILL_AREA(#19214);
#19214 = FILL_AREA_STYLE('',(#19215));
#19215 = FILL_AREA_STYLE_COLOUR('',#18907);
#19216 = STYLED_ITEM('color',(#19217),#3312);
#19217 = PRESENTATION_STYLE_ASSIGNMENT((#19218));
#19218 = SURFACE_STYLE_USAGE(.BOTH.,#19219);
#19219 = SURFACE_SIDE_STYLE('',(#19220));
#19220 = SURFACE_STYLE_FILL_AREA(#19221);
#19221 = FILL_AREA_STYLE('',(#19222));
#19222 = FILL_AREA_STYLE_COLOUR('',#18907);
#19223 = STYLED_ITEM('color',(#19224),#3336);
#19224 = PRESENTATION_STYLE_ASSIGNMENT((#19225));
#19225 = SURFACE_STYLE_USAGE(.BOTH.,#19226);
#19226 = SURFACE_SIDE_STYLE('',(#19227));
#19227 = SURFACE_STYLE_FILL_AREA(#19228);
#19228 = FILL_AREA_STYLE('',(#19229));
#19229 = FILL_AREA_STYLE_COLOUR('',#18907);
#19230 = STYLED_ITEM('color',(#19231),#3360);
#19231 = PRESENTATION_STYLE_ASSIGNMENT((#19232));
#19232 = SURFACE_STYLE_USAGE(.BOTH.,#19233);
#19233 = SURFACE_SIDE_STYLE('',(#19234));
#19234 = SURFACE_STYLE_FILL_AREA(#19235);
#19235 = FILL_AREA_STYLE('',(#19236));
#19236 = FILL_AREA_STYLE_COLOUR('',#18907);
#19237 = STYLED_ITEM('color',(#19238),#3377);
#19238 = PRESENTATION_STYLE_ASSIGNMENT((#19239));
#19239 = SURFACE_STYLE_USAGE(.BOTH.,#19240);
#19240 = SURFACE_SIDE_STYLE('',(#19241));
#19241 = SURFACE_STYLE_FILL_AREA(#19242);
#19242 = FILL_AREA_STYLE('',(#19243));
#19243 = FILL_AREA_STYLE_COLOUR('',#18907);
#19244 = STYLED_ITEM('color',(#19245),#3389);
#19245 = PRESENTATION_STYLE_ASSIGNMENT((#19246));
#19246 = SURFACE_STYLE_USAGE(.BOTH.,#19247);
#19247 = SURFACE_SIDE_STYLE('',(#19248));
#19248 = SURFACE_STYLE_FILL_AREA(#19249);
#19249 = FILL_AREA_STYLE('',(#19250));
#19250 = FILL_AREA_STYLE_COLOUR('',#18907);
#19251 = STYLED_ITEM('color',(#19252),#3401);
#19252 = PRESENTATION_STYLE_ASSIGNMENT((#19253));
#19253 = SURFACE_STYLE_USAGE(.BOTH.,#19254);
#19254 = SURFACE_SIDE_STYLE('',(#19255));
#19255 = SURFACE_STYLE_FILL_AREA(#19256);
#19256 = FILL_AREA_STYLE('',(#19257));
#19257 = FILL_AREA_STYLE_COLOUR('',#18907);
#19258 = STYLED_ITEM('color',(#19259),#3413);
#19259 = PRESENTATION_STYLE_ASSIGNMENT((#19260));
#19260 = SURFACE_STYLE_USAGE(.BOTH.,#19261);
#19261 = SURFACE_SIDE_STYLE('',(#19262));
#19262 = SURFACE_STYLE_FILL_AREA(#19263);
#19263 = FILL_AREA_STYLE('',(#19264));
#19264 = FILL_AREA_STYLE_COLOUR('',#18907);
#19265 = STYLED_ITEM('color',(#19266),#3425);
#19266 = PRESENTATION_STYLE_ASSIGNMENT((#19267));
#19267 = SURFACE_STYLE_USAGE(.BOTH.,#19268);
#19268 = SURFACE_SIDE_STYLE('',(#19269));
#19269 = SURFACE_STYLE_FILL_AREA(#19270);
#19270 = FILL_AREA_STYLE('',(#19271));
#19271 = FILL_AREA_STYLE_COLOUR('',#18907);
#19272 = STYLED_ITEM('color',(#19273),#3437);
#19273 = PRESENTATION_STYLE_ASSIGNMENT((#19274));
#19274 = SURFACE_STYLE_USAGE(.BOTH.,#19275);
#19275 = SURFACE_SIDE_STYLE('',(#19276));
#19276 = SURFACE_STYLE_FILL_AREA(#19277);
#19277 = FILL_AREA_STYLE('',(#19278));
#19278 = FILL_AREA_STYLE_COLOUR('',#18907);
#19279 = MECHANICAL_DESIGN_GEOMETRIC_PRESENTATION_REPRESENTATION('',(
    #19280,#19288,#19295,#19302,#19309),#9507);
#19280 = STYLED_ITEM('color',(#19281),#3468);
#19281 = PRESENTATION_STYLE_ASSIGNMENT((#19282));
#19282 = SURFACE_STYLE_USAGE(.BOTH.,#19283);
#19283 = SURFACE_SIDE_STYLE('',(#19284));
#19284 = SURFACE_STYLE_FILL_AREA(#19285);
#19285 = FILL_AREA_STYLE('',(#19286));
#19286 = FILL_AREA_STYLE_COLOUR('',#19287);
#19287 = COLOUR_RGB('',0.854305825093,0.803630995277,0.);
#19288 = STYLED_ITEM('color',(#19289),#4178);
#19289 = PRESENTATION_STYLE_ASSIGNMENT((#19290));
#19290 = SURFACE_STYLE_USAGE(.BOTH.,#19291);
#19291 = SURFACE_SIDE_STYLE('',(#19292));
#19292 = SURFACE_STYLE_FILL_AREA(#19293);
#19293 = FILL_AREA_STYLE('',(#19294));
#19294 = FILL_AREA_STYLE_COLOUR('',#19287);
#19295 = STYLED_ITEM('color',(#19296),#4854);
#19296 = PRESENTATION_STYLE_ASSIGNMENT((#19297));
#19297 = SURFACE_STYLE_USAGE(.BOTH.,#19298);
#19298 = SURFACE_SIDE_STYLE('',(#19299));
#19299 = SURFACE_STYLE_FILL_AREA(#19300);
#19300 = FILL_AREA_STYLE('',(#19301));
#19301 = FILL_AREA_STYLE_COLOUR('',#19287);
#19302 = STYLED_ITEM('color',(#19303),#8125);
#19303 = PRESENTATION_STYLE_ASSIGNMENT((#19304));
#19304 = SURFACE_STYLE_USAGE(.BOTH.,#19305);
#19305 = SURFACE_SIDE_STYLE('',(#19306));
#19306 = SURFACE_STYLE_FILL_AREA(#19307);
#19307 = FILL_AREA_STYLE('',(#19308));
#19308 = FILL_AREA_STYLE_COLOUR('',#19287);
#19309 = STYLED_ITEM('color',(#19310),#8816);
#19310 = PRESENTATION_STYLE_ASSIGNMENT((#19311));
#19311 = SURFACE_STYLE_USAGE(.BOTH.,#19312);
#19312 = SURFACE_SIDE_STYLE('',(#19313));
#19313 = SURFACE_STYLE_FILL_AREA(#19314);
#19314 = FILL_AREA_STYLE('',(#19315));
#19315 = FILL_AREA_STYLE_COLOUR('',#19287);
#19316 = MECHANICAL_DESIGN_GEOMETRIC_PRESENTATION_REPRESENTATION('',(
    #19317),#17855);
#19317 = STYLED_ITEM('color',(#19318),#17647);
#19318 = PRESENTATION_STYLE_ASSIGNMENT((#19319));
#19319 = SURFACE_STYLE_USAGE(.BOTH.,#19320);
#19320 = SURFACE_SIDE_STYLE('',(#19321,#19324));
#19321 = SURFACE_STYLE_FILL_AREA(#19322);
#19322 = FILL_AREA_STYLE('',(#19323));
#19323 = FILL_AREA_STYLE_COLOUR('',#18518);
#19324 = SURFACE_STYLE_RENDERING_WITH_PROPERTIES(.NORMAL_SHADING.,#18518
  ,(#19325));
#19325 = SURFACE_STYLE_TRANSPARENT(0.170000016689);
#19326 = MECHANICAL_DESIGN_GEOMETRIC_PRESENTATION_REPRESENTATION('',(
    #19327,#19336,#19345,#19354,#19363,#19372,#19381,#19390,#19399,
    #19408,#19417,#19426,#19435,#19444,#19453,#19462,#19471,#19480,
    #19489,#19498,#19507,#19516,#19525,#19534,#19543,#19552,#19561,
    #19570,#19579,#19588,#19597,#19606,#19615,#19624,#19633,#19642,
    #19651,#19660,#19669,#19678,#19687,#19696,#19705,#19714),#16658);
#19327 = STYLED_ITEM('color',(#19328),#9528);
#19328 = PRESENTATION_STYLE_ASSIGNMENT((#19329));
#19329 = SURFACE_STYLE_USAGE(.BOTH.,#19330);
#19330 = SURFACE_SIDE_STYLE('',(#19331,#19334));
#19331 = SURFACE_STYLE_FILL_AREA(#19332);
#19332 = FILL_AREA_STYLE('',(#19333));
#19333 = FILL_AREA_STYLE_COLOUR('',#18529);
#19334 = SURFACE_STYLE_RENDERING_WITH_PROPERTIES(.NORMAL_SHADING.,#18529
  ,(#19335));
#19335 = SURFACE_STYLE_TRANSPARENT(0.100000023842);
#19336 = STYLED_ITEM('color',(#19337),#9793);
#19337 = PRESENTATION_STYLE_ASSIGNMENT((#19338));
#19338 = SURFACE_STYLE_USAGE(.BOTH.,#19339);
#19339 = SURFACE_SIDE_STYLE('',(#19340,#19343));
#19340 = SURFACE_STYLE_FILL_AREA(#19341);
#19341 = FILL_AREA_STYLE('',(#19342));
#19342 = FILL_AREA_STYLE_COLOUR('',#18529);
#19343 = SURFACE_STYLE_RENDERING_WITH_PROPERTIES(.NORMAL_SHADING.,#18529
  ,(#19344));
#19344 = SURFACE_STYLE_TRANSPARENT(0.100000023842);
#19345 = STYLED_ITEM('color',(#19346),#9956);
#19346 = PRESENTATION_STYLE_ASSIGNMENT((#19347));
#19347 = SURFACE_STYLE_USAGE(.BOTH.,#19348);
#19348 = SURFACE_SIDE_STYLE('',(#19349,#19352));
#19349 = SURFACE_STYLE_FILL_AREA(#19350);
#19350 = FILL_AREA_STYLE('',(#19351));
#19351 = FILL_AREA_STYLE_COLOUR('',#18529);
#19352 = SURFACE_STYLE_RENDERING_WITH_PROPERTIES(.NORMAL_SHADING.,#18529
  ,(#19353));
#19353 = SURFACE_STYLE_TRANSPARENT(0.100000023842);
#19354 = STYLED_ITEM('color',(#19355),#10112);
#19355 = PRESENTATION_STYLE_ASSIGNMENT((#19356));
#19356 = SURFACE_STYLE_USAGE(.BOTH.,#19357);
#19357 = SURFACE_SIDE_STYLE('',(#19358,#19361));
#19358 = SURFACE_STYLE_FILL_AREA(#19359);
#19359 = FILL_AREA_STYLE('',(#19360));
#19360 = FILL_AREA_STYLE_COLOUR('',#18529);
#19361 = SURFACE_STYLE_RENDERING_WITH_PROPERTIES(.NORMAL_SHADING.,#18529
  ,(#19362));
#19362 = SURFACE_STYLE_TRANSPARENT(0.100000023842);
#19363 = STYLED_ITEM('color',(#19364),#10202);
#19364 = PRESENTATION_STYLE_ASSIGNMENT((#19365));
#19365 = SURFACE_STYLE_USAGE(.BOTH.,#19366);
#19366 = SURFACE_SIDE_STYLE('',(#19367,#19370));
#19367 = SURFACE_STYLE_FILL_AREA(#19368);
#19368 = FILL_AREA_STYLE('',(#19369));
#19369 = FILL_AREA_STYLE_COLOUR('',#18529);
#19370 = SURFACE_STYLE_RENDERING_WITH_PROPERTIES(.NORMAL_SHADING.,#18529
  ,(#19371));
#19371 = SURFACE_STYLE_TRANSPARENT(0.100000023842);
#19372 = STYLED_ITEM('color',(#19373),#10332);
#19373 = PRESENTATION_STYLE_ASSIGNMENT((#19374));
#19374 = SURFACE_STYLE_USAGE(.BOTH.,#19375);
#19375 = SURFACE_SIDE_STYLE('',(#19376,#19379));
#19376 = SURFACE_STYLE_FILL_AREA(#19377);
#19377 = FILL_AREA_STYLE('',(#19378));
#19378 = FILL_AREA_STYLE_COLOUR('',#18529);
#19379 = SURFACE_STYLE_RENDERING_WITH_PROPERTIES(.NORMAL_SHADING.,#18529
  ,(#19380));
#19380 = SURFACE_STYLE_TRANSPARENT(0.100000023842);
#19381 = STYLED_ITEM('color',(#19382),#10502);
#19382 = PRESENTATION_STYLE_ASSIGNMENT((#19383));
#19383 = SURFACE_STYLE_USAGE(.BOTH.,#19384);
#19384 = SURFACE_SIDE_STYLE('',(#19385,#19388));
#19385 = SURFACE_STYLE_FILL_AREA(#19386);
#19386 = FILL_AREA_STYLE('',(#19387));
#19387 = FILL_AREA_STYLE_COLOUR('',#18529);
#19388 = SURFACE_STYLE_RENDERING_WITH_PROPERTIES(.NORMAL_SHADING.,#18529
  ,(#19389));
#19389 = SURFACE_STYLE_TRANSPARENT(0.100000023842);
#19390 = STYLED_ITEM('color',(#19391),#10680);
#19391 = PRESENTATION_STYLE_ASSIGNMENT((#19392));
#19392 = SURFACE_STYLE_USAGE(.BOTH.,#19393);
#19393 = SURFACE_SIDE_STYLE('',(#19394,#19397));
#19394 = SURFACE_STYLE_FILL_AREA(#19395);
#19395 = FILL_AREA_STYLE('',(#19396));
#19396 = FILL_AREA_STYLE_COLOUR('',#18529);
#19397 = SURFACE_STYLE_RENDERING_WITH_PROPERTIES(.NORMAL_SHADING.,#18529
  ,(#19398));
#19398 = SURFACE_STYLE_TRANSPARENT(0.100000023842);
#19399 = STYLED_ITEM('color',(#19400),#10895);
#19400 = PRESENTATION_STYLE_ASSIGNMENT((#19401));
#19401 = SURFACE_STYLE_USAGE(.BOTH.,#19402);
#19402 = SURFACE_SIDE_STYLE('',(#19403,#19406));
#19403 = SURFACE_STYLE_FILL_AREA(#19404);
#19404 = FILL_AREA_STYLE('',(#19405));
#19405 = FILL_AREA_STYLE_COLOUR('',#18529);
#19406 = SURFACE_STYLE_RENDERING_WITH_PROPERTIES(.NORMAL_SHADING.,#18529
  ,(#19407));
#19407 = SURFACE_STYLE_TRANSPARENT(0.100000023842);
#19408 = STYLED_ITEM('color',(#19409),#10997);
#19409 = PRESENTATION_STYLE_ASSIGNMENT((#19410));
#19410 = SURFACE_STYLE_USAGE(.BOTH.,#19411);
#19411 = SURFACE_SIDE_STYLE('',(#19412,#19415));
#19412 = SURFACE_STYLE_FILL_AREA(#19413);
#19413 = FILL_AREA_STYLE('',(#19414));
#19414 = FILL_AREA_STYLE_COLOUR('',#18529);
#19415 = SURFACE_STYLE_RENDERING_WITH_PROPERTIES(.NORMAL_SHADING.,#18529
  ,(#19416));
#19416 = SURFACE_STYLE_TRANSPARENT(0.100000023842);
#19417 = STYLED_ITEM('color',(#19418),#11099);
#19418 = PRESENTATION_STYLE_ASSIGNMENT((#19419));
#19419 = SURFACE_STYLE_USAGE(.BOTH.,#19420);
#19420 = SURFACE_SIDE_STYLE('',(#19421,#19424));
#19421 = SURFACE_STYLE_FILL_AREA(#19422);
#19422 = FILL_AREA_STYLE('',(#19423));
#19423 = FILL_AREA_STYLE_COLOUR('',#18529);
#19424 = SURFACE_STYLE_RENDERING_WITH_PROPERTIES(.NORMAL_SHADING.,#18529
  ,(#19425));
#19425 = SURFACE_STYLE_TRANSPARENT(0.100000023842);
#19426 = STYLED_ITEM('color',(#19427),#11454);
#19427 = PRESENTATION_STYLE_ASSIGNMENT((#19428));
#19428 = SURFACE_STYLE_USAGE(.BOTH.,#19429);
#19429 = SURFACE_SIDE_STYLE('',(#19430,#19433));
#19430 = SURFACE_STYLE_FILL_AREA(#19431);
#19431 = FILL_AREA_STYLE('',(#19432));
#19432 = FILL_AREA_STYLE_COLOUR('',#18529);
#19433 = SURFACE_STYLE_RENDERING_WITH_PROPERTIES(.NORMAL_SHADING.,#18529
  ,(#19434));
#19434 = SURFACE_STYLE_TRANSPARENT(0.100000023842);
#19435 = STYLED_ITEM('color',(#19436),#11817);
#19436 = PRESENTATION_STYLE_ASSIGNMENT((#19437));
#19437 = SURFACE_STYLE_USAGE(.BOTH.,#19438);
#19438 = SURFACE_SIDE_STYLE('',(#19439,#19442));
#19439 = SURFACE_STYLE_FILL_AREA(#19440);
#19440 = FILL_AREA_STYLE('',(#19441));
#19441 = FILL_AREA_STYLE_COLOUR('',#18529);
#19442 = SURFACE_STYLE_RENDERING_WITH_PROPERTIES(.NORMAL_SHADING.,#18529
  ,(#19443));
#19443 = SURFACE_STYLE_TRANSPARENT(0.100000023842);
#19444 = STYLED_ITEM('color',(#19445),#12329);
#19445 = PRESENTATION_STYLE_ASSIGNMENT((#19446));
#19446 = SURFACE_STYLE_USAGE(.BOTH.,#19447);
#19447 = SURFACE_SIDE_STYLE('',(#19448,#19451));
#19448 = SURFACE_STYLE_FILL_AREA(#19449);
#19449 = FILL_AREA_STYLE('',(#19450));
#19450 = FILL_AREA_STYLE_COLOUR('',#18529);
#19451 = SURFACE_STYLE_RENDERING_WITH_PROPERTIES(.NORMAL_SHADING.,#18529
  ,(#19452));
#19452 = SURFACE_STYLE_TRANSPARENT(0.100000023842);
#19453 = STYLED_ITEM('color',(#19454),#12706);
#19454 = PRESENTATION_STYLE_ASSIGNMENT((#19455));
#19455 = SURFACE_STYLE_USAGE(.BOTH.,#19456);
#19456 = SURFACE_SIDE_STYLE('',(#19457,#19460));
#19457 = SURFACE_STYLE_FILL_AREA(#19458);
#19458 = FILL_AREA_STYLE('',(#19459));
#19459 = FILL_AREA_STYLE_COLOUR('',#18529);
#19460 = SURFACE_STYLE_RENDERING_WITH_PROPERTIES(.NORMAL_SHADING.,#18529
  ,(#19461));
#19461 = SURFACE_STYLE_TRANSPARENT(0.100000023842);
#19462 = STYLED_ITEM('color',(#19463),#12964);
#19463 = PRESENTATION_STYLE_ASSIGNMENT((#19464));
#19464 = SURFACE_STYLE_USAGE(.BOTH.,#19465);
#19465 = SURFACE_SIDE_STYLE('',(#19466,#19469));
#19466 = SURFACE_STYLE_FILL_AREA(#19467);
#19467 = FILL_AREA_STYLE('',(#19468));
#19468 = FILL_AREA_STYLE_COLOUR('',#18529);
#19469 = SURFACE_STYLE_RENDERING_WITH_PROPERTIES(.NORMAL_SHADING.,#18529
  ,(#19470));
#19470 = SURFACE_STYLE_TRANSPARENT(0.100000023842);
#19471 = STYLED_ITEM('color',(#19472),#13216);
#19472 = PRESENTATION_STYLE_ASSIGNMENT((#19473));
#19473 = SURFACE_STYLE_USAGE(.BOTH.,#19474);
#19474 = SURFACE_SIDE_STYLE('',(#19475,#19478));
#19475 = SURFACE_STYLE_FILL_AREA(#19476);
#19476 = FILL_AREA_STYLE('',(#19477));
#19477 = FILL_AREA_STYLE_COLOUR('',#18529);
#19478 = SURFACE_STYLE_RENDERING_WITH_PROPERTIES(.NORMAL_SHADING.,#18529
  ,(#19479));
#19479 = SURFACE_STYLE_TRANSPARENT(0.100000023842);
#19480 = STYLED_ITEM('color',(#19481),#13394);
#19481 = PRESENTATION_STYLE_ASSIGNMENT((#19482));
#19482 = SURFACE_STYLE_USAGE(.BOTH.,#19483);
#19483 = SURFACE_SIDE_STYLE('',(#19484,#19487));
#19484 = SURFACE_STYLE_FILL_AREA(#19485);
#19485 = FILL_AREA_STYLE('',(#19486));
#19486 = FILL_AREA_STYLE_COLOUR('',#18529);
#19487 = SURFACE_STYLE_RENDERING_WITH_PROPERTIES(.NORMAL_SHADING.,#18529
  ,(#19488));
#19488 = SURFACE_STYLE_TRANSPARENT(0.100000023842);
#19489 = STYLED_ITEM('color',(#19490),#13550);
#19490 = PRESENTATION_STYLE_ASSIGNMENT((#19491));
#19491 = SURFACE_STYLE_USAGE(.BOTH.,#19492);
#19492 = SURFACE_SIDE_STYLE('',(#19493,#19496));
#19493 = SURFACE_STYLE_FILL_AREA(#19494);
#19494 = FILL_AREA_STYLE('',(#19495));
#19495 = FILL_AREA_STYLE_COLOUR('',#18529);
#19496 = SURFACE_STYLE_RENDERING_WITH_PROPERTIES(.NORMAL_SHADING.,#18529
  ,(#19497));
#19497 = SURFACE_STYLE_TRANSPARENT(0.100000023842);
#19498 = STYLED_ITEM('color',(#19499),#13706);
#19499 = PRESENTATION_STYLE_ASSIGNMENT((#19500));
#19500 = SURFACE_STYLE_USAGE(.BOTH.,#19501);
#19501 = SURFACE_SIDE_STYLE('',(#19502,#19505));
#19502 = SURFACE_STYLE_FILL_AREA(#19503);
#19503 = FILL_AREA_STYLE('',(#19504));
#19504 = FILL_AREA_STYLE_COLOUR('',#18529);
#19505 = SURFACE_STYLE_RENDERING_WITH_PROPERTIES(.NORMAL_SHADING.,#18529
  ,(#19506));
#19506 = SURFACE_STYLE_TRANSPARENT(0.100000023842);
#19507 = STYLED_ITEM('color',(#19508),#13788);
#19508 = PRESENTATION_STYLE_ASSIGNMENT((#19509));
#19509 = SURFACE_STYLE_USAGE(.BOTH.,#19510);
#19510 = SURFACE_SIDE_STYLE('',(#19511,#19514));
#19511 = SURFACE_STYLE_FILL_AREA(#19512);
#19512 = FILL_AREA_STYLE('',(#19513));
#19513 = FILL_AREA_STYLE_COLOUR('',#18529);
#19514 = SURFACE_STYLE_RENDERING_WITH_PROPERTIES(.NORMAL_SHADING.,#18529
  ,(#19515));
#19515 = SURFACE_STYLE_TRANSPARENT(0.100000023842);
#19516 = STYLED_ITEM('color',(#19517),#13862);
#19517 = PRESENTATION_STYLE_ASSIGNMENT((#19518));
#19518 = SURFACE_STYLE_USAGE(.BOTH.,#19519);
#19519 = SURFACE_SIDE_STYLE('',(#19520,#19523));
#19520 = SURFACE_STYLE_FILL_AREA(#19521);
#19521 = FILL_AREA_STYLE('',(#19522));
#19522 = FILL_AREA_STYLE_COLOUR('',#18529);
#19523 = SURFACE_STYLE_RENDERING_WITH_PROPERTIES(.NORMAL_SHADING.,#18529
  ,(#19524));
#19524 = SURFACE_STYLE_TRANSPARENT(0.100000023842);
#19525 = STYLED_ITEM('color',(#19526),#13940);
#19526 = PRESENTATION_STYLE_ASSIGNMENT((#19527));
#19527 = SURFACE_STYLE_USAGE(.BOTH.,#19528);
#19528 = SURFACE_SIDE_STYLE('',(#19529,#19532));
#19529 = SURFACE_STYLE_FILL_AREA(#19530);
#19530 = FILL_AREA_STYLE('',(#19531));
#19531 = FILL_AREA_STYLE_COLOUR('',#18529);
#19532 = SURFACE_STYLE_RENDERING_WITH_PROPERTIES(.NORMAL_SHADING.,#18529
  ,(#19533));
#19533 = SURFACE_STYLE_TRANSPARENT(0.100000023842);
#19534 = STYLED_ITEM('color',(#19535),#14018);
#19535 = PRESENTATION_STYLE_ASSIGNMENT((#19536));
#19536 = SURFACE_STYLE_USAGE(.BOTH.,#19537);
#19537 = SURFACE_SIDE_STYLE('',(#19538,#19541));
#19538 = SURFACE_STYLE_FILL_AREA(#19539);
#19539 = FILL_AREA_STYLE('',(#19540));
#19540 = FILL_AREA_STYLE_COLOUR('',#18529);
#19541 = SURFACE_STYLE_RENDERING_WITH_PROPERTIES(.NORMAL_SHADING.,#18529
  ,(#19542));
#19542 = SURFACE_STYLE_TRANSPARENT(0.100000023842);
#19543 = STYLED_ITEM('color',(#19544),#14060);
#19544 = PRESENTATION_STYLE_ASSIGNMENT((#19545));
#19545 = SURFACE_STYLE_USAGE(.BOTH.,#19546);
#19546 = SURFACE_SIDE_STYLE('',(#19547,#19550));
#19547 = SURFACE_STYLE_FILL_AREA(#19548);
#19548 = FILL_AREA_STYLE('',(#19549));
#19549 = FILL_AREA_STYLE_COLOUR('',#18529);
#19550 = SURFACE_STYLE_RENDERING_WITH_PROPERTIES(.NORMAL_SHADING.,#18529
  ,(#19551));
#19551 = SURFACE_STYLE_TRANSPARENT(0.100000023842);
#19552 = STYLED_ITEM('color',(#19553),#14227);
#19553 = PRESENTATION_STYLE_ASSIGNMENT((#19554));
#19554 = SURFACE_STYLE_USAGE(.BOTH.,#19555);
#19555 = SURFACE_SIDE_STYLE('',(#19556,#19559));
#19556 = SURFACE_STYLE_FILL_AREA(#19557);
#19557 = FILL_AREA_STYLE('',(#19558));
#19558 = FILL_AREA_STYLE_COLOUR('',#18529);
#19559 = SURFACE_STYLE_RENDERING_WITH_PROPERTIES(.NORMAL_SHADING.,#18529
  ,(#19560));
#19560 = SURFACE_STYLE_TRANSPARENT(0.100000023842);
#19561 = STYLED_ITEM('color',(#19562),#14369);
#19562 = PRESENTATION_STYLE_ASSIGNMENT((#19563));
#19563 = SURFACE_STYLE_USAGE(.BOTH.,#19564);
#19564 = SURFACE_SIDE_STYLE('',(#19565,#19568));
#19565 = SURFACE_STYLE_FILL_AREA(#19566);
#19566 = FILL_AREA_STYLE('',(#19567));
#19567 = FILL_AREA_STYLE_COLOUR('',#18529);
#19568 = SURFACE_STYLE_RENDERING_WITH_PROPERTIES(.NORMAL_SHADING.,#18529
  ,(#19569));
#19569 = SURFACE_STYLE_TRANSPARENT(0.100000023842);
#19570 = STYLED_ITEM('color',(#19571),#14576);
#19571 = PRESENTATION_STYLE_ASSIGNMENT((#19572));
#19572 = SURFACE_STYLE_USAGE(.BOTH.,#19573);
#19573 = SURFACE_SIDE_STYLE('',(#19574,#19577));
#19574 = SURFACE_STYLE_FILL_AREA(#19575);
#19575 = FILL_AREA_STYLE('',(#19576));
#19576 = FILL_AREA_STYLE_COLOUR('',#18529);
#19577 = SURFACE_STYLE_RENDERING_WITH_PROPERTIES(.NORMAL_SHADING.,#18529
  ,(#19578));
#19578 = SURFACE_STYLE_TRANSPARENT(0.100000023842);
#19579 = STYLED_ITEM('color',(#19580),#14783);
#19580 = PRESENTATION_STYLE_ASSIGNMENT((#19581));
#19581 = SURFACE_STYLE_USAGE(.BOTH.,#19582);
#19582 = SURFACE_SIDE_STYLE('',(#19583,#19586));
#19583 = SURFACE_STYLE_FILL_AREA(#19584);
#19584 = FILL_AREA_STYLE('',(#19585));
#19585 = FILL_AREA_STYLE_COLOUR('',#18529);
#19586 = SURFACE_STYLE_RENDERING_WITH_PROPERTIES(.NORMAL_SHADING.,#18529
  ,(#19587));
#19587 = SURFACE_STYLE_TRANSPARENT(0.100000023842);
#19588 = STYLED_ITEM('color',(#19589),#14861);
#19589 = PRESENTATION_STYLE_ASSIGNMENT((#19590));
#19590 = SURFACE_STYLE_USAGE(.BOTH.,#19591);
#19591 = SURFACE_SIDE_STYLE('',(#19592,#19595));
#19592 = SURFACE_STYLE_FILL_AREA(#19593);
#19593 = FILL_AREA_STYLE('',(#19594));
#19594 = FILL_AREA_STYLE_COLOUR('',#18529);
#19595 = SURFACE_STYLE_RENDERING_WITH_PROPERTIES(.NORMAL_SHADING.,#18529
  ,(#19596));
#19596 = SURFACE_STYLE_TRANSPARENT(0.100000023842);
#19597 = STYLED_ITEM('color',(#19598),#14939);
#19598 = PRESENTATION_STYLE_ASSIGNMENT((#19599));
#19599 = SURFACE_STYLE_USAGE(.BOTH.,#19600);
#19600 = SURFACE_SIDE_STYLE('',(#19601,#19604));
#19601 = SURFACE_STYLE_FILL_AREA(#19602);
#19602 = FILL_AREA_STYLE('',(#19603));
#19603 = FILL_AREA_STYLE_COLOUR('',#18529);
#19604 = SURFACE_STYLE_RENDERING_WITH_PROPERTIES(.NORMAL_SHADING.,#18529
  ,(#19605));
#19605 = SURFACE_STYLE_TRANSPARENT(0.100000023842);
#19606 = STYLED_ITEM('color',(#19607),#15041);
#19607 = PRESENTATION_STYLE_ASSIGNMENT((#19608));
#19608 = SURFACE_STYLE_USAGE(.BOTH.,#19609);
#19609 = SURFACE_SIDE_STYLE('',(#19610,#19613));
#19610 = SURFACE_STYLE_FILL_AREA(#19611);
#19611 = FILL_AREA_STYLE('',(#19612));
#19612 = FILL_AREA_STYLE_COLOUR('',#18529);
#19613 = SURFACE_STYLE_RENDERING_WITH_PROPERTIES(.NORMAL_SHADING.,#18529
  ,(#19614));
#19614 = SURFACE_STYLE_TRANSPARENT(0.100000023842);
#19615 = STYLED_ITEM('color',(#19616),#15143);
#19616 = PRESENTATION_STYLE_ASSIGNMENT((#19617));
#19617 = SURFACE_STYLE_USAGE(.BOTH.,#19618);
#19618 = SURFACE_SIDE_STYLE('',(#19619,#19622));
#19619 = SURFACE_STYLE_FILL_AREA(#19620);
#19620 = FILL_AREA_STYLE('',(#19621));
#19621 = FILL_AREA_STYLE_COLOUR('',#18529);
#19622 = SURFACE_STYLE_RENDERING_WITH_PROPERTIES(.NORMAL_SHADING.,#18529
  ,(#19623));
#19623 = SURFACE_STYLE_TRANSPARENT(0.100000023842);
#19624 = STYLED_ITEM('color',(#19625),#15310);
#19625 = PRESENTATION_STYLE_ASSIGNMENT((#19626));
#19626 = SURFACE_STYLE_USAGE(.BOTH.,#19627);
#19627 = SURFACE_SIDE_STYLE('',(#19628,#19631));
#19628 = SURFACE_STYLE_FILL_AREA(#19629);
#19629 = FILL_AREA_STYLE('',(#19630));
#19630 = FILL_AREA_STYLE_COLOUR('',#18529);
#19631 = SURFACE_STYLE_RENDERING_WITH_PROPERTIES(.NORMAL_SHADING.,#18529
  ,(#19632));
#19632 = SURFACE_STYLE_TRANSPARENT(0.100000023842);
#19633 = STYLED_ITEM('color',(#19634),#15452);
#19634 = PRESENTATION_STYLE_ASSIGNMENT((#19635));
#19635 = SURFACE_STYLE_USAGE(.BOTH.,#19636);
#19636 = SURFACE_SIDE_STYLE('',(#19637,#19640));
#19637 = SURFACE_STYLE_FILL_AREA(#19638);
#19638 = FILL_AREA_STYLE('',(#19639));
#19639 = FILL_AREA_STYLE_COLOUR('',#18529);
#19640 = SURFACE_STYLE_RENDERING_WITH_PROPERTIES(.NORMAL_SHADING.,#18529
  ,(#19641));
#19641 = SURFACE_STYLE_TRANSPARENT(0.100000023842);
#19642 = STYLED_ITEM('color',(#19643),#15623);
#19643 = PRESENTATION_STYLE_ASSIGNMENT((#19644));
#19644 = SURFACE_STYLE_USAGE(.BOTH.,#19645);
#19645 = SURFACE_SIDE_STYLE('',(#19646,#19649));
#19646 = SURFACE_STYLE_FILL_AREA(#19647);
#19647 = FILL_AREA_STYLE('',(#19648));
#19648 = FILL_AREA_STYLE_COLOUR('',#18529);
#19649 = SURFACE_STYLE_RENDERING_WITH_PROPERTIES(.NORMAL_SHADING.,#18529
  ,(#19650));
#19650 = SURFACE_STYLE_TRANSPARENT(0.100000023842);
#19651 = STYLED_ITEM('color',(#19652),#15794);
#19652 = PRESENTATION_STYLE_ASSIGNMENT((#19653));
#19653 = SURFACE_STYLE_USAGE(.BOTH.,#19654);
#19654 = SURFACE_SIDE_STYLE('',(#19655,#19658));
#19655 = SURFACE_STYLE_FILL_AREA(#19656);
#19656 = FILL_AREA_STYLE('',(#19657));
#19657 = FILL_AREA_STYLE_COLOUR('',#18529);
#19658 = SURFACE_STYLE_RENDERING_WITH_PROPERTIES(.NORMAL_SHADING.,#18529
  ,(#19659));
#19659 = SURFACE_STYLE_TRANSPARENT(0.100000023842);
#19660 = STYLED_ITEM('color',(#19661),#15838);
#19661 = PRESENTATION_STYLE_ASSIGNMENT((#19662));
#19662 = SURFACE_STYLE_USAGE(.BOTH.,#19663);
#19663 = SURFACE_SIDE_STYLE('',(#19664,#19667));
#19664 = SURFACE_STYLE_FILL_AREA(#19665);
#19665 = FILL_AREA_STYLE('',(#19666));
#19666 = FILL_AREA_STYLE_COLOUR('',#18529);
#19667 = SURFACE_STYLE_RENDERING_WITH_PROPERTIES(.NORMAL_SHADING.,#18529
  ,(#19668));
#19668 = SURFACE_STYLE_TRANSPARENT(0.100000023842);
#19669 = STYLED_ITEM('color',(#19670),#15882);
#19670 = PRESENTATION_STYLE_ASSIGNMENT((#19671));
#19671 = SURFACE_STYLE_USAGE(.BOTH.,#19672);
#19672 = SURFACE_SIDE_STYLE('',(#19673,#19676));
#19673 = SURFACE_STYLE_FILL_AREA(#19674);
#19674 = FILL_AREA_STYLE('',(#19675));
#19675 = FILL_AREA_STYLE_COLOUR('',#18529);
#19676 = SURFACE_STYLE_RENDERING_WITH_PROPERTIES(.NORMAL_SHADING.,#18529
  ,(#19677));
#19677 = SURFACE_STYLE_TRANSPARENT(0.100000023842);
#19678 = STYLED_ITEM('color',(#19679),#15926);
#19679 = PRESENTATION_STYLE_ASSIGNMENT((#19680));
#19680 = SURFACE_STYLE_USAGE(.BOTH.,#19681);
#19681 = SURFACE_SIDE_STYLE('',(#19682,#19685));
#19682 = SURFACE_STYLE_FILL_AREA(#19683);
#19683 = FILL_AREA_STYLE('',(#19684));
#19684 = FILL_AREA_STYLE_COLOUR('',#18529);
#19685 = SURFACE_STYLE_RENDERING_WITH_PROPERTIES(.NORMAL_SHADING.,#18529
  ,(#19686));
#19686 = SURFACE_STYLE_TRANSPARENT(0.100000023842);
#19687 = STYLED_ITEM('color',(#19688),#15970);
#19688 = PRESENTATION_STYLE_ASSIGNMENT((#19689));
#19689 = SURFACE_STYLE_USAGE(.BOTH.,#19690);
#19690 = SURFACE_SIDE_STYLE('',(#19691,#19694));
#19691 = SURFACE_STYLE_FILL_AREA(#19692);
#19692 = FILL_AREA_STYLE('',(#19693));
#19693 = FILL_AREA_STYLE_COLOUR('',#18529);
#19694 = SURFACE_STYLE_RENDERING_WITH_PROPERTIES(.NORMAL_SHADING.,#18529
  ,(#19695));
#19695 = SURFACE_STYLE_TRANSPARENT(0.100000023842);
#19696 = STYLED_ITEM('color',(#19697),#16121);
#19697 = PRESENTATION_STYLE_ASSIGNMENT((#19698));
#19698 = SURFACE_STYLE_USAGE(.BOTH.,#19699);
#19699 = SURFACE_SIDE_STYLE('',(#19700,#19703));
#19700 = SURFACE_STYLE_FILL_AREA(#19701);
#19701 = FILL_AREA_STYLE('',(#19702));
#19702 = FILL_AREA_STYLE_COLOUR('',#18529);
#19703 = SURFACE_STYLE_RENDERING_WITH_PROPERTIES(.NORMAL_SHADING.,#18529
  ,(#19704));
#19704 = SURFACE_STYLE_TRANSPARENT(0.100000023842);
#19705 = STYLED_ITEM('color',(#19706),#16315);
#19706 = PRESENTATION_STYLE_ASSIGNMENT((#19707));
#19707 = SURFACE_STYLE_USAGE(.BOTH.,#19708);
#19708 = SURFACE_SIDE_STYLE('',(#19709,#19712));
#19709 = SURFACE_STYLE_FILL_AREA(#19710);
#19710 = FILL_AREA_STYLE('',(#19711));
#19711 = FILL_AREA_STYLE_COLOUR('',#18529);
#19712 = SURFACE_STYLE_RENDERING_WITH_PROPERTIES(.NORMAL_SHADING.,#18529
  ,(#19713));
#19713 = SURFACE_STYLE_TRANSPARENT(0.100000023842);
#19714 = STYLED_ITEM('color',(#19715),#16466);
#19715 = PRESENTATION_STYLE_ASSIGNMENT((#19716));
#19716 = SURFACE_STYLE_USAGE(.BOTH.,#19717);
#19717 = SURFACE_SIDE_STYLE('',(#19718,#19721));
#19718 = SURFACE_STYLE_FILL_AREA(#19719);
#19719 = FILL_AREA_STYLE('',(#19720));
#19720 = FILL_AREA_STYLE_COLOUR('',#18529);
#19721 = SURFACE_STYLE_RENDERING_WITH_PROPERTIES(.NORMAL_SHADING.,#18529
  ,(#19722));
#19722 = SURFACE_STYLE_TRANSPARENT(0.100000023842);
ENDSEC;
END-ISO-10303-21;
